npi,name,category,specialty,address,city,state,zip,phone,last_updated,affordability,source
1023626090,1 Family Clinic Llc,Other care,,,Tempe,AZ,85284,9545472824,2020-08-20,Not stated in NPPES — call to verify,CMS NPPES via Affine
1396128229,12 Steps For Christian Living,Behavioral health,,,Tempe,AZ,85283,4808311212,2015-07-09,Not stated in NPPES — call to verify,CMS NPPES via Affine
1184951295,"180 Medical, Inc.",Other care,,,Tempe,AZ,85282,4085846638,2022-07-22,Not stated in NPPES — call to verify,CMS NPPES via Affine
1477324291,1918 Winter Street Operating Co Llc,Pharmacy,Community/Retail Pharmacy,,Tempe,AZ,85284,4807551944,2024-07-24,Not stated in NPPES — call to verify,CMS NPPES via Affine
1427829522,1918 Winter Street Operating Co Llc,Pharmacy,Community/Retail Pharmacy,,Tempe,AZ,85282,4802811016,2024-07-24,Not stated in NPPES — call to verify,CMS NPPES via Affine
1811244601,19th Avenue Clinic Llc,Clinic / primary care,Urgent Care,,Tempe,AZ,85284,4804560444,2012-08-10,Not stated in NPPES — call to verify,CMS NPPES via Affine
1750032629,1st American Dental,Dental,General Practice,,Tempe,AZ,85282,4806872266,2022-01-12,Not stated in NPPES — call to verify,CMS NPPES via Affine
1629188479,2020 Image Tempe,Other care,,,Tempe,AZ,85282,4809675710,2011-11-04,Not stated in NPPES — call to verify,CMS NPPES via Affine
1801260575,360 Physical Therapy Llc,Other care,,,Tempe,AZ,85281,4808211997,2022-06-20,Not stated in NPPES — call to verify,CMS NPPES via Affine
1851764377,360 Physical Therapy Llc,Other care,,,Tempe,AZ,85281,4808211997,2022-06-20,Not stated in NPPES — call to verify,CMS NPPES via Affine
1508373358,"3d Integrated Medical, Llc",Clinic / primary care,Family,,Tempe,AZ,85282,4804563703,2018-01-02,Not stated in NPPES — call to verify,CMS NPPES via Affine
1649108200,4th Trimester Arizona,Other care,,,Tempe,AZ,85284,4804428491,2026-05-12,Not stated in NPPES — call to verify,CMS NPPES via Affine
1932737798,5 Star Med Trans,Other care,,,Tempe,AZ,85281,5054350676,2020-04-02,Not stated in NPPES — call to verify,CMS NPPES via Affine
1679054886,"924 Holdings, Inc",Other care,,,Tempe,AZ,85281,4808228216,2018-08-25,Not stated in NPPES — call to verify,CMS NPPES via Affine
1699374249,95skers Pllc,Other care,,,Tempe,AZ,85282,4804252160,2020-10-23,Not stated in NPPES — call to verify,CMS NPPES via Affine
1225274913,"A & N Sunvalley Dental Center, Inc.",Other care,,"960 W UNIVERSITY DR, STE. #115",Tempe,AZ,85281,4809213811,2008-12-30,Not stated in NPPES — call to verify,CMS NPPES via Affine
1922773340,A Circle Together Llc,Other care,,,Tempe,AZ,85282,6026686601,2021-08-09,Not stated in NPPES — call to verify,CMS NPPES via Affine
1538823414,A New Journey Counseling Services Llc,Behavioral health,Mental Health (Including Community Mental Health Center),,Tempe,AZ,85282,6028889167,2021-10-26,Not stated in NPPES — call to verify,CMS NPPES via Affine
1760111835,A New Start Recovery And Treatment Center,Behavioral health,Mental Health (Including Community Mental Health Center),,Tempe,AZ,85281,7257779971,2023-02-01,Not stated in NPPES — call to verify,CMS NPPES via Affine
1861106676,A Path To Tranquility Living,Clinic / primary care,"Rehabilitation, Substance Use Disorder",,Tempe,AZ,85283,4802761692,2026-08-21,Not stated in NPPES — call to verify,CMS NPPES via Affine
1760084255,A Perfect Smile Llc,Clinic / primary care,Dental,,Tempe,AZ,85283,6024851588,2025-10-01,Not stated in NPPES — call to verify,CMS NPPES via Affine
1124393947,A Plus Home Health Services Llc,Other care,,"1631 E GUADALUPE RD, STE 200",Tempe,AZ,85283,4809176994,2015-10-26,Not stated in NPPES — call to verify,CMS NPPES via Affine
1023441441,A Plus Medical Transpportation,Other care,,,Tempe,AZ,85282,6023734960,2013-08-21,Not stated in NPPES — call to verify,CMS NPPES via Affine
1619541091,A Starr Innovations Llc,Behavioral health,Mental Health (Including Community Mental Health Center),,Tempe,AZ,85282,2198102407,2022-12-06,Not stated in NPPES — call to verify,CMS NPPES via Affine
1902440803,A&N Orion Llc,Clinic / primary care,Dental,,Tempe,AZ,85282,4805974163,2019-11-04,Not stated in NPPES — call to verify,CMS NPPES via Affine
1881332120,"A'lasia Atkins, Rbt",Behavioral health,,,Tempe,AZ,85284,4806720536,2022-05-26,Not stated in NPPES — call to verify,CMS NPPES via Affine
1962788331,"A-1 Orthopedic, Llc",Other care,,"2501 E SOUTHERN AVE, SUITE 1",Tempe,AZ,85282,4802997908,2012-07-24,Not stated in NPPES — call to verify,CMS NPPES via Affine
1619231743,A1 Medical Transportation Llc,Other care,,,Tempe,AZ,85281,6026979008,2012-07-03,Not stated in NPPES — call to verify,CMS NPPES via Affine
1346934437,Aaa Integrated Health,Behavioral health,Addiction (Substance Use Disorder),,Tempe,AZ,85281,6028496500,2023-06-02,Not stated in NPPES — call to verify,CMS NPPES via Affine
1417456419,"Aama Conscious Psychological Services, Pllc",Behavioral health,Clinical,,Tempe,AZ,85282,4804186044,2018-02-05,Not stated in NPPES — call to verify,CMS NPPES via Affine
1407463078,Aaron Bachler,Behavioral health,Mental Health,,Tempe,AZ,85283,6025025069,2020-09-28,Not stated in NPPES — call to verify,CMS NPPES via Affine
1790728681,"Aaron D Krasnow, Phd",Behavioral health,Clinical,"1150 S. FOREST, #334",Tempe,AZ,85287,4809656147,2026-07-13,Not stated in NPPES — call to verify,CMS NPPES via Affine
1194553305,"Aaron M Gayda, Lmt",Other care,,,Tempe,AZ,85282,4804695252,2024-07-22,Not stated in NPPES — call to verify,CMS NPPES via Affine
1144717661,Aba Learn And Play,Behavioral health,,,Tempe,AZ,85284,4802834674,2026-04-21,Not stated in NPPES — call to verify,CMS NPPES via Affine
1801160007,Abbie Tavizon,Behavioral health,,,Tempe,AZ,85283,4808396000,2024-01-29,Not stated in NPPES — call to verify,CMS NPPES via Affine
1417789736,"Abby Bailly, Msw, Lcsw",Behavioral health,Clinical,,Tempe,AZ,85282,4808083672,2024-08-19,Not stated in NPPES — call to verify,CMS NPPES via Affine
1942680822,Abby Lederer,Other care,,"4645 S LAKESHORE DR, SUITE 7",Tempe,AZ,85282,6024561443,2015-06-04,Not stated in NPPES — call to verify,CMS NPPES via Affine
1548175367,"Abby Zmolek, M.Ed., Ed.S.",Behavioral health,School,,Tempe,AZ,85288,4807272435,2026-08-17,Not stated in NPPES — call to verify,CMS NPPES via Affine
1831888031,Abdelalah Ramram,Other care,,,Tempe,AZ,85283,4809554858,2023-05-03,Not stated in NPPES — call to verify,CMS NPPES via Affine
1255114773,Abdullah Laboratories,Clinic / primary care,,,Tempe,AZ,85283,4805778164,2024-10-09,Not stated in NPPES — call to verify,CMS NPPES via Affine
1346877396,Abdullahi Jama,Other care,,,Tempe,AZ,85281,3109076365,2020-03-26,Not stated in NPPES — call to verify,CMS NPPES via Affine
1346004975,"Abigail Castro, Rbt",Behavioral health,,,Tempe,AZ,85284,8557728847,2026-09-02,Not stated in NPPES — call to verify,CMS NPPES via Affine
1972281897,"Abigail Elizabeth Landrum, Lac",Behavioral health,Professional,,Tempe,AZ,85282,4808040326,2026-06-25,Not stated in NPPES — call to verify,CMS NPPES via Affine
1518655307,Abigail Mae Anderson,Other care,,,Tempe,AZ,85284,4803744341,2023-07-08,Not stated in NPPES — call to verify,CMS NPPES via Affine
1740420421,"Abigail Rothe Purvis, Dpt",Other care,,,Tempe,AZ,85282,4802220655,2025-04-21,Not stated in NPPES — call to verify,CMS NPPES via Affine
1164753091,"Abigail S. Wool - Biringer, Otr/L",Other care,,,Tempe,AZ,85282,4804560719,2018-05-09,Not stated in NPPES — call to verify,CMS NPPES via Affine
1710841622,Abigail Stayner,Behavioral health,,,Tempe,AZ,85283,4804855001,2025-12-15,Not stated in NPPES — call to verify,CMS NPPES via Affine
1952163487,Abigail Verdugo,Behavioral health,Clinical,,Tempe,AZ,85282,4809236200,2024-01-30,Not stated in NPPES — call to verify,CMS NPPES via Affine
1619675600,Abloom Health Care,Other care,,,Tempe,AZ,85284,4805900020,2023-10-06,Not stated in NPPES — call to verify,CMS NPPES via Affine
1861181521,Aboudis Trans And Limo Llc,Other care,,,Tempe,AZ,85283,6237078888,2023-05-08,Not stated in NPPES — call to verify,CMS NPPES via Affine
1720809692,Above All Plights Home Services,Other care,,,Tempe,AZ,85281,4807033743,2024-10-22,Not stated in NPPES — call to verify,CMS NPPES via Affine
1801335955,Abrar Trans Llc,Other care,,,Tempe,AZ,85282,3362556578,2017-02-21,Not stated in NPPES — call to verify,CMS NPPES via Affine
1427640028,Absolute Hcbs,Other care,,,Tempe,AZ,85282,6238064040,2021-02-05,Not stated in NPPES — call to verify,CMS NPPES via Affine
1609655653,Absolute Personal Care Llc,Other care,Personal Care Attendant,,Tempe,AZ,85282,7028619975,2023-09-27,Not stated in NPPES — call to verify,CMS NPPES via Affine
1851089510,Abubaker Elamin,Other care,,,Tempe,AZ,85283,4808030788,2023-04-28,Not stated in NPPES — call to verify,CMS NPPES via Affine
1881316479,Abundance Counseling Services Pllc,Behavioral health,Mental Health (Including Community Mental Health Center),,Tempe,AZ,85282,6028424840,2022-09-12,Not stated in NPPES — call to verify,CMS NPPES via Affine
1891907630,Acacia Dental,Clinic / primary care,Dental,"7517 S. MCCLINTOCK DR., SUITE 1006",Tempe,AZ,85283,4808317775,2008-07-25,Not stated in NPPES — call to verify,CMS NPPES via Affine
1295245249,"Acaria Home Health, Llc.",Other care,,,Tempe,AZ,85281,4809304533,2017-10-04,Not stated in NPPES — call to verify,CMS NPPES via Affine
1104123116,Accel,Other care,,,Tempe,AZ,85283,6029267200,2017-04-12,Not stated in NPPES — call to verify,CMS NPPES via Affine
1740715952,"Accelerated Rehabilitation Centers Of Phoenix,Llc",Other care,,"3141 S MCCLINTOCK DR, SUITE 2",Tempe,AZ,85282,4805668125,2017-04-25,Not stated in NPPES — call to verify,CMS NPPES via Affine
1023621745,Accountability Care Services Llc,Other care,,,Tempe,AZ,85283,4809257118,2020-08-24,Not stated in NPPES — call to verify,CMS NPPES via Affine
1629029251,Accredo Health Group Inc,Pharmacy,,"2040 W RIO SALADO PKWY, SUITE 101B",Tempe,AZ,85281,6029441199,2026-05-06,Not stated in NPPES — call to verify,CMS NPPES via Affine
1730612953,"Accredo Health Group, Inc.",Pharmacy,,"2040 W RIO SALADO PKWY, STE 101B",Tempe,AZ,85281,6029441199,2025-12-05,Not stated in NPPES — call to verify,CMS NPPES via Affine
1447199641,Accurate Llc,Other care,,,Tempe,AZ,85284,3039313526,2026-03-25,Not stated in NPPES — call to verify,CMS NPPES via Affine
1558012021,"Achieve More Sports And Wellness, Pllc",Clinic / primary care,Primary Care,,Tempe,AZ,85283,4808460688,2026-05-07,Not stated in NPPES — call to verify,CMS NPPES via Affine
1770284606,"Achieving Better Coping Skills, Llc",Other care,,,Tempe,AZ,85281,4806332727,2023-03-16,Not stated in NPPES — call to verify,CMS NPPES via Affine
1063695252,Actinodermatology Ltd,Other care,,"2600 E SOUTHERN AVE, #A-2",Tempe,AZ,85282,4808391767,2010-04-01,Not stated in NPPES — call to verify,CMS NPPES via Affine
1518146224,"Active Care Chiropractic, Inc.",Clinic / primary care,,,Tempe,AZ,85282,4807566044,2007-10-30,Not stated in NPPES — call to verify,CMS NPPES via Affine
1336520964,Active Family Chiropractic Pllc,Other care,,"2121 S MILL AVE, SUITE 212",Tempe,AZ,85282,6027129444,2015-06-09,Not stated in NPPES — call to verify,CMS NPPES via Affine
1871775973,Acuvision Inc.,Other care,Optician,"1726 E SOUTHERN AVE, SUITE 6",Tempe,AZ,85282,4808393711,2007-11-29,Not stated in NPPES — call to verify,CMS NPPES via Affine
1285571406,Adalynn Marie Melecio,Behavioral health,,,Tempe,AZ,85283,4809020771,2026-05-04,Not stated in NPPES — call to verify,CMS NPPES via Affine
1588669584,"Adam Brett Alperin, Md",Other care,,"6301 S. MCCLINTOCK DR. #215, KIRSTEN SORENSEN",Tempe,AZ,85283,4808206657,2018-09-05,Not stated in NPPES — call to verify,CMS NPPES via Affine
1003539099,"Adam Christopher Heying, Dc",Other care,,,Tempe,AZ,85284,4806649443,2023-02-28,Not stated in NPPES — call to verify,CMS NPPES via Affine
1013432418,"Adam Cirpili, Pharmd",Pharmacy,,,Tempe,AZ,85282,4805570970,2017-08-07,Not stated in NPPES — call to verify,CMS NPPES via Affine
1447725189,Adam Craig Turner,Clinic / primary care,Medical,,Tempe,AZ,85284,4804543561,2023-12-21,Not stated in NPPES — call to verify,CMS NPPES via Affine
1851609192,Adam J Farber Md Plc,Other care,,"1215 W RIO SALADO PKWY, SUITE 105",Tempe,AZ,85281,4802193342,2015-05-04,Not stated in NPPES — call to verify,CMS NPPES via Affine
1982037222,Adam Joseph Gendreau,Other care,Speech-Language Assistant,,Tempe,AZ,85284,4806345440,2013-08-09,Not stated in NPPES — call to verify,CMS NPPES via Affine
1437654829,"Adam Myers-White, Md",Other care,,,Tempe,AZ,85282,4804252160,2025-01-28,Not stated in NPPES — call to verify,CMS NPPES via Affine
1083168843,"Adam Stehlin, D.P.T.",Other care,,,Tempe,AZ,85284,4807851765,2016-08-10,Not stated in NPPES — call to verify,CMS NPPES via Affine
1174014237,"Adam T Carter, Pmhnp",Behavioral health,Psychiatric/Mental Health,,Tempe,AZ,85282,4808040326,2018-05-24,Not stated in NPPES — call to verify,CMS NPPES via Affine
1568155950,Adams Home Care Llc,Other care,,,Tempe,AZ,85282,4806696069,2023-05-31,Not stated in NPPES — call to verify,CMS NPPES via Affine
1609563204,Addison Behavioral Services,Other care,Psychiatry,,Tempe,AZ,85281,8177346325,2023-04-24,Not stated in NPPES — call to verify,CMS NPPES via Affine
1407562879,Adela Gonzalez Gibson,Behavioral health,,,Tempe,AZ,85281,8552237123,2023-01-27,Not stated in NPPES — call to verify,CMS NPPES via Affine
1093584427,"Adelina Cuevas, M.A., Bcba",Behavioral health,,,Tempe,AZ,85284,8557728847,2025-05-02,Not stated in NPPES — call to verify,CMS NPPES via Affine
1396378873,"Adewusi Samson Keshinro, Lpn",Other care,,,Tempe,AZ,85282,2152940792,2020-02-12,Not stated in NPPES — call to verify,CMS NPPES via Affine
1285464883,Adhikar Dhakal,Dental,,,Tempe,AZ,85281,6235844746,2024-08-07,Not stated in NPPES — call to verify,CMS NPPES via Affine
1992110753,"Adhirath Doshi, M.D.",Clinic / primary care,Cardiovascular Disease,,Tempe,AZ,85283,4803450034,2025-06-04,Not stated in NPPES — call to verify,CMS NPPES via Affine
1235802364,"Adia Orozco, Rbt",Behavioral health,,,Tempe,AZ,85284,4806720536,2021-07-26,Not stated in NPPES — call to verify,CMS NPPES via Affine
1861817645,Adio Ahwatukee Llc,Other care,,"4450 S RURAL RD, BLDG B SUITE 132",Tempe,AZ,85282,4805986367,2014-03-03,Not stated in NPPES — call to verify,CMS NPPES via Affine
1396884193,Adobe Behavioral Counseling Services Llc,Behavioral health,Professional,"8727 S PRIEST DR, SUITE 102",Tempe,AZ,85284,4808387273,2007-08-21,Not stated in NPPES — call to verify,CMS NPPES via Affine
1922716703,Adobe Care And Wellness New Mexico Llc,Other care,,,Tempe,AZ,85282,4803391780,2022-11-09,Not stated in NPPES — call to verify,CMS NPPES via Affine
1659850279,Adobe Provider Group,Clinic / primary care,,,Tempe,AZ,85282,4803391780,2022-06-28,Not stated in NPPES — call to verify,CMS NPPES via Affine
1780928051,"Adolph Silberman, Ed.D.P.C.",Behavioral health,,"2600 E SOUTHERN AVE, SUITE C-3",Tempe,AZ,85282,4808396264,2012-12-13,Not stated in NPPES — call to verify,CMS NPPES via Affine
1174331482,Adonis Hatcher,Behavioral health,,,Tempe,AZ,85282,4808040326,2024-12-19,Not stated in NPPES — call to verify,CMS NPPES via Affine
1154673408,"Adrian Erica Sutter, Pa-C",Clinic / primary care,,"5030 S MILL AVE, SUITE D12",Tempe,AZ,85282,4808942823,2016-09-21,Not stated in NPPES — call to verify,CMS NPPES via Affine
1124817994,Adriana Castillo,Other care,,,Tempe,AZ,85288,2096839355,2025-05-06,Not stated in NPPES — call to verify,CMS NPPES via Affine
1619659364,Adriana Varns,Behavioral health,,,Tempe,AZ,85282,4802342266,2023-08-02,Not stated in NPPES — call to verify,CMS NPPES via Affine
1447093133,"Adriane Lynn Buelna, Slpa",Other care,Speech-Language Assistant,,Tempe,AZ,85282,4803452012,2024-06-18,Not stated in NPPES — call to verify,CMS NPPES via Affine
1427293828,"Adrienne Lynne Leblanc, P.T.",Other care,Pediatrics,,Tempe,AZ,85282,4804560719,2018-05-16,Not stated in NPPES — call to verify,CMS NPPES via Affine
1831371541,"Adult & Childrens Chiropractix, Pc",Other care,,"6625 S RURAL RD, SUITE 104",Tempe,AZ,85283,4803457650,2008-01-17,Not stated in NPPES — call to verify,CMS NPPES via Affine
1083397764,Advanced Cardiac Anesthesia Pllc,Other care,,,Tempe,AZ,85282,4804252160,2023-08-09,Not stated in NPPES — call to verify,CMS NPPES via Affine
1699548891,Advanced Cardiovascular Specialists Pllc,Clinic / primary care,Cardiovascular Disease,,Tempe,AZ,85284,4808891205,2023-10-31,Not stated in NPPES — call to verify,CMS NPPES via Affine
1437501400,"Advanced Clinical Services, Llc",Clinic / primary care,,"40 W BASELINE RD, SUITE #105",Tempe,AZ,85283,4803985555,2017-04-28,Not stated in NPPES — call to verify,CMS NPPES via Affine
1205208865,"Advanced Diagnostic & Surgical Recovery Institute, Llc",Clinic / primary care,Recovery Care,"2155 E CONFERENCE DR, SUITE 110",Tempe,AZ,85284,4807883107,2015-10-22,Not stated in NPPES — call to verify,CMS NPPES via Affine
1780548032,Advanced Pain Management Of Arizona Pc,Other care,Neurocritical Care,,Tempe,AZ,85282,4806059700,2026-02-09,Not stated in NPPES — call to verify,CMS NPPES via Affine
1366620130,Advanced Senior Care Agency,Other care,,,Tempe,AZ,85284,6024932170,2012-12-20,Not stated in NPPES — call to verify,CMS NPPES via Affine
1144980947,"Advanced Surgical Weight Loss, Llc",Clinic / primary care,Ambulatory Surgical,,Tempe,AZ,85282,4806895104,2021-12-21,Not stated in NPPES — call to verify,CMS NPPES via Affine
1588029672,"Advanced Vein Institute Of Arizona, Llc",Imaging,Vascular & Interventional Radiology,,Tempe,AZ,85284,4804545562,2023-01-17,Not stated in NPPES — call to verify,CMS NPPES via Affine
1992695316,Advanced Wellness Homes,Behavioral health,Mental Health (Including Community Mental Health Center),,Tempe,AZ,85282,5078843032,2025-07-07,Not stated in NPPES — call to verify,CMS NPPES via Affine
1306726583,Advent Angels Of Arizona Llc,Other care,,,Tempe,AZ,85283,3175234637,2025-09-06,Not stated in NPPES — call to verify,CMS NPPES via Affine
1366119596,Adylia Gutierrez,Behavioral health,,,Tempe,AZ,85281,3104676909,2021-08-25,Not stated in NPPES — call to verify,CMS NPPES via Affine
1225987100,"Aemarijn Marlow Fortune, Dac",Other care,,,Tempe,AZ,85283,6235945447,2026-05-29,Not stated in NPPES — call to verify,CMS NPPES via Affine
1437201746,"Aesthetic Dental Creations, Pc",Dental,General Practice,"1455 E GUADALUPE RD, SUITE 3",Tempe,AZ,85283,4803451605,2020-08-22,Not stated in NPPES — call to verify,CMS NPPES via Affine
1255879854,Afc Of Tempe Pllc,Other care,,"2145 E WARNER RD, STE 104",Tempe,AZ,85284,4806649443,2017-12-08,Not stated in NPPES — call to verify,CMS NPPES via Affine
1225167703,Affinity Gyn Inc.,Clinic / primary care,Medical Specialty,"6200 S MCCLINTOCK DR, #104",Tempe,AZ,85283,4803883666,2012-07-24,Not stated in NPPES — call to verify,CMS NPPES via Affine
1730804972,Affirmed Wellness Llc,Other care,,,Tempe,AZ,85282,4805705577,2023-05-03,Not stated in NPPES — call to verify,CMS NPPES via Affine
1619133451,"Affordable Dentures - Tempe, P.C.",Dental,,"1425 W SOUTHERN AVE, SUITE 15",Tempe,AZ,85282,4803030535,2008-07-31,Not stated in NPPES — call to verify,CMS NPPES via Affine
1396013983,Affordable Family Dentistry Of Tempe,Dental,General Practice,,Tempe,AZ,85282,4808977000,2011-12-09,Not stated in NPPES — call to verify,CMS NPPES via Affine
1619432044,Afg Anesthesia Pllc,Other care,,,Tempe,AZ,85281,6025611432,2020-04-29,Not stated in NPPES — call to verify,CMS NPPES via Affine
1861514671,Agape Dental Center Pc,Clinic / primary care,Dental,"6000 S MCCLINTOCK DR, SUITE B",Tempe,AZ,85283,4808206131,2020-08-22,Not stated in NPPES — call to verify,CMS NPPES via Affine
1528525227,Agh Mesa Llc,Clinic / primary care,Emergency Care,,Tempe,AZ,85282,4803068780,2019-02-28,Not stated in NPPES — call to verify,CMS NPPES via Affine
1609376698,Agnes' Centers For Domestic Solutions,Other care,,"455 S 48TH STREET, 106",Tempe,AZ,85281,4806646554,2018-02-15,Not stated in NPPES — call to verify,CMS NPPES via Affine
1750051033,"Agnieszka Pisiak, Pmhnp",Behavioral health,Psychiatric/Mental Health,,Tempe,AZ,85283,4804911898,2021-10-06,Not stated in NPPES — call to verify,CMS NPPES via Affine
1447936869,Ahim-Abo Mental Health Center,Other care,,,Tempe,AZ,85282,6232963988,2023-06-22,Not stated in NPPES — call to verify,CMS NPPES via Affine
1073946554,Ahmed Awadalla Omer,Other care,,,Tempe,AZ,85281,4438641998,2013-08-20,Not stated in NPPES — call to verify,CMS NPPES via Affine
1043303589,Ahn & Perez D D S P C,Dental,General Practice,"2039 S MILL AVE, SUITE F",Tempe,AZ,85282,4809673493,2008-07-09,Not stated in NPPES — call to verify,CMS NPPES via Affine
1831714112,Aid To Women Center,Clinic / primary care,,,Tempe,AZ,85281,4809661902,2020-08-14,Not stated in NPPES — call to verify,CMS NPPES via Affine
1487516159,"Aida Sultanovic, Np",Clinic / primary care,Family,,Tempe,AZ,85281,4804104128,2026-07-24,Not stated in NPPES — call to verify,CMS NPPES via Affine
1215651377,Aiden Pirwitz,Behavioral health,,,Tempe,AZ,85281,8552237123,2026-07-06,Not stated in NPPES — call to verify,CMS NPPES via Affine
1467849414,Aim Enterprises Inc,Other care,,"5801 S MCCLINTOCK DR, STE 110",Tempe,AZ,85283,4804910739,2015-04-17,Not stated in NPPES — call to verify,CMS NPPES via Affine
1104547975,"Aim Healthcare Providers, Llc",Clinic / primary care,,,Tempe,AZ,85282,4804942465,2024-12-09,Not stated in NPPES — call to verify,CMS NPPES via Affine
1023737947,Aimee Miller,Behavioral health,,,Tempe,AZ,85281,8552237123,2022-08-24,Not stated in NPPES — call to verify,CMS NPPES via Affine
1861684532,"Aimee Schwartz, M.D.",Other care,Psychiatry,"1642 S PRIEST DR, BLDG 6, STE 101",Tempe,AZ,85281,4809295100,2016-12-06,Not stated in NPPES — call to verify,CMS NPPES via Affine
1851267207,Aiyana Hwang,Behavioral health,,,Tempe,AZ,85284,6232633966,2025-10-14,Not stated in NPPES — call to verify,CMS NPPES via Affine
1639880917,Aj Southwest Ventures Inc,Behavioral health,,,Tempe,AZ,85282,4806749220,2025-02-18,Not stated in NPPES — call to verify,CMS NPPES via Affine
1164233417,Aj Southwest Ventures Inc,Behavioral health,,,Tempe,AZ,85282,4806749220,2025-09-04,Not stated in NPPES — call to verify,CMS NPPES via Affine
1295007979,"Akers Enterprises, Llc",Clinic / primary care,,,Tempe,AZ,85282,4807188396,2012-01-27,Not stated in NPPES — call to verify,CMS NPPES via Affine
1376022046,Akos Live,Clinic / primary care,Urgent Care,,Tempe,AZ,85282,8449002567,2018-08-13,Not stated in NPPES — call to verify,CMS NPPES via Affine
1831954965,Akwasi Oppong,Behavioral health,,,Tempe,AZ,85282,4805447008,2024-02-19,Not stated in NPPES — call to verify,CMS NPPES via Affine
1649198466,Al Glory Care Home Llc,Other care,,,Tempe,AZ,85282,4807102883,2026-07-08,Not stated in NPPES — call to verify,CMS NPPES via Affine
1114644929,"Alaa Gerais, Nmd",Other care,,,Tempe,AZ,85282,4809700000,2022-10-21,Not stated in NPPES — call to verify,CMS NPPES via Affine
1215245584,Alameda Dental Care,Dental,General Practice,"2525 S RURAL RD, STE 2 S",Tempe,AZ,85282,4809675788,2010-09-20,Not stated in NPPES — call to verify,CMS NPPES via Affine
1124141783,"Alan Asher, Lmft,Lpc",Behavioral health,Mental Health,"6625 S RURAL RD, SUITE 111",Tempe,AZ,85283,4808386546,2025-09-11,Not stated in NPPES — call to verify,CMS NPPES via Affine
1316908700,"Alan J Andresen, M.D.",Clinic / primary care,,,Tempe,AZ,85281,4809653346,2018-05-24,Not stated in NPPES — call to verify,CMS NPPES via Affine
1437130150,"Alan Jay Citrin, Do",Other care,,"2000 E SOUTHERN AVE, STE 102",Tempe,AZ,85282,4808209141,2026-07-13,Not stated in NPPES — call to verify,CMS NPPES via Affine
1093722142,"Alan Lee Ansel, Md",Other care,Vascular Surgery,"2034 E SOUTHERN, 4",Tempe,AZ,85282,6022522133,2007-07-08,Not stated in NPPES — call to verify,CMS NPPES via Affine
1528875077,"Alan Singer, Optician",Other care,Optician,,Tempe,AZ,85282,4808393711,2024-12-17,Not stated in NPPES — call to verify,CMS NPPES via Affine
1114643848,Alana Colby,Behavioral health,,,Tempe,AZ,85281,8552237123,2022-10-14,Not stated in NPPES — call to verify,CMS NPPES via Affine
1669247151,"Alana J Pilon, Fnp",Clinic / primary care,Family,,Tempe,AZ,85282,6022437277,2023-11-16,Not stated in NPPES — call to verify,CMS NPPES via Affine
1225545239,Alannah Marie Coley-Eisenmann,Behavioral health,,,Tempe,AZ,85282,8667278274,2021-03-17,Not stated in NPPES — call to verify,CMS NPPES via Affine
1841994878,"Alayna Kelly, Md",Clinic / primary care,,,Tempe,AZ,85281,4808827380,2026-07-23,Not stated in NPPES — call to verify,CMS NPPES via Affine
1013374206,Alayna M Despain,Clinic / primary care,Primary Care,"2033 E WARNER RD, SUITE 109",Tempe,AZ,85284,4808205525,2017-04-04,Not stated in NPPES — call to verify,CMS NPPES via Affine
1841850377,"Albert Kenneth Pierce Jr., Pmhnp",Behavioral health,Psychiatric/Mental Health,,Tempe,AZ,85282,4808040326,2019-10-08,Not stated in NPPES — call to verify,CMS NPPES via Affine
1912664673,"Albertina Oyuela Abouchar, Mc, Ncc, Lac",Behavioral health,Mental Health,,Tempe,AZ,85283,4803076446,2021-11-17,Not stated in NPPES — call to verify,CMS NPPES via Affine
1588511802,Alberto Maldonado Jr.,Other care,Sports Medicine,,Tempe,AZ,85282,4802727797,2026-03-16,Not stated in NPPES — call to verify,CMS NPPES via Affine
1548013691,Aleah Rodgers,Behavioral health,,,Tempe,AZ,85281,8552237123,2024-04-09,Not stated in NPPES — call to verify,CMS NPPES via Affine
1609307792,"Alec Sundet, Md",Other care,Orthopaedic Surgery of the Spine,,Tempe,AZ,85281,4809620071,2024-05-17,Not stated in NPPES — call to verify,CMS NPPES via Affine
1972095511,Alejandra Johns,Other care,,,Tempe,AZ,85282,4804560719,2018-06-13,Not stated in NPPES — call to verify,CMS NPPES via Affine
1073146056,Alejandra Leyva,Other care,Speech-Language Assistant,,Tempe,AZ,85281,7606195215,2020-02-18,Not stated in NPPES — call to verify,CMS NPPES via Affine
1275204679,"Alejandra Soto, Rbt",Behavioral health,,,Tempe,AZ,85284,4806720536,2021-09-24,Not stated in NPPES — call to verify,CMS NPPES via Affine
1366352601,"Aleksandar Lucic, Lmsw",Behavioral health,,,Tempe,AZ,85282,6027744745,2026-09-09,Not stated in NPPES — call to verify,CMS NPPES via Affine
1407674401,Alema Jenkins,Behavioral health,Mental Health,,Tempe,AZ,85282,4806411165,2024-09-30,Not stated in NPPES — call to verify,CMS NPPES via Affine
1780430801,Alessandra Divincenzo,Behavioral health,,,Tempe,AZ,85281,8552237123,2024-04-29,Not stated in NPPES — call to verify,CMS NPPES via Affine
1205520046,Alessis Perez,Behavioral health,,,Tempe,AZ,85283,4804893925,2023-06-05,Not stated in NPPES — call to verify,CMS NPPES via Affine
1619482478,Alevea Mental Health Llc,Clinic / primary care,,,Tempe,AZ,85282,4809236200,2026-02-04,Not stated in NPPES — call to verify,CMS NPPES via Affine
1831711829,Alex Kim Md Pc,Other care,,,Tempe,AZ,85282,4804252160,2020-05-12,Not stated in NPPES — call to verify,CMS NPPES via Affine
1316448293,Alexa Leininger,Behavioral health,,,Tempe,AZ,85284,6023408717,2021-10-11,Not stated in NPPES — call to verify,CMS NPPES via Affine
1861236143,Alexa Marshall,Other care,,,Tempe,AZ,85284,4803744341,2024-06-21,Not stated in NPPES — call to verify,CMS NPPES via Affine
1164089546,"Alexa Victoria Patton, Au.D.",Other care,,,Tempe,AZ,85281,4808945550,2021-06-21,Not stated in NPPES — call to verify,CMS NPPES via Affine
1518768282,Alexa Wagner,Other care,,,Tempe,AZ,85282,6025128607,2026-06-30,Not stated in NPPES — call to verify,CMS NPPES via Affine
1659911931,"Alexander Brusnahan, Dpt",Other care,,,Tempe,AZ,85281,4808211997,2020-01-14,Not stated in NPPES — call to verify,CMS NPPES via Affine
1104299411,"Alexander C Chiaghana Jr., Pharmd",Pharmacy,,,Tempe,AZ,85284,6262145399,2015-11-09,Not stated in NPPES — call to verify,CMS NPPES via Affine
1487523312,Alexander Decarlo,Behavioral health,,,Tempe,AZ,85282,8667278274,2025-10-31,Not stated in NPPES — call to verify,CMS NPPES via Affine
1871768887,"Alexander Josef Catton, M.D.",Other care,,,Tempe,AZ,85282,4804252160,2022-12-02,Not stated in NPPES — call to verify,CMS NPPES via Affine
1235857640,Alexander Perry,Other care,,,Tempe,AZ,85288,9196335939,2022-08-22,Not stated in NPPES — call to verify,CMS NPPES via Affine
1568088979,"Alexandra Ashby Cascante, Pt, Dpt",Other care,,,Tempe,AZ,85282,6235225318,2025-07-25,Not stated in NPPES — call to verify,CMS NPPES via Affine
1104797422,Alexandra Elliott,Behavioral health,Mental Health,,Tempe,AZ,85282,4805307581,2025-09-17,Not stated in NPPES — call to verify,CMS NPPES via Affine
1235889205,"Alexandra Lee Lyons, Fnp",Clinic / primary care,Family,,Tempe,AZ,85282,4808942823,2026-06-01,Not stated in NPPES — call to verify,CMS NPPES via Affine
1558184309,"Alexandra Malve, Ibclc",Other care,,,Tempe,AZ,85284,4803898454,2024-10-31,Not stated in NPPES — call to verify,CMS NPPES via Affine
1992990295,"Alexandra Skalka, Rn",Other care,School,,Tempe,AZ,85283,4808972544,2007-09-10,Not stated in NPPES — call to verify,CMS NPPES via Affine
1265003586,Alexandra Williams,Behavioral health,Mental Health,,Tempe,AZ,85282,9286519128,2021-07-07,Not stated in NPPES — call to verify,CMS NPPES via Affine
1144136318,Alexandria Danielle Dieker,Other care,,,Tempe,AZ,85282,4805905428,2026-08-19,Not stated in NPPES — call to verify,CMS NPPES via Affine
1255813598,Alexandria Elizabeth Gaarde,Other care,,,Tempe,AZ,85282,4807307100,2021-07-15,Not stated in NPPES — call to verify,CMS NPPES via Affine
1396229704,"Alexandria Harrington, Mt-Bc",Other care,,,Tempe,AZ,85281,8133949676,2018-09-20,Not stated in NPPES — call to verify,CMS NPPES via Affine
1558188656,"Alexandria Linn Rausch, Pharmd",Pharmacy,,,Tempe,AZ,85284,4808939027,2024-09-23,Not stated in NPPES — call to verify,CMS NPPES via Affine
1346133626,Alexandria Margaret Buckman,Other care,,,Tempe,AZ,85284,4803744341,2025-06-03,Not stated in NPPES — call to verify,CMS NPPES via Affine
1356152847,Alexandria Paula Perez,Other care,,,Tempe,AZ,85281,8312560796,2025-01-15,Not stated in NPPES — call to verify,CMS NPPES via Affine
1730994294,Alexia Marie Neel,Other care,,,Tempe,AZ,85282,4805313758,2025-02-11,Not stated in NPPES — call to verify,CMS NPPES via Affine
1417202243,"Alexis Ann Showers, Lmt",Other care,,"7581 S WILLOW DR, STE 107",Tempe,AZ,85283,6023413643,2012-07-18,Not stated in NPPES — call to verify,CMS NPPES via Affine
1346928306,"Alexis C Rivera, Rbt",Behavioral health,,,Tempe,AZ,85284,4806720536,2023-07-10,Not stated in NPPES — call to verify,CMS NPPES via Affine
1902545882,"Alexis Danielle Sowell, Lpc",Behavioral health,Professional,,Tempe,AZ,85282,4808040326,2024-08-19,Not stated in NPPES — call to verify,CMS NPPES via Affine
1114851060,"Alexis Elaine Goldschmidt, M.S. Cf-Slp",Other care,,,Tempe,AZ,85284,4803744341,2026-06-08,Not stated in NPPES — call to verify,CMS NPPES via Affine
1437499225,"Alexis Janella Sweet, Pta",Other care,,"1855 E GUADALUPE RD, SUITE 112",Tempe,AZ,85283,4808398552,2013-02-15,Not stated in NPPES — call to verify,CMS NPPES via Affine
1346783354,"Alexis King, Atc",Other care,Athletic Trainer,"1492 S MILL AVE, SUITE 113",Tempe,AZ,85281,6025533113,2016-11-22,Not stated in NPPES — call to verify,CMS NPPES via Affine
1922921121,Alexis Levy,Behavioral health,Clinical,,Tempe,AZ,85288,6028427042,2026-08-03,Not stated in NPPES — call to verify,CMS NPPES via Affine
1508630229,Alexis Makayla Garcia,Other care,Speech-Language Assistant,,Tempe,AZ,85284,4803744341,2023-11-13,Not stated in NPPES — call to verify,CMS NPPES via Affine
1952028938,Alexis Mee,Other care,School,,Tempe,AZ,85283,4808380711,2022-10-20,Not stated in NPPES — call to verify,CMS NPPES via Affine
1568188167,Alexis Michelle Welsh,Behavioral health,Mental Health,,Tempe,AZ,85283,4807181261,2022-10-17,Not stated in NPPES — call to verify,CMS NPPES via Affine
1649968348,Alexis Todd,Other care,,,Tempe,AZ,85284,4803744341,2023-06-14,Not stated in NPPES — call to verify,CMS NPPES via Affine
1689262289,Alexis Victoria Alvarez,Behavioral health,,,Tempe,AZ,85284,6086665104,2021-01-08,Not stated in NPPES — call to verify,CMS NPPES via Affine
1265933907,Alexis Wacker,Behavioral health,,,Tempe,AZ,85282,8667278274,2018-02-27,Not stated in NPPES — call to verify,CMS NPPES via Affine
1053623470,"Alhabach, P.C.",Other care,Neurology,"120 E RIO SALADO PKWY, #504",Tempe,AZ,85281,6023159820,2013-05-02,Not stated in NPPES — call to verify,CMS NPPES via Affine
1063553915,"Ali Baradaran, Md",Other care,,,Tempe,AZ,85282,4804915886,2015-10-13,Not stated in NPPES — call to verify,CMS NPPES via Affine
1407987209,Alia Family Practice Inc,Clinic / primary care,,"6655 S RURAL RD, SUITE 3",Tempe,AZ,85283,4808310600,2010-12-15,Not stated in NPPES — call to verify,CMS NPPES via Affine
1093126658,"Alice Dimaggio, R.N.",Other care,,,Tempe,AZ,85282,4804918871,2014-05-16,Not stated in NPPES — call to verify,CMS NPPES via Affine
1437914173,"Alice Mae Cannan, Rbt",Behavioral health,,,Tempe,AZ,85284,4806720536,2024-02-20,Not stated in NPPES — call to verify,CMS NPPES via Affine
1811443898,"Alice Narducci, Slpa",Other care,Speech-Language Assistant,,Tempe,AZ,85282,4803452012,2016-08-30,Not stated in NPPES — call to verify,CMS NPPES via Affine
1427860477,Alicia Geck,Behavioral health,Professional,,Tempe,AZ,85282,4805250058,2025-01-24,Not stated in NPPES — call to verify,CMS NPPES via Affine
1689316085,Alicia Krah,Other care,,,Tempe,AZ,85284,4805537153,2022-05-12,Not stated in NPPES — call to verify,CMS NPPES via Affine
1295146553,Alicia L Prince,Other care,Speech-Language Assistant,,Tempe,AZ,85282,7314339256,2014-05-08,Not stated in NPPES — call to verify,CMS NPPES via Affine
1740559244,"Align Chiropractic And Wellness, Plc",Other care,,"227 E BASELINE RD, J-1",Tempe,AZ,85283,4802646181,2013-09-10,Not stated in NPPES — call to verify,CMS NPPES via Affine
1326222639,"Alikhan, Llc",Other care,Psychiatry,"441 S 48TH ST, SUITE #102",Tempe,AZ,85281,4809452558,2008-06-30,Not stated in NPPES — call to verify,CMS NPPES via Affine
1518563881,Alina Swan,Behavioral health,,,Tempe,AZ,85284,6026665101,2020-12-10,Not stated in NPPES — call to verify,CMS NPPES via Affine
1801661160,"Alisha Kathleen Linder, Lac",Behavioral health,Mental Health,,Tempe,AZ,85282,4803595859,2023-11-16,Not stated in NPPES — call to verify,CMS NPPES via Affine
1033645718,Alisha Lipsey,Clinic / primary care,Family,,Tempe,AZ,85281,4808827320,2023-09-21,Not stated in NPPES — call to verify,CMS NPPES via Affine
1760069058,Alisha Marie Mccullen,Behavioral health,,,Tempe,AZ,85284,6026665101,2021-03-24,Not stated in NPPES — call to verify,CMS NPPES via Affine
1073165031,Alison Fredricks,Other care,,,Tempe,AZ,85282,4804560719,2020-07-23,Not stated in NPPES — call to verify,CMS NPPES via Affine
1396277711,"Alison Goulder, Md",Other care,Gynecologic Oncology,,Tempe,AZ,85284,4802788300,2024-06-27,Not stated in NPPES — call to verify,CMS NPPES via Affine
1548885403,"Alison Nicole Penas, Pt",Other care,,,Tempe,AZ,85284,4803744341,2026-03-27,Not stated in NPPES — call to verify,CMS NPPES via Affine
1235060971,Alissa Beus,Other care,Emergency,,Tempe,AZ,85281,4802088072,2026-05-28,Not stated in NPPES — call to verify,CMS NPPES via Affine
1902256845,Alissa Dappas Stolz,Other care,,,Tempe,AZ,85282,4804560719,2024-08-09,Not stated in NPPES — call to verify,CMS NPPES via Affine
1972892123,"Alissa L Babcock, Lmsw",Behavioral health,Professional,"2120 S MCCLINTOCK DR, SUITE 105",Tempe,AZ,85282,4808040326,2013-08-30,Not stated in NPPES — call to verify,CMS NPPES via Affine
1619293453,"Alissa M Willey-Sperry, M.Ed.",Other care,,"600 E BASELINE RD, STE 101",Tempe,AZ,85283,4808394668,2010-04-19,Not stated in NPPES — call to verify,CMS NPPES via Affine
1962312173,Alium Health,Pharmacy,Community/Retail Pharmacy,,Tempe,AZ,85288,8062427782,2026-09-09,Not stated in NPPES — call to verify,CMS NPPES via Affine
1740108299,Aliya Hagn,Other care,,,Tempe,AZ,85282,4809700000,2026-07-09,Not stated in NPPES — call to verify,CMS NPPES via Affine
1871476549,Aliya Lillibridge,Behavioral health,,,Tempe,AZ,85281,4808630763,2025-07-29,Not stated in NPPES — call to verify,CMS NPPES via Affine
1194944330,All About Kids Pediatrics,Clinic / primary care,Primary Care,"4450 S RURAL RD, SUITE C 216",Tempe,AZ,85282,4808203188,2022-07-21,Not stated in NPPES — call to verify,CMS NPPES via Affine
1104673755,All Arizona Wellness,Behavioral health,Psychiatric/Mental Health,,Tempe,AZ,85283,4803828284,2026-02-07,Not stated in NPPES — call to verify,CMS NPPES via Affine
1548009152,All Healthcare Services Llc,Other care,,,Tempe,AZ,85282,4807441920,2024-05-22,Not stated in NPPES — call to verify,CMS NPPES via Affine
1831955764,All Of Life Behavioral Health Pllc,Other care,,,Tempe,AZ,85284,4802351680,2024-02-27,Not stated in NPPES — call to verify,CMS NPPES via Affine
1245272426,All Star Health Pllc,Clinic / primary care,,"6625 S RURAL RD, STE. 104",Tempe,AZ,85283,4808334515,2021-05-21,Not stated in NPPES — call to verify,CMS NPPES via Affine
1053463471,Allan K Bernstein D D S P C,Dental,General Practice,"2034 E SOUTHERN AVE, #H",Tempe,AZ,85282,4808206800,2010-07-20,Not stated in NPPES — call to verify,CMS NPPES via Affine
1548990526,Allegro Health Llc,Other care,,,Tempe,AZ,85281,9168046474,2022-06-17,Not stated in NPPES — call to verify,CMS NPPES via Affine
1053505669,Allen Drugs,Pharmacy,,,Tempe,AZ,85281,4808441600,2007-08-28,Not stated in NPPES — call to verify,CMS NPPES via Affine
1184443053,Allen Ian Alvarez,Behavioral health,,,Tempe,AZ,85281,4808630763,2024-12-23,Not stated in NPPES — call to verify,CMS NPPES via Affine
1346314010,"Allergy Associates & Asthma, Ltd",Other care,Allergy,,Tempe,AZ,85283,4808384296,2024-02-02,Not stated in NPPES — call to verify,CMS NPPES via Affine
1356064802,"Alli Hammond, Rn",Other care,Community Health,,Tempe,AZ,85282,5202337111,2022-09-20,Not stated in NPPES — call to verify,CMS NPPES via Affine
1326699968,Alliance Behavioral Care Llc,Other care,,,Tempe,AZ,85282,4805906558,2019-09-25,Not stated in NPPES — call to verify,CMS NPPES via Affine
1740524057,"Alliance Surgical, Llc",Other care,,"2421 E SOUTHERN AVE, SUITE 1",Tempe,AZ,85282,4804252160,2012-11-27,Not stated in NPPES — call to verify,CMS NPPES via Affine
1275460404,Allie Gleason,Behavioral health,,,Tempe,AZ,85283,4809020771,2026-05-04,Not stated in NPPES — call to verify,CMS NPPES via Affine
1417790130,Allison Alatorre Contreras,Behavioral health,,,Tempe,AZ,85282,4808863939,2024-06-18,Not stated in NPPES — call to verify,CMS NPPES via Affine
1821931791,Allison Christine Buckner,Other care,,,Tempe,AZ,85288,7049056429,2026-04-14,Not stated in NPPES — call to verify,CMS NPPES via Affine
1023715133,"Allison E Desrosiers, Lmt",Other care,,,Tempe,AZ,85281,7027428997,2023-02-09,Not stated in NPPES — call to verify,CMS NPPES via Affine
1457893349,"Allison Laughlin, Lcsw",Behavioral health,Clinical,"2120 S MCCLINTOCK DR, SUITE 105",Tempe,AZ,85282,4808040326,2020-08-20,Not stated in NPPES — call to verify,CMS NPPES via Affine
1477875474,"Allison Nichole Woodworth, F.N.P.",Clinic / primary care,Family,"1001 E WARNER RD, SUITE 107",Tempe,AZ,85284,4808973300,2013-05-16,Not stated in NPPES — call to verify,CMS NPPES via Affine
1366368417,Allison Nicole Stockwell,Behavioral health,Clinical,,Tempe,AZ,85284,4808827390,2026-06-24,Not stated in NPPES — call to verify,CMS NPPES via Affine
1841741378,"Allison Pincus, Lcsw",Behavioral health,Clinical,"2120 S MCCLINTOCK DR, SUITE 105",Tempe,AZ,85282,4808040326,2019-10-21,Not stated in NPPES — call to verify,CMS NPPES via Affine
1760933535,Allison Seibel,Other care,,"1400 E SOUTHERN AVE, 310",Tempe,AZ,85282,6025679881,2016-10-17,Not stated in NPPES — call to verify,CMS NPPES via Affine
1295410439,Allison Stathis,Behavioral health,,,Tempe,AZ,85283,4804744226,2023-06-15,Not stated in NPPES — call to verify,CMS NPPES via Affine
1841937075,Alliyah Bryant,Other care,,,Tempe,AZ,85284,4805537153,2022-09-27,Not stated in NPPES — call to verify,CMS NPPES via Affine
1477397461,"Allyson Collen, Dr",Other care,,,Tempe,AZ,85282,4809219000,2025-10-10,Not stated in NPPES — call to verify,CMS NPPES via Affine
1700175676,Almahal Awadalla,Other care,,,Tempe,AZ,85282,4805706264,2011-03-31,Not stated in NPPES — call to verify,CMS NPPES via Affine
1619728177,"Almi Dayshi, Cna",Other care,,,Tempe,AZ,85281,8336575485,2024-04-01,Not stated in NPPES — call to verify,CMS NPPES via Affine
1629600481,Alondra Morales Sanchez,Behavioral health,,,Tempe,AZ,85284,6026665101,2020-02-10,Not stated in NPPES — call to verify,CMS NPPES via Affine
1043745458,Alpha One Anesthesia Llc,Other care,,"1001 E WARNER RD, SUITE 103",Tempe,AZ,85284,9494163705,2017-04-23,Not stated in NPPES — call to verify,CMS NPPES via Affine
1710414818,Alpha United Medical Llc,Other care,Interventional Pain Medicine,,Tempe,AZ,85284,6022651611,2022-07-21,Not stated in NPPES — call to verify,CMS NPPES via Affine
1932089794,Alpine Healthcare Group Llc,Other care,,,Tempe,AZ,85282,7143373984,2025-09-03,Not stated in NPPES — call to verify,CMS NPPES via Affine
1821939794,Alstrom & Co,Other care,,,Tempe,AZ,85281,6204913249,2026-04-03,Not stated in NPPES — call to verify,CMS NPPES via Affine
1750174868,Altea Medical Arizona Pllc,Clinic / primary care,Geriatric Medicine,,Tempe,AZ,85281,4807845500,2026-04-03,Not stated in NPPES — call to verify,CMS NPPES via Affine
1114521267,Alvin James Smith,Other care,,,Tempe,AZ,85281,2029079344,2020-11-29,Not stated in NPPES — call to verify,CMS NPPES via Affine
1083883011,"Alysha L Bundy, Phd",Behavioral health,,,Tempe,AZ,85287,4809656147,2008-03-27,Not stated in NPPES — call to verify,CMS NPPES via Affine
1376100545,"Alyson Elaine Liew-Spilger, Do",Other care,,,Tempe,AZ,85283,4808206657,2025-09-08,Not stated in NPPES — call to verify,CMS NPPES via Affine
1366912727,"Alyson Noelle Tracy, Lac",Behavioral health,Mental Health,,Tempe,AZ,85282,4808040326,2018-11-28,Not stated in NPPES — call to verify,CMS NPPES via Affine
1861342990,Alyssa Gong,Behavioral health,,,Tempe,AZ,85281,4808630763,2026-01-29,Not stated in NPPES — call to verify,CMS NPPES via Affine
1114449154,"Alyssa Heeman, Slp-Cf",Other care,,,Tempe,AZ,85282,4800456071,2017-07-12,Not stated in NPPES — call to verify,CMS NPPES via Affine
1841781598,Alyssa Jordan Dodd,Behavioral health,,,Tempe,AZ,85284,6026665105,2018-05-29,Not stated in NPPES — call to verify,CMS NPPES via Affine
1790328524,"Alyssa M Engels, Lpc",Behavioral health,Professional,,Tempe,AZ,85282,4808040326,2026-01-26,Not stated in NPPES — call to verify,CMS NPPES via Affine
1235064494,Alyssa Nguyen,Pharmacy,,,Tempe,AZ,85284,8003451036,2026-06-17,Not stated in NPPES — call to verify,CMS NPPES via Affine
1619594595,Alyssa Page Messinger,Behavioral health,Mental Health,,Tempe,AZ,85282,4808040326,2026-03-25,Not stated in NPPES — call to verify,CMS NPPES via Affine
1700274917,"Alyssa Preston, Pta",Other care,,,Tempe,AZ,85282,8772790891,2014-12-23,Not stated in NPPES — call to verify,CMS NPPES via Affine
1750253415,Alyssa Smith,Behavioral health,,,Tempe,AZ,85282,6073776161,2025-09-22,Not stated in NPPES — call to verify,CMS NPPES via Affine
1316650294,"Alyssa Vecchio, Np",Clinic / primary care,Family,,Tempe,AZ,85281,4809653346,2024-12-20,Not stated in NPPES — call to verify,CMS NPPES via Affine
1083495972,Alyssa Wittman,Behavioral health,,,Tempe,AZ,85288,9203284380,2023-10-09,Not stated in NPPES — call to verify,CMS NPPES via Affine
1578131918,Alyssa Yamamura,Clinic / primary care,,,Tempe,AZ,85281,4809620071,2021-11-02,Not stated in NPPES — call to verify,CMS NPPES via Affine
1730009861,"Alystra Gooden, Lmt",Other care,,,Tempe,AZ,85282,4804364739,2026-07-18,Not stated in NPPES — call to verify,CMS NPPES via Affine
1992305551,Alzetta Clay Obahiagbon,Clinic / primary care,Family,,Tempe,AZ,85282,4805570970,2021-06-10,Not stated in NPPES — call to verify,CMS NPPES via Affine
1154551265,"Am-Bath, Llc",Other care,Customized Equipment,,Tempe,AZ,85282,4808442596,2009-07-23,Not stated in NPPES — call to verify,CMS NPPES via Affine
1598909749,"Am-Bath, Llc",Other care,,,Tempe,AZ,85282,4808442596,2009-04-30,Not stated in NPPES — call to verify,CMS NPPES via Affine
1477120434,"Amal Nabil Fayad, Lpc",Behavioral health,Mental Health,,Tempe,AZ,85282,6025291875,2021-06-08,Not stated in NPPES — call to verify,CMS NPPES via Affine
1295293959,"Amanda A Doyle, Ms, Lat, Atc, Ope-C",Other care,Athletic Trainer,,Tempe,AZ,85287,5632998845,2025-07-29,Not stated in NPPES — call to verify,CMS NPPES via Affine
1487308375,Amanda Araki,Behavioral health,,,Tempe,AZ,85282,4152268853,2024-12-16,Not stated in NPPES — call to verify,CMS NPPES via Affine
1639848609,"Amanda Jean Fletcher, Pta",Other care,,,Tempe,AZ,85284,4803744341,2021-09-12,Not stated in NPPES — call to verify,CMS NPPES via Affine
1649892910,"Amanda Loback, Lamft",Behavioral health,,,Tempe,AZ,85283,4802828778,2020-05-10,Not stated in NPPES — call to verify,CMS NPPES via Affine
1538702402,"Amanda Lynn Scaturro, Lac",Behavioral health,,,Tempe,AZ,85282,4808040326,2019-10-23,Not stated in NPPES — call to verify,CMS NPPES via Affine
1932249349,Amanda Mae Austin Renfrow,Other care,,,Tempe,AZ,85283,4808390292,2007-07-08,Not stated in NPPES — call to verify,CMS NPPES via Affine
1902727050,Amanda Marie Czarnecki,Other care,School,,Tempe,AZ,85284,4805411000,2026-07-23,Not stated in NPPES — call to verify,CMS NPPES via Affine
1679978662,Amanda Mcclelland,Pharmacy,,,Tempe,AZ,85282,4805570970,2014-11-03,Not stated in NPPES — call to verify,CMS NPPES via Affine
1730478389,"Amanda Misinco, Pllc",Clinic / primary care,,"9855 S PRIEST DR, SUITE 101",Tempe,AZ,85284,4807854804,2012-12-03,Not stated in NPPES — call to verify,CMS NPPES via Affine
1659229607,Amanda Rae Powell,Behavioral health,,,Tempe,AZ,85281,4808630763,2026-03-17,Not stated in NPPES — call to verify,CMS NPPES via Affine
1548090459,"Amante Nicole Allen, Ma, Bcba-Lba",Behavioral health,,,Tempe,AZ,85282,5203463133,2025-09-15,Not stated in NPPES — call to verify,CMS NPPES via Affine
1265968663,"Amara Megwa, Pmhnp",Behavioral health,Psychiatric/Mental Health,,Tempe,AZ,85282,6028066146,2023-03-02,Not stated in NPPES — call to verify,CMS NPPES via Affine
1114510294,"Ambar Yudell, Rd",Other care,"Nutrition, Sports Dietetics",,Tempe,AZ,85287,8477223821,2022-06-13,Not stated in NPPES — call to verify,CMS NPPES via Affine
1992125504,Amber Brodersen,Other care,,,Tempe,AZ,85284,4806255959,2014-04-22,Not stated in NPPES — call to verify,CMS NPPES via Affine
1912693284,Amber Chan,Clinic / primary care,,,Tempe,AZ,85283,6024370097,2024-09-04,Not stated in NPPES — call to verify,CMS NPPES via Affine
1710539572,"Amber Dawn Baker, M.S., Ccc-Slp",Other care,,,Tempe,AZ,85282,4804560719,2020-08-17,Not stated in NPPES — call to verify,CMS NPPES via Affine
1669256343,"Amber Kilwine, Nd",Other care,,,Tempe,AZ,85282,4809700000,2023-08-23,Not stated in NPPES — call to verify,CMS NPPES via Affine
1578338398,"Amber Marchetti, Lmt",Other care,,,Tempe,AZ,85281,4808095904,2023-11-21,Not stated in NPPES — call to verify,CMS NPPES via Affine
1700555307,"Amber Renfro, Rbt",Other care,,,Tempe,AZ,85284,4806720536,2021-09-08,Not stated in NPPES — call to verify,CMS NPPES via Affine
1124994066,Amber Rodriguez-Young,Behavioral health,Clinical,,Tempe,AZ,85282,4802369873,2025-10-16,Not stated in NPPES — call to verify,CMS NPPES via Affine
1790195949,Amber Sampson,Other care,,,Tempe,AZ,85282,4805171088,2014-04-28,Not stated in NPPES — call to verify,CMS NPPES via Affine
1992457238,"Amber Schmidt, Bcba, Lba",Behavioral health,,,Tempe,AZ,85282,8667278274,2022-01-18,Not stated in NPPES — call to verify,CMS NPPES via Affine
1538802442,"Amber Wonder, Lpc",Behavioral health,Mental Health,,Tempe,AZ,85282,4808678816,2024-08-15,Not stated in NPPES — call to verify,CMS NPPES via Affine
1912603309,"Ameika A White, Fnp-Bc",Clinic / primary care,,,Tempe,AZ,85284,3253207445,2024-03-22,Not stated in NPPES — call to verify,CMS NPPES via Affine
1306210364,"Amelia R Adames-Zamora, Fnp-C",Clinic / primary care,Family,,Tempe,AZ,85283,4808384296,2018-03-17,Not stated in NPPES — call to verify,CMS NPPES via Affine
1033398201,American Current Care Of Arizona Pa,Clinic / primary care,Urgent Care,,Tempe,AZ,85282,4809687200,2016-06-14,Not stated in NPPES — call to verify,CMS NPPES via Affine
1366941122,"American Current Care Of Arizona, P.A.",Clinic / primary care,Urgent Care,,Tempe,AZ,85281,4809212273,2018-03-13,Not stated in NPPES — call to verify,CMS NPPES via Affine
1346099504,Amethyst Monkey Llc,Behavioral health,Clinical,,Tempe,AZ,85282,3156634793,2024-05-17,Not stated in NPPES — call to verify,CMS NPPES via Affine
1295582344,Amicus Health And Wellness Llc,Behavioral health,Psychiatric/Mental Health,,Tempe,AZ,85283,4808091765,2026-08-12,Not stated in NPPES — call to verify,CMS NPPES via Affine
1780860999,"Amie Michelle Celender, Lmft",Behavioral health,,,Tempe,AZ,85281,4803030844,2008-01-17,Not stated in NPPES — call to verify,CMS NPPES via Affine
1053529412,"Amie S Ell, Pharmd",Pharmacy,,"51 W 3RD ST, SUITE 501",Tempe,AZ,85281,4803176780,2007-07-08,Not stated in NPPES — call to verify,CMS NPPES via Affine
1659748226,Amjad Ali,Pharmacy,,,Tempe,AZ,85284,4804563602,2015-08-30,Not stated in NPPES — call to verify,CMS NPPES via Affine
1619666922,Ammar A Obaidalla,Other care,,,Tempe,AZ,85283,6024784737,2023-05-03,Not stated in NPPES — call to verify,CMS NPPES via Affine
1598095317,"Amna Fares, Cfy Slp",Other care,,,Tempe,AZ,85282,4804560719,2009-12-29,Not stated in NPPES — call to verify,CMS NPPES via Affine
1235849977,Amos Kigenyi,Other care,,,Tempe,AZ,85282,3108943106,2022-12-05,Not stated in NPPES — call to verify,CMS NPPES via Affine
1427429950,"Amoz Isaac Van Dyke, Nd",Other care,,,Tempe,AZ,85282,4804221662,2022-07-21,Not stated in NPPES — call to verify,CMS NPPES via Affine
1750209789,Amw Anesthesia Pllc,Other care,,,Tempe,AZ,85282,4804252160,2026-07-07,Not stated in NPPES — call to verify,CMS NPPES via Affine
1538792726,"Amy Berggren, Mt-Bc",Other care,,,Tempe,AZ,85281,4809651082,2020-02-17,Not stated in NPPES — call to verify,CMS NPPES via Affine
1154983245,"Amy Blackburn, Rn",Other care,Community Health,,Tempe,AZ,85282,4803391780,2019-06-28,Not stated in NPPES — call to verify,CMS NPPES via Affine
1003164187,Amy Burnside,Behavioral health,Clinical,"3910 S RURAL RD, SUITE J",Tempe,AZ,85282,4803179868,2019-12-30,Not stated in NPPES — call to verify,CMS NPPES via Affine
1982864864,Amy C Rohe,Other care,,"2034 E SOUTHERN AVE, STE I",Tempe,AZ,85282,4808316159,2019-11-20,Not stated in NPPES — call to verify,CMS NPPES via Affine
1528452984,"Amy E Latham, Lmsw",Behavioral health,Clinical,"2120 S MCCLINTOCK DR, SUITE 105",Tempe,AZ,85282,4808040326,2025-04-17,Not stated in NPPES — call to verify,CMS NPPES via Affine
1528951548,"Amy Elizabeth Stuart, Lac",Behavioral health,Professional,,Tempe,AZ,85283,4802123349,2025-05-29,Not stated in NPPES — call to verify,CMS NPPES via Affine
1013907104,"Amy Farlinger, R.Ph.",Pharmacy,,,Tempe,AZ,85281,8887884408,2020-05-21,Not stated in NPPES — call to verify,CMS NPPES via Affine
1376153056,Amy Fleur Leiferman,Behavioral health,Mental Health,,Tempe,AZ,85284,4802476921,2020-08-06,Not stated in NPPES — call to verify,CMS NPPES via Affine
1114327160,"Amy Gulledge, Pt, Dpt, Cscs",Other care,Orthopedic,,Tempe,AZ,85282,4805240321,2021-03-11,Not stated in NPPES — call to verify,CMS NPPES via Affine
1538759956,Amy Lee Gauthier,Other care,Speech-Language Assistant,,Tempe,AZ,85284,4805415600,2021-01-20,Not stated in NPPES — call to verify,CMS NPPES via Affine
1336824986,"Amy Marie White, Fnp-C",Clinic / primary care,Family,,Tempe,AZ,85282,6236248280,2025-01-16,Not stated in NPPES — call to verify,CMS NPPES via Affine
1689669368,"Amy Okun Capshaw, Dds",Dental,,"1050 E SOUTHERN AVE, SUITE 8",Tempe,AZ,85282,4809678763,2026-07-13,Not stated in NPPES — call to verify,CMS NPPES via Affine
1265286306,"Amy Pavlica, Pta-014787",Other care,,,Tempe,AZ,85288,4805270727,2024-04-15,Not stated in NPPES — call to verify,CMS NPPES via Affine
1679767172,Amy Robinson,Clinic / primary care,Family,,Tempe,AZ,85281,8663892727,2022-08-08,Not stated in NPPES — call to verify,CMS NPPES via Affine
1528743747,"Amy Stine, Mas-Mft, Lamft",Behavioral health,,,Tempe,AZ,85283,4802828778,2023-06-15,Not stated in NPPES — call to verify,CMS NPPES via Affine
1295033769,"An Amazing Smile, Pllc",Dental,,"8675 S PRIEST DR, SUITE-101",Tempe,AZ,85284,4802087436,2011-03-08,Not stated in NPPES — call to verify,CMS NPPES via Affine
1508269267,"Ana Jones, N.D.",Other care,,,Tempe,AZ,85282,4803827544,2014-10-08,Not stated in NPPES — call to verify,CMS NPPES via Affine
1912409590,Anaelle Ganase,Behavioral health,,,Tempe,AZ,85284,6026665104,2018-02-28,Not stated in NPPES — call to verify,CMS NPPES via Affine
1558070052,Anaia Trent,Behavioral health,,,Tempe,AZ,85281,8552237123,2022-11-23,Not stated in NPPES — call to verify,CMS NPPES via Affine
1629424999,Anam Ali,Other care,,,Tempe,AZ,85283,6029334550,2024-10-08,Not stated in NPPES — call to verify,CMS NPPES via Affine
1699347823,"Andee Schmidt, Rbt",Behavioral health,,,Tempe,AZ,85284,4806720536,2021-07-16,Not stated in NPPES — call to verify,CMS NPPES via Affine
1083326987,Andre Carver,Behavioral health,,,Tempe,AZ,85283,4803786826,2022-12-22,Not stated in NPPES — call to verify,CMS NPPES via Affine
1538903273,"Andre R Wilson, Lmt",Other care,,,Tempe,AZ,85283,4803884252,2024-06-19,Not stated in NPPES — call to verify,CMS NPPES via Affine
1871915264,"Andrea Daniels, Pharmd",Pharmacy,,,Tempe,AZ,85282,4809662791,2014-01-20,Not stated in NPPES — call to verify,CMS NPPES via Affine
1760146500,Andrea Gilligan,Other care,Speech-Language Assistant,,Tempe,AZ,85284,4805417000,2021-10-27,Not stated in NPPES — call to verify,CMS NPPES via Affine
1336806199,Andrea Khalife,Behavioral health,Mental Health,,Tempe,AZ,85282,6028459226,2026-09-15,Not stated in NPPES — call to verify,CMS NPPES via Affine
1235253683,"Andrea Lato, Ccc Slp",Other care,,,Tempe,AZ,85283,6023699419,2007-07-08,Not stated in NPPES — call to verify,CMS NPPES via Affine
1093118309,"Andrea M Maher, Lmsw",Behavioral health,,"2120 S MCCLINTOCK DR, STE. 105",Tempe,AZ,85282,4808040326,2017-04-23,Not stated in NPPES — call to verify,CMS NPPES via Affine
1487426664,Andrea Pacheco-Amaro,Other care,Athletic Trainer,,Tempe,AZ,85282,6268028843,2025-07-10,Not stated in NPPES — call to verify,CMS NPPES via Affine
1508311341,"Andrea Yim, Pharmd",Pharmacy,,,Tempe,AZ,85282,4803456328,2016-08-22,Not stated in NPPES — call to verify,CMS NPPES via Affine
1225422173,Andreas Xagoraris Md Pllc,Other care,,"2421 E SOUTHERN AVE, SUITE 1",Tempe,AZ,85282,4804252160,2015-03-27,Not stated in NPPES — call to verify,CMS NPPES via Affine
1750902698,"Andreina Cazares, M.S.",Behavioral health,,,Tempe,AZ,85284,6029212373,2024-04-22,Not stated in NPPES — call to verify,CMS NPPES via Affine
1932769668,Andres Meza,Other care,,,Tempe,AZ,85282,4807189493,2019-06-14,Not stated in NPPES — call to verify,CMS NPPES via Affine
1942652672,"Andrew Abela, Od",Other care,,"1825 E GUADALUPE RD, SUITE F107",Tempe,AZ,85283,4807301884,2016-07-06,Not stated in NPPES — call to verify,CMS NPPES via Affine
1538512496,Andrew B Mangum Md Pllc,Other care,,"2421 E SOUTHERN AVE, SUITE 1",Tempe,AZ,85282,4804252160,2016-07-15,Not stated in NPPES — call to verify,CMS NPPES via Affine
1740706357,Andrew Bacchus,Other care,,,Tempe,AZ,85283,4807770607,2022-07-21,Not stated in NPPES — call to verify,CMS NPPES via Affine
1053914713,"Andrew Bick, Dpt",Other care,,,Tempe,AZ,85282,6025128607,2026-08-27,Not stated in NPPES — call to verify,CMS NPPES via Affine
1619671096,"Andrew Bruce Krueger, Atc",Other care,Athletic Trainer,,Tempe,AZ,85284,7153020917,2023-04-12,Not stated in NPPES — call to verify,CMS NPPES via Affine
1841723418,Andrew Corbett,Other care,Orthopaedic Surgery of the Spine,,Tempe,AZ,85281,4809620071,2022-09-28,Not stated in NPPES — call to verify,CMS NPPES via Affine
1366622672,"Andrew Donald Dybala, Pa-C",Clinic / primary care,,,Tempe,AZ,85281,4807845533,2015-01-08,Not stated in NPPES — call to verify,CMS NPPES via Affine
1376640318,"Andrew Leslie Yee, Pharmacist",Hospital,,,Tempe,AZ,85283,6022394555,2007-07-08,Not stated in NPPES — call to verify,CMS NPPES via Affine
1619286366,"Andrew Michael Reese, Pharmd",Pharmacy,,,Tempe,AZ,85282,4807529750,2026-05-15,Not stated in NPPES — call to verify,CMS NPPES via Affine
1033912290,Andrew Stephen Ausi,Behavioral health,Mental Health,,Tempe,AZ,85282,4805250058,2025-03-31,Not stated in NPPES — call to verify,CMS NPPES via Affine
1912503319,Andy A Lee Md Pllc,Other care,,,Tempe,AZ,85282,6232331441,2020-12-10,Not stated in NPPES — call to verify,CMS NPPES via Affine
1750038162,"Anees Farooq, La.C",Other care,,,Tempe,AZ,85288,4807570985,2024-07-23,Not stated in NPPES — call to verify,CMS NPPES via Affine
1124800057,Anesthesia Anywhere Llc,Other care,,,Tempe,AZ,85282,4804143077,2024-08-14,Not stated in NPPES — call to verify,CMS NPPES via Affine
1700662012,Anesthesia Of Tempe,Other care,Pain Medicine,"1001 E WARNER RD, STE #103",Tempe,AZ,85284,4805974321,2023-09-01,Not stated in NPPES — call to verify,CMS NPPES via Affine
1952736993,"Anesthesia Physicians Of Arizona, Pc",Other care,,,Tempe,AZ,85281,4807845500,2019-08-09,Not stated in NPPES — call to verify,CMS NPPES via Affine
1134100639,Anesthesia Resources Ltd,Other care,,"2000 E SOUTHERN AVE, SUITE 102",Tempe,AZ,85282,4808209141,2010-07-30,Not stated in NPPES — call to verify,CMS NPPES via Affine
1386088904,Angel Clinic Llc,Clinic / primary care,Health Service,"4515 S MCCLINTOCK DR, #120",Tempe,AZ,85282,6028520200,2013-05-08,Not stated in NPPES — call to verify,CMS NPPES via Affine
1699905786,Angel Medical Trans Llc,Other care,,,Tempe,AZ,85281,6027549317,2010-02-24,Not stated in NPPES — call to verify,CMS NPPES via Affine
1760160790,Angela Arellano,Imaging,Magnetic Resonance Imaging (MRI),,Tempe,AZ,85282,6028544674,2023-07-10,Not stated in NPPES — call to verify,CMS NPPES via Affine
1922566595,Angela Carmen Viteri,Behavioral health,,,Tempe,AZ,85284,6026665101,2019-03-03,Not stated in NPPES — call to verify,CMS NPPES via Affine
1124471735,"Angela Chia-Chen Chen, Pmhnp",Behavioral health,Psychiatric/Mental Health,"2120 S MCCLINTOCK DR, SUITE 105",Tempe,AZ,85282,4808040326,2024-03-14,Not stated in NPPES — call to verify,CMS NPPES via Affine
1023468329,Angela Holly,Other care,,"1400 E SOUTHERN AVE, 310",Tempe,AZ,85282,6025679881,2016-06-16,Not stated in NPPES — call to verify,CMS NPPES via Affine
1255776308,"Angela L Fountain, Crna",Other care,,,Tempe,AZ,85283,4804141295,2019-07-22,Not stated in NPPES — call to verify,CMS NPPES via Affine
1285014381,Angela Lacroix,Other care,,"1805 N SCOTTSDALE RD, 2",Tempe,AZ,85281,4809414169,2015-06-03,Not stated in NPPES — call to verify,CMS NPPES via Affine
1750640454,"Angela M Griffin, Fnp",Clinic / primary care,Family,,Tempe,AZ,85282,4804003175,2023-05-16,Not stated in NPPES — call to verify,CMS NPPES via Affine
1851959266,Angela Wilson,Behavioral health,Mental Health,,Tempe,AZ,85283,6025403593,2019-05-31,Not stated in NPPES — call to verify,CMS NPPES via Affine
1578237897,Angelic Hands Homecare Service Llc,Other care,,,Tempe,AZ,85283,6027045013,2021-08-02,Not stated in NPPES — call to verify,CMS NPPES via Affine
1821855313,Angelica Danielle Dains,Other care,,,Tempe,AZ,85287,4809653482,2024-03-01,Not stated in NPPES — call to verify,CMS NPPES via Affine
1851012397,Angelique Terry Martinez,Behavioral health,,"4350 E RAY ROAD, BUILDING 2- SUITE 109",Tempe,AZ,85281,6026665101,2022-09-02,Not stated in NPPES — call to verify,CMS NPPES via Affine
1932695947,Angels Of Mercy Attendant Care Llc,Other care,,,Tempe,AZ,85284,6148054382,2018-07-03,Not stated in NPPES — call to verify,CMS NPPES via Affine
1942040936,Anika Elise Gray,Behavioral health,,,Tempe,AZ,85281,4808630763,2024-12-24,Not stated in NPPES — call to verify,CMS NPPES via Affine
1194436436,"Anissa Galindo, Lac",Behavioral health,Mental Health,,Tempe,AZ,85282,4808040326,2022-12-07,Not stated in NPPES — call to verify,CMS NPPES via Affine
1295491561,"Anissa May Fox, Lpc",Behavioral health,Mental Health,,Tempe,AZ,85282,4804624277,2024-09-13,Not stated in NPPES — call to verify,CMS NPPES via Affine
1659493153,"Anitha A. Goud, Dds",Dental,,,Tempe,AZ,85284,8084566444,2021-02-02,Not stated in NPPES — call to verify,CMS NPPES via Affine
1972015469,"Anitha Sreeni, Np-C",Clinic / primary care,Family,,Tempe,AZ,85282,4803045467,2018-01-17,Not stated in NPPES — call to verify,CMS NPPES via Affine
1710533906,"Anjelica Hernandez, Otd, Otr/L",Other care,,,Tempe,AZ,85282,4804560719,2019-08-13,Not stated in NPPES — call to verify,CMS NPPES via Affine
1306592647,Anm Medtrans Llc,Other care,,,Tempe,AZ,85283,4806699998,2022-02-24,Not stated in NPPES — call to verify,CMS NPPES via Affine
1316066988,"Ann E Defrancis, Ot",Other care,,,Tempe,AZ,85282,4804560719,2009-09-14,Not stated in NPPES — call to verify,CMS NPPES via Affine
1447641097,"Ann E Khamou, Lmsw",Behavioral health,,"2120 S MCCLINTOCK DR, STE. 105",Tempe,AZ,85282,4808040326,2015-10-13,Not stated in NPPES — call to verify,CMS NPPES via Affine
1750894499,Ann E Taylor,Other care,,,Tempe,AZ,85283,4807770607,2017-11-15,Not stated in NPPES — call to verify,CMS NPPES via Affine
1366781692,Ann M Fritz,Other care,,,Tempe,AZ,85282,6023733136,2019-01-06,Not stated in NPPES — call to verify,CMS NPPES via Affine
1942427711,"Ann M Fudala, Pharmd",Pharmacy,,"51 W 3RD ST, SUITE 501",Tempe,AZ,85281,4803176780,2007-07-08,Not stated in NPPES — call to verify,CMS NPPES via Affine
1184628521,"Ann M Tracy, A.P.R.N",Clinic / primary care,Family,,Tempe,AZ,85282,4803045467,2016-11-07,Not stated in NPPES — call to verify,CMS NPPES via Affine
1902106933,"Ann Rae Gilan, M.S. Slp",Other care,,,Tempe,AZ,85284,4807831500,2010-10-25,Not stated in NPPES — call to verify,CMS NPPES via Affine
1457449977,"Ann S Ryan, Fnp",Clinic / primary care,Family,,Tempe,AZ,85281,4809653346,2016-10-10,Not stated in NPPES — call to verify,CMS NPPES via Affine
1255817052,"Anna De Jesus, Rdn",Other care,,,Tempe,AZ,85284,6028198394,2018-07-14,Not stated in NPPES — call to verify,CMS NPPES via Affine
1346917309,"Anna House, Rn",Other care,,,Tempe,AZ,85281,6512538625,2021-08-26,Not stated in NPPES — call to verify,CMS NPPES via Affine
1114680832,Anna Jenkins,Behavioral health,Mental Health,,Tempe,AZ,85282,4805250058,2023-10-18,Not stated in NPPES — call to verify,CMS NPPES via Affine
1861281529,"Anna Kingsley Keenan, Ma,Bcba",Behavioral health,,,Tempe,AZ,85284,6232633966,2025-12-15,Not stated in NPPES — call to verify,CMS NPPES via Affine
1669088902,"Anna Liza D Manahan, Pta",Other care,,,Tempe,AZ,85284,4803744341,2020-09-22,Not stated in NPPES — call to verify,CMS NPPES via Affine
1669966511,Anna Loewen,Behavioral health,Professional,,Tempe,AZ,85282,4808040326,2024-01-24,Not stated in NPPES — call to verify,CMS NPPES via Affine
1346210846,"Anna Lupa, Md",Clinic / primary care,,,Tempe,AZ,85283,4803455000,2007-07-08,Not stated in NPPES — call to verify,CMS NPPES via Affine
1902502164,"Anna Merrill, Pta",Other care,,,Tempe,AZ,85284,4803744341,2023-01-31,Not stated in NPPES — call to verify,CMS NPPES via Affine
1932714755,Anna Meyers,Other care,,"1 W. ELLIOT RD SUITE, SUITE 109",Tempe,AZ,85284,4803344337,2026-02-25,Not stated in NPPES — call to verify,CMS NPPES via Affine
1568043990,Anna Nalukwago,Other care,,,Tempe,AZ,85284,6026665101,2021-04-17,Not stated in NPPES — call to verify,CMS NPPES via Affine
1427220144,Anna Rene Broussard,Behavioral health,Professional,"6625 S RURAL RD, SUITE 111",Tempe,AZ,85283,4807511020,2008-04-02,Not stated in NPPES — call to verify,CMS NPPES via Affine
1255841821,"Anna T Yoshihara, Otr/L",Other care,,,Tempe,AZ,85282,4804560719,2020-01-21,Not stated in NPPES — call to verify,CMS NPPES via Affine
1396432811,Annaliez Mecedes Martinez,Other care,,,Tempe,AZ,85283,9282556213,2023-04-24,Not stated in NPPES — call to verify,CMS NPPES via Affine
1699924191,"Anne Burrows, Eds, Ncsp",Behavioral health,School,,Tempe,AZ,85282,4809678336,2008-09-09,Not stated in NPPES — call to verify,CMS NPPES via Affine
1073429692,Anne Marie Chalmers,Behavioral health,Mental Health,,Tempe,AZ,85282,4803822782,2026-08-22,Not stated in NPPES — call to verify,CMS NPPES via Affine
1275553927,"Anne Marie Reed, Do",Clinic / primary care,,,Tempe,AZ,85281,8886636331,2024-10-03,Not stated in NPPES — call to verify,CMS NPPES via Affine
1427984640,Anne Santoro,Other care,,,Tempe,AZ,85284,6023903774,2026-06-23,Not stated in NPPES — call to verify,CMS NPPES via Affine
1669809307,"Anne Waweru, Lpn",Other care,,,Tempe,AZ,85284,4805411000,2013-09-26,Not stated in NPPES — call to verify,CMS NPPES via Affine
1548983745,Anneka Miguel,Other care,Case Management,,Tempe,AZ,85282,5202337111,2022-09-22,Not stated in NPPES — call to verify,CMS NPPES via Affine
1861866683,Annette Hobi,Other care,,,Tempe,AZ,85283,6026076200,2026-02-10,Not stated in NPPES — call to verify,CMS NPPES via Affine
1982057709,"Annie Chao, D.M.D.",Dental,,,Tempe,AZ,85283,4803454017,2022-11-30,Not stated in NPPES — call to verify,CMS NPPES via Affine
1205662566,Annie Nguyen,Pharmacy,,,Tempe,AZ,85282,4805570970,2024-09-12,Not stated in NPPES — call to verify,CMS NPPES via Affine
1649571803,"Anny Gonzalez Gimbel, Dpt",Other care,,,Tempe,AZ,85282,4808290217,2023-12-04,Not stated in NPPES — call to verify,CMS NPPES via Affine
1760360341,Anora Hospice Llc,Other care,,,Tempe,AZ,85282,5033493542,2025-08-22,Not stated in NPPES — call to verify,CMS NPPES via Affine
1114490273,"Anoriza Medical Group, Llc",Clinic / primary care,,,Tempe,AZ,85283,4808398552,2023-01-05,Not stated in NPPES — call to verify,CMS NPPES via Affine
1811386394,Anthony Bratko,Behavioral health,Adult Mental Health,,Tempe,AZ,85281,6024024474,2015-01-21,Not stated in NPPES — call to verify,CMS NPPES via Affine
1093195810,Anthony Bratko,Behavioral health,Mental Health,,Tempe,AZ,85281,6024024474,2015-06-06,Not stated in NPPES — call to verify,CMS NPPES via Affine
1255039558,"Anthony Castillo, Lpc",Behavioral health,Professional,,Tempe,AZ,85282,4805250058,2026-08-07,Not stated in NPPES — call to verify,CMS NPPES via Affine
1346938396,Anthony Gene Chase Thornton,Behavioral health,Clinical,,Tempe,AZ,85284,4803318002,2023-04-27,Not stated in NPPES — call to verify,CMS NPPES via Affine
1376644781,"Anthony Leo Rubin, Ma",Behavioral health,Professional,,Tempe,AZ,85283,4807756423,2007-07-08,Not stated in NPPES — call to verify,CMS NPPES via Affine
1285615914,"Anthony Martin Putnam, Md",Other care,,"2000 E SOUTHERN AVE, SUITE 102",Tempe,AZ,85282,4808209141,2010-07-30,Not stated in NPPES — call to verify,CMS NPPES via Affine
1770563587,"Anthony R Burgan, Md",Other care,Anatomic Pathology & Clinical Pathology,,Tempe,AZ,85281,6026855211,2013-08-15,Not stated in NPPES — call to verify,CMS NPPES via Affine
1093476426,Anthony Rocha,Other care,Athletic Trainer,,Tempe,AZ,85281,2099542055,2022-01-07,Not stated in NPPES — call to verify,CMS NPPES via Affine
1396420535,Anthony Soza,Behavioral health,,,Tempe,AZ,85283,4804744226,2023-06-15,Not stated in NPPES — call to verify,CMS NPPES via Affine
1891025953,Antonia Alduino Plc,Other care,,"2421 E SOUTHERN AVE, SUITE 1",Tempe,AZ,85282,4804252160,2010-01-12,Not stated in NPPES — call to verify,CMS NPPES via Affine
1487538740,Antonio Casa Perez,Behavioral health,,,Tempe,AZ,85288,4807999515,2025-07-31,Not stated in NPPES — call to verify,CMS NPPES via Affine
1619937976,"Antonio M Alduino, Do",Other care,,,Tempe,AZ,85282,4804252160,2022-12-12,Not stated in NPPES — call to verify,CMS NPPES via Affine
1215960653,"Anuneet K Haas, Md",Clinic / primary care,,,Tempe,AZ,85283,4803455085,2014-03-28,Not stated in NPPES — call to verify,CMS NPPES via Affine
1316992043,"Anup Rai, M.D.",Clinic / primary care,Nephrology,"2149 E WARNER RD STE 102, STE H101",Tempe,AZ,85284,4806106100,2023-03-07,Not stated in NPPES — call to verify,CMS NPPES via Affine
1407661176,"Anyoliny Sanchez, Ms",Behavioral health,Counseling,,Tempe,AZ,85288,7863514313,2025-02-10,Not stated in NPPES — call to verify,CMS NPPES via Affine
1144178195,Anyssa Flores,Behavioral health,,,Tempe,AZ,85283,4809020771,2026-03-17,Not stated in NPPES — call to verify,CMS NPPES via Affine
1679887079,Apache Med Trans Llc,Other care,Air Transport,"60 E. RIO SALADO PARKWAY, SUITE 900",Tempe,AZ,85281,9136635535,2011-11-18,Not stated in NPPES — call to verify,CMS NPPES via Affine
1275087504,Apache Medical Transportation,Other care,,,Tempe,AZ,85281,6026149004,2022-07-21,Not stated in NPPES — call to verify,CMS NPPES via Affine
1780907733,Apache Taxi Llc,Other care,,,Tempe,AZ,85281,4808041000,2010-03-16,Not stated in NPPES — call to verify,CMS NPPES via Affine
1447624051,Aparna Rao,Other care,,"975 SOUTH MYRTLE AVENUE, COOR HALL 2211",Tempe,AZ,85281,7632265521,2015-11-19,Not stated in NPPES — call to verify,CMS NPPES via Affine
1659510576,Apria Health Care,Other care,,,Tempe,AZ,85281,4804594200,2009-02-17,Not stated in NPPES — call to verify,CMS NPPES via Affine
1407490576,April Bleicher,Behavioral health,,,Tempe,AZ,85284,8557728847,2026-08-06,Not stated in NPPES — call to verify,CMS NPPES via Affine
1811507379,Aptitude Mental Health Pllc,Behavioral health,Mental Health (Including Community Mental Health Center),,Tempe,AZ,85282,4805721832,2021-06-02,Not stated in NPPES — call to verify,CMS NPPES via Affine
1396623534,Ar Cranial Prosthesis Llc,Other care,,,Tempe,AZ,85284,6027583332,2025-12-12,Not stated in NPPES — call to verify,CMS NPPES via Affine
1356911986,"Araceli Inez Luna Vidal, Rn",Other care,Case Management,,Tempe,AZ,85282,5202337111,2021-06-27,Not stated in NPPES — call to verify,CMS NPPES via Affine
1841023066,"Araki Psychological Services, Pllc",Other care,,,Tempe,AZ,85283,6028057700,2024-08-22,Not stated in NPPES — call to verify,CMS NPPES via Affine
1548968274,Arches Behavioral Health Center,Behavioral health,Mental Health (Including Community Mental Health Center),,Tempe,AZ,85284,4803067731,2025-07-18,Not stated in NPPES — call to verify,CMS NPPES via Affine
1851139950,Arely Garcia,Other care,,,Tempe,AZ,85284,4803744341,2024-07-15,Not stated in NPPES — call to verify,CMS NPPES via Affine
1558429316,Arete Sleep Therapy Llc,Other care,,"2245 W UNIVERSITY DRIVE, SUITE 7",Tempe,AZ,85281,4809077900,2011-07-20,Not stated in NPPES — call to verify,CMS NPPES via Affine
1457094815,Ariana Lynn Lucas,Behavioral health,,,Tempe,AZ,85283,9282426522,2022-04-14,Not stated in NPPES — call to verify,CMS NPPES via Affine
1962074666,Ariana Pitruzzello,Behavioral health,,,Tempe,AZ,85284,6232623996,2025-09-11,Not stated in NPPES — call to verify,CMS NPPES via Affine
1851128623,Ariand Pllc,Other care,Psychiatry,,Tempe,AZ,85282,4808486139,2024-09-17,Not stated in NPPES — call to verify,CMS NPPES via Affine
1043699564,"Arianna Lacroix, St",Other care,,,Tempe,AZ,85282,4804560719,2018-05-15,Not stated in NPPES — call to verify,CMS NPPES via Affine
1922724665,Arianna Shewfelt,Behavioral health,,,Tempe,AZ,85281,8552237123,2022-10-14,Not stated in NPPES — call to verify,CMS NPPES via Affine
1134718174,"Ariannah Hood, Lcsw",Behavioral health,Clinical,,Tempe,AZ,85282,6199718113,2024-04-23,Not stated in NPPES — call to verify,CMS NPPES via Affine
1306782719,"Arielle Arnett, Lpc",Behavioral health,Professional,,Tempe,AZ,85284,4806560500,2026-04-27,Not stated in NPPES — call to verify,CMS NPPES via Affine
1124814561,"Arielle Jaclyn Naranjo, Nmd",Other care,,,Tempe,AZ,85282,4809700000,2025-04-15,Not stated in NPPES — call to verify,CMS NPPES via Affine
1336773670,"Arijeta Ahmeti-Thomas, Lcsw",Behavioral health,Clinical,,Tempe,AZ,85282,4808040326,2025-05-07,Not stated in NPPES — call to verify,CMS NPPES via Affine
1124854500,Arise Health Solutions Llc,Other care,,,Tempe,AZ,85282,6025177186,2024-09-19,Not stated in NPPES — call to verify,CMS NPPES via Affine
1750106969,Ariyan Rostami,Behavioral health,,,Tempe,AZ,85281,4808630763,2024-12-23,Not stated in NPPES — call to verify,CMS NPPES via Affine
1861152647,Arizona Bariatric And Laparoscopic,Other care,,,Tempe,AZ,85282,4806895104,2023-10-10,Not stated in NPPES — call to verify,CMS NPPES via Affine
1427523075,Arizona Behavioral Care Homes Llc,Other care,,,Tempe,AZ,85282,4808401601,2018-10-10,Not stated in NPPES — call to verify,CMS NPPES via Affine
1033684683,Arizona Behavioral Care Homes Llc,Other care,,,Tempe,AZ,85281,4808401601,2018-10-10,Not stated in NPPES — call to verify,CMS NPPES via Affine
1851784912,Arizona Behavioral Counseling And Education Inc,Other care,,"2525 S RURAL RD, SUITE 7-SOUTH",Tempe,AZ,85282,6027881116,2024-09-18,Not stated in NPPES — call to verify,CMS NPPES via Affine
1518391226,"Arizona Breastfeeding Center, Llc",Other care,,"4701 S LAKESHORE DR, SUITE 2",Tempe,AZ,85282,4802691639,2013-08-29,Not stated in NPPES — call to verify,CMS NPPES via Affine
1780127266,Arizona Cardiovascular Care,Clinic / primary care,Cardiovascular Disease,,Tempe,AZ,85282,4808784077,2023-10-12,Not stated in NPPES — call to verify,CMS NPPES via Affine
1528380524,"Arizona Care & Enrichment Services, Inc",Other care,,"1655 E. SOUTHERN AVE, APT 45",Tempe,AZ,85282,4804306358,2010-02-18,Not stated in NPPES — call to verify,CMS NPPES via Affine
1740599067,Arizona Care Trnasportation,Other care,,,Tempe,AZ,85283,6024354443,2010-10-04,Not stated in NPPES — call to verify,CMS NPPES via Affine
1447406228,Arizona Center For Implant Dentistry,Dental,General Practice,,Tempe,AZ,85282,4804911313,2008-08-13,Not stated in NPPES — call to verify,CMS NPPES via Affine
1346834256,Arizona Center For Outpatient Treatment Llc,Clinic / primary care,Ambulatory Fertility Facility,,Tempe,AZ,85284,4808312445,2021-02-22,Not stated in NPPES — call to verify,CMS NPPES via Affine
1356940274,"Arizona Centers For Orthobiologics, Llc",Clinic / primary care,Ambulatory Surgical,,Tempe,AZ,85283,4807781400,2020-10-21,Not stated in NPPES — call to verify,CMS NPPES via Affine
1669710596,Arizona Chiropractic Inc,Other care,,,Tempe,AZ,85284,4808189053,2024-02-02,Not stated in NPPES — call to verify,CMS NPPES via Affine
1699491548,Arizona Counseling Centers Pc,Behavioral health,Mental Health,,Tempe,AZ,85282,4802439343,2022-10-12,Not stated in NPPES — call to verify,CMS NPPES via Affine
1932017225,Arizona Endocrinology Of Tempe Pllc,Clinic / primary care,,,Tempe,AZ,85282,4807817399,2026-08-31,Not stated in NPPES — call to verify,CMS NPPES via Affine
1861024184,"Arizona Epilepsy Associates, Llc",Other care,Neurology,,Tempe,AZ,85283,4809393037,2021-05-05,Not stated in NPPES — call to verify,CMS NPPES via Affine
1003955832,Arizona Family Physicians,Clinic / primary care,,"2127 E BASELINE RD, 104",Tempe,AZ,85283,4808977070,2020-08-22,Not stated in NPPES — call to verify,CMS NPPES via Affine
1336651496,Arizona Family Physicians Llc,Clinic / primary care,Primary Care,,Tempe,AZ,85282,4808977070,2021-03-10,Not stated in NPPES — call to verify,CMS NPPES via Affine
1932404050,"Arizona Heart Perfusion, Llc",Other care,,"5801 S MCCLINTOCK DR, 110",Tempe,AZ,85283,4807770607,2011-01-20,Not stated in NPPES — call to verify,CMS NPPES via Affine
1568433969,Arizona Home Care Llc,Other care,,,Tempe,AZ,85281,6022525000,2015-10-21,Not stated in NPPES — call to verify,CMS NPPES via Affine
1609845619,"Arizona Institute For Genetics And Fetal Medicine, A Professional Corp",Other care,Clinical Genetics (M.D.),"6301 S MCCLINTOCK DR, SUITE 115",Tempe,AZ,85283,4808970234,2020-08-22,Not stated in NPPES — call to verify,CMS NPPES via Affine
1285962654,"Arizona Labor Force, Inc.",Other care,,,Tempe,AZ,85283,6022813357,2009-11-24,Not stated in NPPES — call to verify,CMS NPPES via Affine
1487199592,Arizona Medical And Sports Rehab Llc,Clinic / primary care,,"1840 E WARNER RD, SUITE 120",Tempe,AZ,85284,5024152836,2017-04-07,Not stated in NPPES — call to verify,CMS NPPES via Affine
1679716542,"Arizona Medical Vein Care, Pc",Other care,,"4515 S MCCLINTOCK DR, SUITE 101",Tempe,AZ,85282,4808606455,2009-06-09,Not stated in NPPES — call to verify,CMS NPPES via Affine
1720565294,Arizona Mobile Dental Services,Clinic / primary care,Dental,,Tempe,AZ,85284,4808997996,2018-07-26,Not stated in NPPES — call to verify,CMS NPPES via Affine
1548465248,"Arizona Ocular Prosthetics, Llc",Other care,Ocularist,,Tempe,AZ,85282,4802643041,2020-07-17,Not stated in NPPES — call to verify,CMS NPPES via Affine
1598153843,Arizona Oncology Associates Pc,Clinic / primary care,Hematology & Oncology,,Tempe,AZ,85284,4802561664,2017-05-09,Not stated in NPPES — call to verify,CMS NPPES via Affine
1295094928,Arizona One Medical Transportation Llc,Other care,,,Tempe,AZ,85282,8555585556,2012-05-15,Not stated in NPPES — call to verify,CMS NPPES via Affine
1043261720,Arizona Orthopedic & Spine Center Pc,Other care,,,Tempe,AZ,85282,4808310836,2020-08-22,Not stated in NPPES — call to verify,CMS NPPES via Affine
1225451594,"Arizona Pain Management, Plc",Other care,Pain Medicine,,Tempe,AZ,85282,6029106760,2014-02-21,Not stated in NPPES — call to verify,CMS NPPES via Affine
1689305195,"Arizona Pain Specialists, Pllc",Clinic / primary care,Multi-Specialty,,Tempe,AZ,85282,1480245600,2022-06-23,Not stated in NPPES — call to verify,CMS NPPES via Affine
1013230739,Arizona Pediatric Autism Consultants,Clinic / primary care,Hearing and Speech,"430 W WARNER RD, SUITE 110",Tempe,AZ,85284,4802279474,2010-03-09,Not stated in NPPES — call to verify,CMS NPPES via Affine
1174592091,"Arizona Perinatal Providers, Pllc",Imaging,Diagnostic Ultrasound,"6301 S MCCLINTOCK DR, SUITE 115",Tempe,AZ,85283,4808970242,2020-08-22,Not stated in NPPES — call to verify,CMS NPPES via Affine
1336811447,Arizona Premium Care Llc,Other care,,,Tempe,AZ,85282,4807213000,2021-09-28,Not stated in NPPES — call to verify,CMS NPPES via Affine
1689114878,Arizona Psychology And Wellness Plc,Behavioral health,,,Tempe,AZ,85284,4804306346,2018-02-15,Not stated in NPPES — call to verify,CMS NPPES via Affine
1649719584,Arizona Select Hospice Llc,Other care,,"1270 E BROADWAY RD, STE 101",Tempe,AZ,85282,4807504008,2017-07-14,Not stated in NPPES — call to verify,CMS NPPES via Affine
1104807296,Arizona Senior Care Pharmacy Inc,Pharmacy,Long Term Care Pharmacy,"2727 W BASELINE RD, STE 1",Tempe,AZ,85283,6024389301,2015-09-28,Not stated in NPPES — call to verify,CMS NPPES via Affine
1528874542,Arizona Serenity Center Llc,Other care,,,Tempe,AZ,85283,6026772968,2024-12-04,Not stated in NPPES — call to verify,CMS NPPES via Affine
1023249323,Arizona Speech Pathology,Other care,,,Tempe,AZ,85282,4804517226,2009-08-04,Not stated in NPPES — call to verify,CMS NPPES via Affine
1609168442,"Arizona Spine Center, P.A.",Other care,Orthopaedic Surgery of the Spine,,Tempe,AZ,85284,4804915505,2011-05-12,Not stated in NPPES — call to verify,CMS NPPES via Affine
1114623246,Arizona Sports Medicine Pllc,Clinic / primary care,,,Tempe,AZ,85282,4804006225,2026-03-16,Not stated in NPPES — call to verify,CMS NPPES via Affine
1629013263,Arizona State University,Clinic / primary care,,,Tempe,AZ,85281,4809653346,2025-09-22,Not stated in NPPES — call to verify,CMS NPPES via Affine
1467079020,Arizona State University,Clinic / primary care,,,Tempe,AZ,85281,4807278322,2020-06-30,Not stated in NPPES — call to verify,CMS NPPES via Affine
1396072682,Arizona State University,Clinic / primary care,,,Tempe,AZ,85281,4808586527,2009-11-09,Not stated in NPPES — call to verify,CMS NPPES via Affine
1477959518,Arizona State University,Pharmacy,,,Tempe,AZ,85287,4809659113,2016-06-01,Not stated in NPPES — call to verify,CMS NPPES via Affine
1063883924,Arizona State University,Other care,,"975 S. MYRTLE AVENUE, COOR HALL 2211",Tempe,AZ,85281,4809652373,2015-10-30,Not stated in NPPES — call to verify,CMS NPPES via Affine
1821492455,Arizona State University,Pharmacy,,,Tempe,AZ,85287,4809659113,2016-06-01,Not stated in NPPES — call to verify,CMS NPPES via Affine
1013925296,Arizona State University,Behavioral health,Clinical,,Tempe,AZ,85287,4809656147,2025-09-11,Not stated in NPPES — call to verify,CMS NPPES via Affine
1194058917,Arizona State University,Clinic / primary care,,,Tempe,AZ,85281,4803505878,2009-10-26,Not stated in NPPES — call to verify,CMS NPPES via Affine
1952338865,Arizona State University,Other care,,,Tempe,AZ,85287,4809652373,2020-08-22,Not stated in NPPES — call to verify,CMS NPPES via Affine
1225179633,Arizona State University Campus Health Pharmacy,Pharmacy,Clinic Pharmacy,,Tempe,AZ,85287,4809653338,2020-08-22,Not stated in NPPES — call to verify,CMS NPPES via Affine
1366038929,Arizona State University Employee Health Services,Clinic / primary care,Occupational Health,,Tempe,AZ,85281,4809851823,2020-12-17,Not stated in NPPES — call to verify,CMS NPPES via Affine
1346383387,Arizona Surgeon Assistance,Clinic / primary care,Surgical,"2000 E SOUTHERN AVE, #105",Tempe,AZ,85282,4808200627,2020-08-22,Not stated in NPPES — call to verify,CMS NPPES via Affine
1659792141,Arizona Surgical Associates,Other care,,,Tempe,AZ,85282,4808296100,2013-12-30,Not stated in NPPES — call to verify,CMS NPPES via Affine
1831137868,Arizona Surgical Institute Llc,Other care,,,Tempe,AZ,85282,4808296100,2009-04-16,Not stated in NPPES — call to verify,CMS NPPES via Affine
1285767822,"Arizona Surgical Specialists Center, Llc",Clinic / primary care,Ambulatory Surgical,,Tempe,AZ,85283,6237421572,2026-05-20,Not stated in NPPES — call to verify,CMS NPPES via Affine
1427544717,Arizona Valley Diagnostics Llc,Clinic / primary care,Multi-Specialty,,Tempe,AZ,85282,5204908368,2018-11-01,Not stated in NPPES — call to verify,CMS NPPES via Affine
1700297694,Arizona Work Disability Prevention Association,Other care,,,Tempe,AZ,85282,6023150263,2014-05-13,Not stated in NPPES — call to verify,CMS NPPES via Affine
1023948759,Ark Medical Supplies Llc,Other care,,,Tempe,AZ,85288,2138767984,2026-05-22,Not stated in NPPES — call to verify,CMS NPPES via Affine
1043033350,Arleth Salgado Martinez,Behavioral health,,,Tempe,AZ,85281,4808630763,2024-12-23,Not stated in NPPES — call to verify,CMS NPPES via Affine
1013980515,"Arlynn B Roper, O.D.",Other care,,,Tempe,AZ,85283,4805170047,2021-03-10,Not stated in NPPES — call to verify,CMS NPPES via Affine
1437819554,Aron Mixson,Other care,,,Tempe,AZ,85284,4803347540,2021-12-30,Not stated in NPPES — call to verify,CMS NPPES via Affine
1770254633,"Arrol Alan Wissel, Fnp",Clinic / primary care,Family,,Tempe,AZ,85281,4808827380,2021-12-15,Not stated in NPPES — call to verify,CMS NPPES via Affine
1033220041,Arthur J O'connor Md Pc,Other care,,"2600 E SOUTHERN AVE, SUITE E1",Tempe,AZ,85282,4808390927,2008-08-04,Not stated in NPPES — call to verify,CMS NPPES via Affine
1568912756,Artisan Behavioral Health Llc,Behavioral health,Mental Health,"4450 S RURAL RD, SUITE E-125",Tempe,AZ,85282,4806598245,2016-10-11,Not stated in NPPES — call to verify,CMS NPPES via Affine
1821553900,"Artwan Green, Lmsw",Behavioral health,Clinical,,Tempe,AZ,85282,4804292944,2025-01-30,Not stated in NPPES — call to verify,CMS NPPES via Affine
1316727837,Aruga Care Coordination Services Llc,Behavioral health,Clinical,,Tempe,AZ,85281,8009214832,2023-10-02,Not stated in NPPES — call to verify,CMS NPPES via Affine
1013693282,"Arun R Cibrario, Bs, Rbt",Behavioral health,,,Tempe,AZ,85284,4806720536,2023-06-23,Not stated in NPPES — call to verify,CMS NPPES via Affine
1992499578,Aryza Gloria Olague,Behavioral health,,,Tempe,AZ,85283,4804893925,2023-06-06,Not stated in NPPES — call to verify,CMS NPPES via Affine
1225433642,Asc Tempe Llc,Clinic / primary care,Ambulatory Surgical,"940 E UNIVERSITY DR, STE. 102",Tempe,AZ,85281,6235006072,2014-10-28,Not stated in NPPES — call to verify,CMS NPPES via Affine
1295574119,Ascension Mental Health,Behavioral health,Psychiatric/Mental Health,,Tempe,AZ,85282,5202278785,2024-11-14,Not stated in NPPES — call to verify,CMS NPPES via Affine
1851074173,Aseel Khalil,Behavioral health,,,Tempe,AZ,85281,4808630763,2024-12-23,Not stated in NPPES — call to verify,CMS NPPES via Affine
1225969496,"Asheeki Elmore, Psyd",Behavioral health,School,,Tempe,AZ,85282,4808945574,2026-05-27,Not stated in NPPES — call to verify,CMS NPPES via Affine
1174292098,"Ashlee Halsell, L.Ac., Dipl. O.M.",Other care,,,Tempe,AZ,85282,2404613510,2021-09-13,Not stated in NPPES — call to verify,CMS NPPES via Affine
1669220059,"Ashley B Jasso, Rn",Other care,,,Tempe,AZ,85282,4809771800,2024-05-09,Not stated in NPPES — call to verify,CMS NPPES via Affine
1124427323,Ashley Baum,Other care,Speech-Language Assistant,,Tempe,AZ,85282,4803389414,2014-08-14,Not stated in NPPES — call to verify,CMS NPPES via Affine
1013888205,"Ashley Bermeo, Otd, Otr/L",Other care,Pediatrics,,Tempe,AZ,85282,9139616994,2025-09-12,Not stated in NPPES — call to verify,CMS NPPES via Affine
1710656145,Ashley Camacho,Behavioral health,,,Tempe,AZ,85281,8552237123,2021-09-09,Not stated in NPPES — call to verify,CMS NPPES via Affine
1689172942,Ashley Elizabeth Weiss,Other care,,,Tempe,AZ,85284,4802964229,2026-05-12,Not stated in NPPES — call to verify,CMS NPPES via Affine
1710171798,"Ashley Embree, Pharm.D.",Pharmacy,,,Tempe,AZ,85281,6024026350,2007-08-31,Not stated in NPPES — call to verify,CMS NPPES via Affine
1548950967,"Ashley Franchetto, Lpc",Behavioral health,Professional,,Tempe,AZ,85282,4804282944,2025-04-25,Not stated in NPPES — call to verify,CMS NPPES via Affine
1457276081,Ashley Gallardo,Behavioral health,,,Tempe,AZ,85281,4808630763,2026-08-12,Not stated in NPPES — call to verify,CMS NPPES via Affine
1417699729,"Ashley Hamilton, Ma",Behavioral health,,,Tempe,AZ,85284,8557728847,2024-11-01,Not stated in NPPES — call to verify,CMS NPPES via Affine
1356590863,"Ashley Lauren Daniels, M.S.",Other care,,,Tempe,AZ,85284,4807832637,2008-09-09,Not stated in NPPES — call to verify,CMS NPPES via Affine
1306502364,"Ashley Malovoz, M.S., Ccc-Slp",Other care,,,Tempe,AZ,85284,6232633968,2026-06-16,Not stated in NPPES — call to verify,CMS NPPES via Affine
1356091847,Ashley Mccann,Behavioral health,,,Tempe,AZ,85282,4806411165,2022-03-27,Not stated in NPPES — call to verify,CMS NPPES via Affine
1053662155,Ashley Mccaw,Other care,,,Tempe,AZ,85282,4807307263,2012-09-28,Not stated in NPPES — call to verify,CMS NPPES via Affine
1154897494,"Ashley Meghan Wanzer, Pa-C",Clinic / primary care,,,Tempe,AZ,85282,4807180568,2026-09-16,Not stated in NPPES — call to verify,CMS NPPES via Affine
1811472343,Ashley Milhizer,Other care,,,Tempe,AZ,85282,4809700000,2018-10-01,Not stated in NPPES — call to verify,CMS NPPES via Affine
1679391189,Ashley Nicole Marley,Behavioral health,,,Tempe,AZ,85281,4808630763,2024-12-23,Not stated in NPPES — call to verify,CMS NPPES via Affine
1629730551,"Ashley Preves, Mc",Behavioral health,Mental Health,,Tempe,AZ,85282,4804475823,2021-10-07,Not stated in NPPES — call to verify,CMS NPPES via Affine
1588340806,"Ashley Stenner-Palacios, Ba, Rbt",Behavioral health,,,Tempe,AZ,85284,4806720536,2023-06-22,Not stated in NPPES — call to verify,CMS NPPES via Affine
1285564971,"Ashton Renae Perrin, Ed.S., Ncsp",Behavioral health,School,,Tempe,AZ,85282,4809678933,2026-05-22,Not stated in NPPES — call to verify,CMS NPPES via Affine
1821985268,"Ashton Troop, Lamft",Behavioral health,,,Tempe,AZ,85283,4802828778,2025-06-19,Not stated in NPPES — call to verify,CMS NPPES via Affine
1245121474,Asml Transportation Llc,Other care,,,Tempe,AZ,85283,6028155707,2025-07-15,Not stated in NPPES — call to verify,CMS NPPES via Affine
1356121768,Aspire Healing Centers,Behavioral health,Clinical,,Tempe,AZ,85282,4802419824,2023-10-03,Not stated in NPPES — call to verify,CMS NPPES via Affine
1215852066,Asu Preparatory Academy,Other care,,,Tempe,AZ,85288,4807272435,2026-08-11,Not stated in NPPES — call to verify,CMS NPPES via Affine
1003522186,At Home Care Llc,Other care,,,Tempe,AZ,85281,6024665982,2024-02-23,Not stated in NPPES — call to verify,CMS NPPES via Affine
1932043858,At Home Home Care Llc,Other care,,,Tempe,AZ,85282,5138840917,2026-05-14,Not stated in NPPES — call to verify,CMS NPPES via Affine
1700778727,At Last Psychiatry Pllc,Behavioral health,Mental Health (Including Community Mental Health Center),,Tempe,AZ,85282,5204280682,2025-08-14,Not stated in NPPES — call to verify,CMS NPPES via Affine
1124751409,At Peace Hospice Llc,Other care,,,Tempe,AZ,85288,4804402949,2022-07-05,Not stated in NPPES — call to verify,CMS NPPES via Affine
1033808159,Atha Loftin,Behavioral health,,,Tempe,AZ,85281,8552237123,2023-05-04,Not stated in NPPES — call to verify,CMS NPPES via Affine
1942630496,Atlantis Dc Post Of Arizona Llc,Other care,,,Tempe,AZ,85284,6024328813,2014-01-31,Not stated in NPPES — call to verify,CMS NPPES via Affine
1851706451,"Atlantis Foot And Ankle Specialists, Pllc",Other care,Pain Medicine,,Tempe,AZ,85284,6024328813,2014-06-23,Not stated in NPPES — call to verify,CMS NPPES via Affine
1629408257,Atlantis Multispecialty Group Az Pllc,Other care,,,Tempe,AZ,85284,6024328813,2014-01-31,Not stated in NPPES — call to verify,CMS NPPES via Affine
1285064733,Atlantis Multispecialty Group Of Arizona I Llc,Other care,Pain Medicine,,Tempe,AZ,85284,6024328813,2013-11-20,Not stated in NPPES — call to verify,CMS NPPES via Affine
1285470823,"Attoria Berry, Rbt",Behavioral health,,,Tempe,AZ,85284,4806720536,2024-07-03,Not stated in NPPES — call to verify,CMS NPPES via Affine
1124538392,"Aubrey Brabo, Bht",Other care,,,Tempe,AZ,85282,4806991233,2017-10-02,Not stated in NPPES — call to verify,CMS NPPES via Affine
1972286334,"Aubrey Elizabeth Van Houtven, Lcsw",Behavioral health,Clinical,,Tempe,AZ,85283,8067733095,2025-11-02,Not stated in NPPES — call to verify,CMS NPPES via Affine
1063155455,"Aubrie Gabrielle Stephens, Lac",Behavioral health,Mental Health,,Tempe,AZ,85283,6027701322,2022-04-14,Not stated in NPPES — call to verify,CMS NPPES via Affine
1437532926,"Audiology Partners Of Texas, Llc",Other care,,,Tempe,AZ,85284,4808138400,2015-07-02,Not stated in NPPES — call to verify,CMS NPPES via Affine
1235509910,"Audrey Atencio, Acnp-Bc",Clinic / primary care,Acute Care,,Tempe,AZ,85281,4802375098,2019-03-13,Not stated in NPPES — call to verify,CMS NPPES via Affine
1528603511,"Audrey Elise Lands, Pa-C",Clinic / primary care,,,Tempe,AZ,85282,4808942823,2023-02-17,Not stated in NPPES — call to verify,CMS NPPES via Affine
1437027968,Audrey Grace Dye,Behavioral health,,,Tempe,AZ,85283,4804585001,2025-10-27,Not stated in NPPES — call to verify,CMS NPPES via Affine
1538773635,Audrey Stanley,Behavioral health,Mental Health,,Tempe,AZ,85282,4806430362,2020-09-04,Not stated in NPPES — call to verify,CMS NPPES via Affine
1861092306,"Audrianna Fern Patterson, Lpc",Behavioral health,Professional,,Tempe,AZ,85282,4808040326,2021-01-20,Not stated in NPPES — call to verify,CMS NPPES via Affine
1861555658,"Augusta K Helms Tillery, Slp",Other care,,"ARIZONA ST UNIV DEPT SPEECH & HEARING SCI, 975 S. MYRTLE AVE., COOR HALL 2211",Tempe,AZ,85287,4809652373,2024-08-30,Not stated in NPPES — call to verify,CMS NPPES via Affine
1760350201,Augustine T Sakilah,Behavioral health,,,Tempe,AZ,85283,4054855001,2025-10-30,Not stated in NPPES — call to verify,CMS NPPES via Affine
1831875160,"Aulexus E Hull, Rbt",Behavioral health,,,Tempe,AZ,85284,4806720536,2023-06-22,Not stated in NPPES — call to verify,CMS NPPES via Affine
1164744736,"Aurora Behavioral Healthcare - Tempe, Llc",Hospital,,,Tempe,AZ,85283,4803455410,2017-04-28,Not stated in NPPES — call to verify,CMS NPPES via Affine
1528468782,"Aurora Behavioral Healthcare - Tempe, Llc",Other care,Behavioral Neurology & Neuropsychiatry,,Tempe,AZ,85283,4803455400,2016-09-07,Not stated in NPPES — call to verify,CMS NPPES via Affine
1518478676,"Aurora Behavioral Healthcare - Tempe, Llc",Hospital,,,Tempe,AZ,85283,4803455400,2025-08-28,Not stated in NPPES — call to verify,CMS NPPES via Affine
1841844024,"Austin Messick, Dpt",Other care,Orthopedic,,Tempe,AZ,85282,4809219000,2019-07-26,Not stated in NPPES — call to verify,CMS NPPES via Affine
1134846231,"Austin Samuel Thomas, Rn",Other care,Community Health,,Tempe,AZ,85282,5202337111,2022-10-20,Not stated in NPPES — call to verify,CMS NPPES via Affine
1134996663,Autumn Ciaccio,Behavioral health,,,Tempe,AZ,85282,8667278274,2023-12-05,Not stated in NPPES — call to verify,CMS NPPES via Affine
1437643160,Ava Pain Management,Clinic / primary care,Pain,,Tempe,AZ,85282,4807044540,2018-06-16,Not stated in NPPES — call to verify,CMS NPPES via Affine
1275401259,Ava Rose Jackson-Bourne,Behavioral health,,,Tempe,AZ,85281,4808630763,2025-10-29,Not stated in NPPES — call to verify,CMS NPPES via Affine
1699300053,Avant Healthcare Llc,Other care,Pain Medicine,,Tempe,AZ,85284,4808973300,2020-03-06,Not stated in NPPES — call to verify,CMS NPPES via Affine
1720083462,"Avella Of Chandler, Inc",Pharmacy,Community/Retail Pharmacy,"2155 E CONFERENCE DR, STE 101",Tempe,AZ,85284,4807754784,2013-04-30,Not stated in NPPES — call to verify,CMS NPPES via Affine
1659294874,Avery Counseling Services Llc,Behavioral health,Mental Health,,Tempe,AZ,85282,6026172814,2026-08-03,Not stated in NPPES — call to verify,CMS NPPES via Affine
1669002408,Avery Parker Chu,Other care,,,Tempe,AZ,85284,4807568617,2025-06-25,Not stated in NPPES — call to verify,CMS NPPES via Affine
1336304229,"Avesis Third Party Administrators, Llc",Other care,,,Tempe,AZ,85288,8006431132,2023-10-04,Not stated in NPPES — call to verify,CMS NPPES via Affine
1871862599,"Avesis, Llc",Other care,,,Tempe,AZ,85288,8005220258,2023-10-04,Not stated in NPPES — call to verify,CMS NPPES via Affine
1013755354,Avira Behavioral Pllc,Behavioral health,Mental Health (Including Community Mental Health Center),,Tempe,AZ,85282,3465004514,2024-08-14,Not stated in NPPES — call to verify,CMS NPPES via Affine
1972949907,Aw Healthcare Llc,Clinic / primary care,Family,"1001 E WARNER RD, 107",Tempe,AZ,85284,4809873300,2013-05-16,Not stated in NPPES — call to verify,CMS NPPES via Affine
1477973170,Awakening Recovery Center,Clinic / primary care,"Rehabilitation, Substance Use Disorder","1204 E BASELINE RD, SUITE 208",Tempe,AZ,85283,4802091977,2026-02-03,Not stated in NPPES — call to verify,CMS NPPES via Affine
1700484086,Award Homes Llc,Other care,,,Tempe,AZ,85283,4807205035,2020-10-09,Not stated in NPPES — call to verify,CMS NPPES via Affine
1326818360,Axis Spine Llc,Other care,,,Tempe,AZ,85288,4804544776,2024-01-02,Not stated in NPPES — call to verify,CMS NPPES via Affine
1144796871,Aya Hassan Harb,Clinic / primary care,Medical,,Tempe,AZ,85281,4808213600,2024-05-30,Not stated in NPPES — call to verify,CMS NPPES via Affine
1770367567,Ayana Elizabeth Brown,Behavioral health,,,Tempe,AZ,85282,4803350668,2023-08-22,Not stated in NPPES — call to verify,CMS NPPES via Affine
1790523835,Az Blessed Trasnportation Llc,Other care,,,Tempe,AZ,85288,5126996397,2024-07-15,Not stated in NPPES — call to verify,CMS NPPES via Affine
1184321671,Az Care Trans Llc,Other care,,,Tempe,AZ,85283,5714350657,2023-02-14,Not stated in NPPES — call to verify,CMS NPPES via Affine
1093300022,Az Care Transport Llc,Other care,,,Tempe,AZ,85281,4807800971,2021-03-02,Not stated in NPPES — call to verify,CMS NPPES via Affine
1407791486,Az Clinical Laboratory Llc,Clinic / primary care,,,Tempe,AZ,85284,2135825482,2026-06-15,Not stated in NPPES — call to verify,CMS NPPES via Affine
1255043444,Az Family And Kids Dental Tempe Llc,Dental,General Practice,,Tempe,AZ,85283,4807775570,2026-09-14,Not stated in NPPES — call to verify,CMS NPPES via Affine
1114654274,Az Kidney Dr Llc,Clinic / primary care,Nephrology,,Tempe,AZ,85282,4803362039,2022-08-08,Not stated in NPPES — call to verify,CMS NPPES via Affine
1013376151,"Az Lab, Llc",Other care,Allergy,"2210 S MILL AVE, 8",Tempe,AZ,85282,6232420346,2016-02-17,Not stated in NPPES — call to verify,CMS NPPES via Affine
1710459664,"Az Neuromuscular Therapy, Llc",Other care,,,Tempe,AZ,85282,4808310700,2019-06-11,Not stated in NPPES — call to verify,CMS NPPES via Affine
1225727449,Az Plus Llc,Other care,,,Tempe,AZ,85281,4802484929,2023-05-04,Not stated in NPPES — call to verify,CMS NPPES via Affine
1922354414,"Az Psychiatry And Counseling, Inc",Behavioral health,Cognitive & Behavioral,,Tempe,AZ,85282,4809661485,2013-03-20,Not stated in NPPES — call to verify,CMS NPPES via Affine
1013282433,Az Secure Trans Llc,Other care,,"4500 S LAKESHORE DR, # 348",Tempe,AZ,85282,4803077328,2012-03-19,Not stated in NPPES — call to verify,CMS NPPES via Affine
1659668424,Az Secure Trans Llc,Other care,,"2131 E BROADWAY RD, SUITE #4",Tempe,AZ,85282,4803817307,2011-06-30,Not stated in NPPES — call to verify,CMS NPPES via Affine
1194485995,"Az Surgical Supplies, Llc",Other care,,,Tempe,AZ,85282,4806895104,2021-12-21,Not stated in NPPES — call to verify,CMS NPPES via Affine
1376203174,"Az Surgical Support, Pllc",Other care,,,Tempe,AZ,85282,4806895104,2021-12-21,Not stated in NPPES — call to verify,CMS NPPES via Affine
1780344564,"Az Surgical Weight Loss, Pllc",Other care,,,Tempe,AZ,85282,4806895104,2023-06-08,Not stated in NPPES — call to verify,CMS NPPES via Affine
1760824999,Az Unity Trans Llc,Other care,,,Tempe,AZ,85281,6233134492,2024-02-12,Not stated in NPPES — call to verify,CMS NPPES via Affine
1952061749,"Az Weight Loss Clinic, Llc",Other care,,,Tempe,AZ,85282,4806895104,2021-12-21,Not stated in NPPES — call to verify,CMS NPPES via Affine
1528365855,Az-Tech Radiology & Open Mri,Other care,,"2501 E SOUTHERN AVE, STE 8",Tempe,AZ,85282,4808202021,2011-02-23,Not stated in NPPES — call to verify,CMS NPPES via Affine
1003115817,Azcnmt Llc,Clinic / primary care,"Radiology, Mobile",,Tempe,AZ,85283,4803894120,2011-04-01,Not stated in NPPES — call to verify,CMS NPPES via Affine
1225209380,Azevedo Inc,Clinic / primary care,"Rehabilitation, Substance Use Disorder","4820 S. MILL AVE., SUITE 101",Tempe,AZ,85282,4809214080,2025-05-14,Not stated in NPPES — call to verify,CMS NPPES via Affine
1407164486,Aztec Pathology Llc,Clinic / primary care,,,Tempe,AZ,85282,6238061500,2025-12-23,Not stated in NPPES — call to verify,CMS NPPES via Affine
1508390980,B-Well Dentistry,Dental,,"1455 E GUADALUPE RD, #2",Tempe,AZ,85283,4808385422,2017-04-12,Not stated in NPPES — call to verify,CMS NPPES via Affine
1780297614,Back On Track Nutrition Llc,Other care,,,Tempe,AZ,85283,4802539547,2022-11-29,Not stated in NPPES — call to verify,CMS NPPES via Affine
1093452237,Bailey Johnson,Other care,,,Tempe,AZ,85284,4805537153,2022-05-18,Not stated in NPPES — call to verify,CMS NPPES via Affine
1730774621,Bailey L Stevenson,Behavioral health,,,Tempe,AZ,85284,6026665101,2021-03-03,Not stated in NPPES — call to verify,CMS NPPES via Affine
1992489850,Bailey Leavitt,Behavioral health,,,Tempe,AZ,85281,8552237123,2023-06-12,Not stated in NPPES — call to verify,CMS NPPES via Affine
1689259509,"Bailey Michael Loftin, Ma, Bcba",Behavioral health,,,Tempe,AZ,85284,8557728847,2026-02-05,Not stated in NPPES — call to verify,CMS NPPES via Affine
1629188842,Bakorp Llc,Other care,,,Tempe,AZ,85282,6025417520,2025-04-01,Not stated in NPPES — call to verify,CMS NPPES via Affine
1811144959,"Bakorp, Llc",Other care,,,Tempe,AZ,85282,6025417520,2025-04-01,Not stated in NPPES — call to verify,CMS NPPES via Affine
1437615929,Banner Enticare Tempe Surgery Center Llc,Clinic / primary care,Ambulatory Surgical,,Tempe,AZ,85282,4808207101,2020-02-11,Not stated in NPPES — call to verify,CMS NPPES via Affine
1316375801,Banner Health,Pharmacy,,"2600 E SOUTHERN AVE, SUITE B2",Tempe,AZ,85282,4807305100,2022-01-31,Not stated in NPPES — call to verify,CMS NPPES via Affine
1407412331,"Banner Occupational Health - Onsite, Llc",Clinic / primary care,Occupational Medicine,,Tempe,AZ,85281,4808722466,2019-05-16,Not stated in NPPES — call to verify,CMS NPPES via Affine
1710459342,"Banner Urgent Care Services, Llc",Clinic / primary care,Urgent Care,,Tempe,AZ,85283,4808275630,2022-01-27,Not stated in NPPES — call to verify,CMS NPPES via Affine
1982176517,"Banner Urgent Care Services, Llc",Clinic / primary care,Urgent Care,,Tempe,AZ,85284,4808275640,2025-06-20,Not stated in NPPES — call to verify,CMS NPPES via Affine
1801368436,"Banner Urgent Care Services, Llc",Clinic / primary care,Urgent Care,,Tempe,AZ,85282,4808275650,2025-06-20,Not stated in NPPES — call to verify,CMS NPPES via Affine
1093751307,"Barbara Bennett, D.C.",Other care,,"4653 S LAKESHORE DR, SUITE 1",Tempe,AZ,85282,4807752593,2014-10-10,Not stated in NPPES — call to verify,CMS NPPES via Affine
1952429995,"Barbara Diane Forbes, M.N.S.,Ccc-Slp",Other care,,,Tempe,AZ,85284,4807832723,2007-07-08,Not stated in NPPES — call to verify,CMS NPPES via Affine
1194845891,"Barbara J Van Valen, Ot",Other care,,,Tempe,AZ,85282,4804560719,2009-09-15,Not stated in NPPES — call to verify,CMS NPPES via Affine
1245954577,Barbara Rene Espinoza,Behavioral health,,,Tempe,AZ,85283,4807790555,2022-09-29,Not stated in NPPES — call to verify,CMS NPPES via Affine
1376663450,"Barbara S Pontes, Pt",Other care,,,Tempe,AZ,85282,4804560719,2009-09-15,Not stated in NPPES — call to verify,CMS NPPES via Affine
1164593968,"Barbara Walls Fries, Med, Ncc, Ncsc",Behavioral health,School,,Tempe,AZ,85282,4808298002,2007-07-08,Not stated in NPPES — call to verify,CMS NPPES via Affine
1326301557,"Barry Pantzer, D.C.",Other care,,"6000 S MCCLINTOCK DR, SUITE A",Tempe,AZ,85283,4803452100,2012-06-22,Not stated in NPPES — call to verify,CMS NPPES via Affine
1538631981,Baseline Dental Care Pllc,Dental,,,Tempe,AZ,85283,4808203515,2018-12-26,Not stated in NPPES — call to verify,CMS NPPES via Affine
1104090992,"Bates Counseling & Consultation, Llc",Behavioral health,Professional,"2101 E BROADWAY RD, SUITE 5",Tempe,AZ,85282,4808299435,2008-04-14,Not stated in NPPES — call to verify,CMS NPPES via Affine
1043149958,Bds Anesthesia Services Pllc,Other care,,,Tempe,AZ,85282,4804252160,2026-05-16,Not stated in NPPES — call to verify,CMS NPPES via Affine
1447813050,"Be Well Counseling, Pllc",Behavioral health,Professional,,Tempe,AZ,85283,4802337529,2019-04-18,Not stated in NPPES — call to verify,CMS NPPES via Affine
1225660111,Be Well Family Care,Clinic / primary care,Family,,Tempe,AZ,85281,4804104128,2024-01-17,Not stated in NPPES — call to verify,CMS NPPES via Affine
1063178069,"Be Wellness, Llc",Other care,,,Tempe,AZ,85282,7735878240,2021-11-14,Not stated in NPPES — call to verify,CMS NPPES via Affine
1346980596,Bean Sherpa Llc,Behavioral health,Psychiatric/Mental Health,,Tempe,AZ,85281,6023450647,2022-05-03,Not stated in NPPES — call to verify,CMS NPPES via Affine
1083997084,"Beauchamp Anesthesia, Pc",Other care,,"2421 E SOUTHERN AVE, SUITE 1",Tempe,AZ,85282,4804252160,2011-09-26,Not stated in NPPES — call to verify,CMS NPPES via Affine
1265357495,Behavioral Health Solutions Of Arizona Pllc,Other care,Psychiatry,,Tempe,AZ,85288,7025894871,2026-08-13,Not stated in NPPES — call to verify,CMS NPPES via Affine
1386444867,Behshad Eye And Contact Lens Center,Other care,,,Tempe,AZ,85282,4808203813,2025-09-25,Not stated in NPPES — call to verify,CMS NPPES via Affine
1730977356,Behshad Eyecare,Other care,,,Tempe,AZ,85282,4808203813,2025-04-25,Not stated in NPPES — call to verify,CMS NPPES via Affine
1386065183,Bella Healthcare Llc,Other care,Pain Medicine,"1001 E WARNER RD, STE 107",Tempe,AZ,85284,4808973300,2013-12-20,Not stated in NPPES — call to verify,CMS NPPES via Affine
1942840756,Ben Leong,Other care,,,Tempe,AZ,85282,4802568894,2025-01-28,Not stated in NPPES — call to verify,CMS NPPES via Affine
1528544947,"Benjamin Edwards, Lmsw",Behavioral health,,,Tempe,AZ,85282,4808040326,2018-07-18,Not stated in NPPES — call to verify,CMS NPPES via Affine
1649695164,"Benjamin Joseph De Jesus, Lcsw",Behavioral health,Clinical,,Tempe,AZ,85282,4808040326,2018-10-22,Not stated in NPPES — call to verify,CMS NPPES via Affine
1336546993,"Benjamin M Barton, Rrt",Other care,Critical Care,"1400 E SOUTHERN AVE, STE 310",Tempe,AZ,85282,8663082700,2014-11-25,Not stated in NPPES — call to verify,CMS NPPES via Affine
1407205248,"Benjamin Meyer, Lpc",Behavioral health,Mental Health,,Tempe,AZ,85282,6147053044,2021-09-01,Not stated in NPPES — call to verify,CMS NPPES via Affine
1669118964,Benjamin Robert Holko,Other care,,,Tempe,AZ,85282,4804401419,2024-05-30,Not stated in NPPES — call to verify,CMS NPPES via Affine
1275018715,Berlin Wright,Other care,,,Tempe,AZ,85282,4809070000,2018-10-01,Not stated in NPPES — call to verify,CMS NPPES via Affine
1477557494,"Bertram T Matsumoto, Md",Other care,,,Tempe,AZ,85282,4808390206,2011-10-31,Not stated in NPPES — call to verify,CMS NPPES via Affine
1609588268,Best Acupuncture Clinic Pllc,Other care,,,Tempe,AZ,85284,4808578911,2023-01-03,Not stated in NPPES — call to verify,CMS NPPES via Affine
1386412500,Best Valley Llc,Other care,,,Tempe,AZ,85283,6024190888,2023-12-18,Not stated in NPPES — call to verify,CMS NPPES via Affine
1285852731,"Beth Catour, M.A., Ccc-Slp",Other care,,,Tempe,AZ,85284,4807832311,2007-07-08,Not stated in NPPES — call to verify,CMS NPPES via Affine
1700192549,"Beth Dickson, Otr/L",Other care,,,Tempe,AZ,85284,4807833020,2010-08-30,Not stated in NPPES — call to verify,CMS NPPES via Affine
1851701585,Beth Gelbert,Other care,,"1400 E SOUTHERN AVE, SUITE 310",Tempe,AZ,85282,8772790891,2014-05-02,Not stated in NPPES — call to verify,CMS NPPES via Affine
1932407855,"Beth Wieland, Pt, Dpt, Cscs",Other care,,"1025 E BROADWAY RD, SUITE 101",Tempe,AZ,85282,4808290217,2016-03-08,Not stated in NPPES — call to verify,CMS NPPES via Affine
1982405601,Bethan Ingham,Behavioral health,,,Tempe,AZ,85284,6232633966,2026-03-18,Not stated in NPPES — call to verify,CMS NPPES via Affine
1659606952,"Bethany Mae Bell, Pharm.D",Pharmacy,Pharmacist Clinician (PhC)/ Clinical Pharmacy Specialist,,Tempe,AZ,85283,4808380448,2026-07-07,Not stated in NPPES — call to verify,CMS NPPES via Affine
1568974558,"Bethany Margaret Mccalla, Nmd",Other care,,,Tempe,AZ,85281,4803527262,2017-10-30,Not stated in NPPES — call to verify,CMS NPPES via Affine
1265956155,"Bethany S Burton, Ma, Lpc",Behavioral health,Mental Health,,Tempe,AZ,85282,4809637999,2019-02-26,Not stated in NPPES — call to verify,CMS NPPES via Affine
1043950447,"Betsy Leavitt, Lpc, Ncc, Rpt-S",Behavioral health,Professional,,Tempe,AZ,85283,4804893925,2022-04-01,Not stated in NPPES — call to verify,CMS NPPES via Affine
1043378037,"Betsy Sara Varkey, Phd",Behavioral health,,,Tempe,AZ,85282,4805662342,2025-09-04,Not stated in NPPES — call to verify,CMS NPPES via Affine
1194750372,"Betty Harris Baynes, Acnp-Bc",Clinic / primary care,Acute Care,,Tempe,AZ,85281,4802375098,2019-03-13,Not stated in NPPES — call to verify,CMS NPPES via Affine
1982726816,"Beyond Limitations, Inc.",Other care,,,Tempe,AZ,85283,6027506778,2022-07-28,Not stated in NPPES — call to verify,CMS NPPES via Affine
1366374241,Bgk Anesthesia Pllc,Other care,,,Tempe,AZ,85282,4804252160,2026-06-02,Not stated in NPPES — call to verify,CMS NPPES via Affine
1619971306,"Bhavani K Pinnamaneni, M.D.",Other care,,"1847 E SOUTHERN AVE, STE 1",Tempe,AZ,85282,4808382277,2026-07-13,Not stated in NPPES — call to verify,CMS NPPES via Affine
1114632288,"Bhg Lxxxv, Llc",Clinic / primary care,Methadone,"2123 E. SOUTHERN AVENUE, OBOT ROOM #100",Tempe,AZ,85282,4808977044,2024-09-23,Not stated in NPPES — call to verify,CMS NPPES via Affine
1285235804,"Bhsm Rehabilitation, Llc",Clinic / primary care,Physical Therapy,,Tempe,AZ,85282,7179721100,2025-10-24,Not stated in NPPES — call to verify,CMS NPPES via Affine
1447767884,"Bhsm Rehabilitation, Llc",Other care,,,Tempe,AZ,85282,4808290217,2026-08-20,Not stated in NPPES — call to verify,CMS NPPES via Affine
1972004687,"Bhsm Rehabilitation, Llc",Clinic / primary care,Rehabilitation,,Tempe,AZ,85284,4807851765,2026-08-20,Not stated in NPPES — call to verify,CMS NPPES via Affine
1316456338,"Bhsm Rehabilitation, Llc",Other care,,,Tempe,AZ,85283,4807300501,2026-08-24,Not stated in NPPES — call to verify,CMS NPPES via Affine
1912474073,"Bhsm Rehabilitation, Llc",Clinic / primary care,Physical Therapy,,Tempe,AZ,85282,4808290217,2025-10-10,Not stated in NPPES — call to verify,CMS NPPES via Affine
1548451982,"Billy Jo Holmberg, Pharmd",Pharmacy,,,Tempe,AZ,85283,4803455174,2013-01-19,Not stated in NPPES — call to verify,CMS NPPES via Affine
1487678553,"Binh To, D.C, Fiama",Other care,,,Tempe,AZ,85284,4802281105,2009-03-06,Not stated in NPPES — call to verify,CMS NPPES via Affine
1639915622,Binyam Tekae,Other care,,,Tempe,AZ,85283,2068887764,2024-07-08,Not stated in NPPES — call to verify,CMS NPPES via Affine
1366782302,"Biocare, Inc. Dba Canyoncare Rx",Pharmacy,Specialty Pharmacy,"2826 SOUTH POTTER DRIVE, SUITE B",Tempe,AZ,85282,8553076880,2021-12-27,Not stated in NPPES — call to verify,CMS NPPES via Affine
1831520006,"Birdi, Inc.",Pharmacy,Mail Order Pharmacy,,Tempe,AZ,85284,8558738739,2026-02-13,Not stated in NPPES — call to verify,CMS NPPES via Affine
1801548524,"Birdi, Inc.",Pharmacy,Specialty Pharmacy,,Tempe,AZ,85284,8558738739,2026-02-13,Not stated in NPPES — call to verify,CMS NPPES via Affine
1578644605,"Birju R Merchant, Dds",Dental,General Practice,,Tempe,AZ,85282,4809669936,2007-07-08,Not stated in NPPES — call to verify,CMS NPPES via Affine
1437997046,"Bjorn Andrew Koester, Dpt",Other care,,,Tempe,AZ,85282,4808290217,2024-07-17,Not stated in NPPES — call to verify,CMS NPPES via Affine
1487416673,"Black Sheep Behavioral, Pllc",Behavioral health,Professional,,Tempe,AZ,85282,4803633168,2024-01-24,Not stated in NPPES — call to verify,CMS NPPES via Affine
1306523550,"Blaise T Dalton, Bs, Rbt",Behavioral health,,,Tempe,AZ,85284,4806720536,2023-06-29,Not stated in NPPES — call to verify,CMS NPPES via Affine
1205187457,"Blessings Of Joy Adult Care Home, Llc",Other care,Adult Care Home,,Tempe,AZ,85282,4802198400,2012-09-27,Not stated in NPPES — call to verify,CMS NPPES via Affine
1043819733,"Blessy Joseph, Msn, Fnp-C",Clinic / primary care,Family,,Tempe,AZ,85282,6023233472,2020-10-22,Not stated in NPPES — call to verify,CMS NPPES via Affine
1033041355,Bloodline Mobile Services Llc,Other care,Phlebotomy,,Tempe,AZ,85282,5202088534,2026-06-10,Not stated in NPPES — call to verify,CMS NPPES via Affine
1114667987,Blooming Desert Prickly Llc,Behavioral health,Mental Health (Including Community Mental Health Center),,Tempe,AZ,85283,7752879463,2022-03-30,Not stated in NPPES — call to verify,CMS NPPES via Affine
1902324478,"Blythe Bankenbush, Pa-C",Clinic / primary care,,,Tempe,AZ,85281,4802140622,2021-09-30,Not stated in NPPES — call to verify,CMS NPPES via Affine
1134086721,Bobbi Chagolla,Behavioral health,Clinical,,Tempe,AZ,85282,4807181261,2026-01-06,Not stated in NPPES — call to verify,CMS NPPES via Affine
1447950266,Bobby May,Behavioral health,,,Tempe,AZ,85281,8552237123,2023-03-09,Not stated in NPPES — call to verify,CMS NPPES via Affine
1275418006,"Bodhi Collective, Pllc",Behavioral health,Mental Health,,Tempe,AZ,85282,4805282069,2025-08-11,Not stated in NPPES — call to verify,CMS NPPES via Affine
1619370285,Bodisense Integrative Medicine,Other care,,"4657 S LAKESHORE DR, SUITE 1",Tempe,AZ,85282,4802848155,2014-09-26,Not stated in NPPES — call to verify,CMS NPPES via Affine
1053936617,"Bodrie J Jensen, Do",Other care,,,Tempe,AZ,85281,6025533113,2026-09-02,Not stated in NPPES — call to verify,CMS NPPES via Affine
1790968477,Bodywise Chiropractic Pllc,Other care,,"4685 S ASH AVE, SUITE H-1",Tempe,AZ,85282,4807752593,2009-12-14,Not stated in NPPES — call to verify,CMS NPPES via Affine
1114799046,Bodywise Health Pllc,Other care,Nutrition,,Tempe,AZ,85282,4803354737,2023-10-24,Not stated in NPPES — call to verify,CMS NPPES via Affine
1902982762,"Bonnie Cegles, Np",Clinic / primary care,Family,"5030 S MILL AVE, D12",Tempe,AZ,85282,4808942823,2007-07-08,Not stated in NPPES — call to verify,CMS NPPES via Affine
1629208400,"Bonnie J Rouzaud, Fnp-C",Clinic / primary care,Family,,Tempe,AZ,85283,4803455085,2014-03-28,Not stated in NPPES — call to verify,CMS NPPES via Affine
1689832719,"Bonnie Leona Beebe, Mc Ncc Lpc",Behavioral health,Professional,"6197 S RURAL RD, STE 101",Tempe,AZ,85283,4802337529,2011-12-11,Not stated in NPPES — call to verify,CMS NPPES via Affine
1609920735,"Bonnie Pape, Otr",Other care,,,Tempe,AZ,85283,6023299034,2007-07-08,Not stated in NPPES — call to verify,CMS NPPES via Affine
1538899174,Bows Center,Other care,,,Tempe,AZ,85281,4806646554,2023-02-21,Not stated in NPPES — call to verify,CMS NPPES via Affine
1619338167,Boys And Girls Pediatric Pc,Other care,,"2727 W BASELINE RD, SUITE 11",Tempe,AZ,85283,6027145064,2016-03-11,Not stated in NPPES — call to verify,CMS NPPES via Affine
1508059908,"Brad Chavis, Atc",Other care,Athletic Trainer,"1025 E BROADWAY RD, STE. 100",Tempe,AZ,85282,4808290217,2007-08-20,Not stated in NPPES — call to verify,CMS NPPES via Affine
1427081876,Braden Partners Lp,Pharmacy,Mail Order Pharmacy,"7850 S HARDY DR, SUITE 105",Tempe,AZ,85284,4804773085,2013-08-26,Not stated in NPPES — call to verify,CMS NPPES via Affine
1972061927,Bradley B Anderson Md Pllc,Other care,,,Tempe,AZ,85282,4804252160,2019-03-08,Not stated in NPPES — call to verify,CMS NPPES via Affine
1447671615,"Bradly Louis Eppelheimer, Atc",Other care,Athletic Trainer,,Tempe,AZ,85282,8479773157,2014-10-29,Not stated in NPPES — call to verify,CMS NPPES via Affine
1003377458,Brandie Britt,Behavioral health,,,Tempe,AZ,85282,8667278274,2020-01-22,Not stated in NPPES — call to verify,CMS NPPES via Affine
1851935241,"Brandie Nicole Burckhard, Np",Clinic / primary care,,,Tempe,AZ,85281,6025074458,2025-09-19,Not stated in NPPES — call to verify,CMS NPPES via Affine
1225987142,Brandon Biallas,Other care,,,Tempe,AZ,85281,6029602200,2026-01-23,Not stated in NPPES — call to verify,CMS NPPES via Affine
1598588550,"Brandon Dente, Rdn",Other care,,,Tempe,AZ,85282,6023233344,2024-11-06,Not stated in NPPES — call to verify,CMS NPPES via Affine
1952610503,Brandon Kimball,Other care,,,Tempe,AZ,85282,4809661635,2020-08-11,Not stated in NPPES — call to verify,CMS NPPES via Affine
1679235683,"Brandon Scott Lowis, Pa-C",Clinic / primary care,,,Tempe,AZ,85284,4806361417,2025-03-30,Not stated in NPPES — call to verify,CMS NPPES via Affine
1730366386,"Brandy E. Ingram, P.A.-C",Clinic / primary care,Medical,"5030 S MILL AVE STE D12, D12",Tempe,AZ,85282,4808942823,2023-03-07,Not stated in NPPES — call to verify,CMS NPPES via Affine
1811634058,Brandyn Leonard,Other care,,,Tempe,AZ,85284,4805537153,2022-05-18,Not stated in NPPES — call to verify,CMS NPPES via Affine
1881129294,Bravo Two Anesthesia Llc,Other care,,"1001 E WARNER RD, SUITE 103",Tempe,AZ,85284,9494163705,2017-04-23,Not stated in NPPES — call to verify,CMS NPPES via Affine
1346777455,Bravo United Medical Llc,Other care,Interventional Pain Medicine,,Tempe,AZ,85284,6022651611,2022-07-21,Not stated in NPPES — call to verify,CMS NPPES via Affine
1790309896,Breakthrough Behavioral Health,Behavioral health,Mental Health (Including Community Mental Health Center),,Tempe,AZ,85282,4805250058,2024-10-11,Not stated in NPPES — call to verify,CMS NPPES via Affine
1780418855,Breakthrough Behavioral North Llc,Behavioral health,Mental Health,,Tempe,AZ,85282,4805250058,2026-04-28,Not stated in NPPES — call to verify,CMS NPPES via Affine
1891471157,"Breanna C Gonzales, Rbt",Behavioral health,,,Tempe,AZ,85284,4806720536,2023-06-22,Not stated in NPPES — call to verify,CMS NPPES via Affine
1265326219,"Breanna N Brimhall, Slpa",Other care,Speech-Language Assistant,,Tempe,AZ,85284,4803744341,2025-06-04,Not stated in NPPES — call to verify,CMS NPPES via Affine
1477056588,"Breanne Helena Moriarty, Cd(Dona)",Other care,,,Tempe,AZ,85282,8015928004,2018-03-15,Not stated in NPPES — call to verify,CMS NPPES via Affine
1043149289,"Breazi Lynn White, Fnp",Clinic / primary care,Family,,Tempe,AZ,85284,4806106100,2026-05-14,Not stated in NPPES — call to verify,CMS NPPES via Affine
1013247790,"Breda Dervisevic, Pharm. D.",Pharmacy,,,Tempe,AZ,85284,4807836233,2010-01-03,Not stated in NPPES — call to verify,CMS NPPES via Affine
1871038034,"Breg, Inc.",Other care,,"1860 W UNIVERSITY DR, SUITE 103",Tempe,AZ,85281,4802577110,2025-03-06,Not stated in NPPES — call to verify,CMS NPPES via Affine
1396360921,"Brenda E Saragosa, Cpht",Pharmacy,,,Tempe,AZ,85284,4806840751,2020-06-09,Not stated in NPPES — call to verify,CMS NPPES via Affine
1700764693,"Brenda Hubbell, Ms, Otr/L, Cees",Other care,Physical Rehabilitation,,Tempe,AZ,85283,6027506778,2025-08-26,Not stated in NPPES — call to verify,CMS NPPES via Affine
1861700148,"Brenda L Alaia, Lpc",Behavioral health,Professional,,Tempe,AZ,85282,4808040326,2022-07-21,Not stated in NPPES — call to verify,CMS NPPES via Affine
1861360877,"Brenda Lillie, Rn",Other care,,,Tempe,AZ,85288,6028947991,2025-10-29,Not stated in NPPES — call to verify,CMS NPPES via Affine
1285661850,"Brenda Taylor, P.T.",Other care,,"1025 EAST BROADWAY SUITE 101, TEMPE SPORTS CLINIC",Tempe,AZ,85282,4808290217,2013-03-08,Not stated in NPPES — call to verify,CMS NPPES via Affine
1114752052,"Brendan Kevin Gibbons, Rn",Other care,,,Tempe,AZ,85282,5207804817,2024-09-02,Not stated in NPPES — call to verify,CMS NPPES via Affine
1306479589,Brennon David,Behavioral health,,,Tempe,AZ,85284,6026665101,2020-02-17,Not stated in NPPES — call to verify,CMS NPPES via Affine
1790750297,"Brent C. Sanders, Md",Other care,,"2501 E SOUTHERN AVE, 20",Tempe,AZ,85282,4809693773,2026-07-13,Not stated in NPPES — call to verify,CMS NPPES via Affine
1609271139,Brent Houston,Pharmacy,,,Tempe,AZ,85283,4808979774,2014-10-27,Not stated in NPPES — call to verify,CMS NPPES via Affine
1003897661,"Brent L Madsen, Pa-C",Clinic / primary care,,,Tempe,AZ,85288,4809248382,2025-05-05,Not stated in NPPES — call to verify,CMS NPPES via Affine
1235534652,"Brent Laesch, Rd, Ld.",Other care,,,Tempe,AZ,85281,9186302245,2026-01-23,Not stated in NPPES — call to verify,CMS NPPES via Affine
1619616554,"Brenton Wejrowski, Lpc",Behavioral health,Professional,,Tempe,AZ,85282,4804009615,2026-04-07,Not stated in NPPES — call to verify,CMS NPPES via Affine
1003388430,"Breta Alstrom, Rd",Other care,,,Tempe,AZ,85281,6204913249,2025-09-03,Not stated in NPPES — call to verify,CMS NPPES via Affine
1265542054,"Brett Garrett Hawkins, Dds",Dental,General Practice,"1628 E SOUTHERN AVE, #5",Tempe,AZ,85282,4808313898,2007-07-08,Not stated in NPPES — call to verify,CMS NPPES via Affine
1013162585,"Brian Duncan Enterprises, Llc",Other care,,"6200 S MCCLINTOCK DR, SUITE 106",Tempe,AZ,85283,4808971166,2008-11-24,Not stated in NPPES — call to verify,CMS NPPES via Affine
1417258914,"Brian Edward Rush, Pa-C",Clinic / primary care,,,Tempe,AZ,85281,4805570241,2015-12-09,Not stated in NPPES — call to verify,CMS NPPES via Affine
1598373607,Brian French,Other care,,,Tempe,AZ,85281,5059034047,2020-07-15,Not stated in NPPES — call to verify,CMS NPPES via Affine
1699151092,Brian Johnson,Other care,,"1400 E SOUTHERN AVE, SUITE 310",Tempe,AZ,85282,6025679881,2015-08-07,Not stated in NPPES — call to verify,CMS NPPES via Affine
1801380738,"Brian Joseph Clarke, Lac",Behavioral health,Mental Health,,Tempe,AZ,85282,4808040326,2018-11-08,Not stated in NPPES — call to verify,CMS NPPES via Affine
1801931332,"Brian P Smith, Ccp",Other care,,,Tempe,AZ,85283,4807770900,2009-08-18,Not stated in NPPES — call to verify,CMS NPPES via Affine
1497945885,"Brian T. Rose, Md, Plc",Other care,,"7571 S WILLOW DR, SUITE 101",Tempe,AZ,85283,4808973131,2007-08-13,Not stated in NPPES — call to verify,CMS NPPES via Affine
1891272944,Briana Crespo,Behavioral health,,,Tempe,AZ,85284,6026665101,2018-07-22,Not stated in NPPES — call to verify,CMS NPPES via Affine
1922662345,Briana Mageo,Behavioral health,,,Tempe,AZ,85282,8667278274,2019-05-01,Not stated in NPPES — call to verify,CMS NPPES via Affine
1174176432,Brianna Killourhy,Behavioral health,,,Tempe,AZ,85284,6026665101,2019-07-16,Not stated in NPPES — call to verify,CMS NPPES via Affine
1225337389,"Brianna M Ison, Dsw, Lcsw",Behavioral health,Clinical,"2120 S MCCLINTOCK DR, SUITE 105",Tempe,AZ,85282,4808040326,2024-01-09,Not stated in NPPES — call to verify,CMS NPPES via Affine
1528560034,Bridge Group Integrated Health Care Systems Llc,Other care,,,Tempe,AZ,85282,4807091431,2018-03-01,Not stated in NPPES — call to verify,CMS NPPES via Affine
1073251377,Bridge To Balance Inc,Behavioral health,Mental Health (Including Community Mental Health Center),,Tempe,AZ,85283,6027051011,2026-08-12,Not stated in NPPES — call to verify,CMS NPPES via Affine
1356274344,Bridge To Balance Inc,Behavioral health,Addiction (Substance Use Disorder),,Tempe,AZ,85283,6028041182,2026-06-08,Not stated in NPPES — call to verify,CMS NPPES via Affine
1912820366,Bridgepoint Medical Supply Llc,Other care,,,Tempe,AZ,85283,6029604423,2026-09-08,Not stated in NPPES — call to verify,CMS NPPES via Affine
1538506373,"Bridget A Mercer, Otr/L",Other care,Physical Rehabilitation,,Tempe,AZ,85282,4808392196,2013-06-03,Not stated in NPPES — call to verify,CMS NPPES via Affine
1871006098,Bridget Gaffney,Behavioral health,,,Tempe,AZ,85282,8667277827,2018-03-29,Not stated in NPPES — call to verify,CMS NPPES via Affine
1295914406,"Bridget Kiefer, Lpc",Behavioral health,Professional,"2120 S MCCLINTOCK DR, STE 105",Tempe,AZ,85282,4808040326,2016-02-04,Not stated in NPPES — call to verify,CMS NPPES via Affine
1992000764,Bridgeway Health Solutions,Other care,,"1501 W FOUNTAINHEAD PKWY, SUITE 201",Tempe,AZ,85282,8664753129,2011-01-25,Not stated in NPPES — call to verify,CMS NPPES via Affine
1679872220,"Bridgeway Health Solutions Of Arizona, Inc.",Other care,,,Tempe,AZ,85281,5205463400,2024-04-22,Not stated in NPPES — call to verify,CMS NPPES via Affine
1891664694,Bridging The Gap Homecare Llc,Other care,,,Tempe,AZ,85283,4804744668,2025-10-31,Not stated in NPPES — call to verify,CMS NPPES via Affine
1306262068,Brienne Andrews,Behavioral health,,,Tempe,AZ,85282,4808040326,2023-06-14,Not stated in NPPES — call to verify,CMS NPPES via Affine
1427529627,"Brigett Calderon, Lpc",Behavioral health,Mental Health,,Tempe,AZ,85282,4808040326,2024-01-09,Not stated in NPPES — call to verify,CMS NPPES via Affine
1356657134,"Brigham Rex Woods, Dpt, Ocs",Other care,,"1025 E BROADWAY RD, SUITE #100",Tempe,AZ,85282,4808290217,2012-07-23,Not stated in NPPES — call to verify,CMS NPPES via Affine
1316799901,Bright Bloom Healthcare Llc,Other care,,,Tempe,AZ,85281,6028482998,2024-05-23,Not stated in NPPES — call to verify,CMS NPPES via Affine
1578327565,"Brightchoice Health Services, Pllc",Clinic / primary care,,,Tempe,AZ,85282,6822018000,2024-12-10,Not stated in NPPES — call to verify,CMS NPPES via Affine
1124391479,Brighton Pharmacy Llc,Pharmacy,Community/Retail Pharmacy,,Tempe,AZ,85281,8662260057,2014-07-16,Not stated in NPPES — call to verify,CMS NPPES via Affine
1538408430,Brightstar Care Of Phoenix,Other care,,"4515 S MCCLINTOCK DR, SUITE 203",Tempe,AZ,85282,4808971166,2016-06-22,Not stated in NPPES — call to verify,CMS NPPES via Affine
1437863305,Brightstar Health Solutions Llc,Behavioral health,Psychiatric/Mental Health,,Tempe,AZ,85282,3134015828,2023-07-12,Not stated in NPPES — call to verify,CMS NPPES via Affine
1285314575,Brightstar Health Solutions Llc,Clinic / primary care,,,Tempe,AZ,85282,6822009629,2023-07-20,Not stated in NPPES — call to verify,CMS NPPES via Affine
1215780283,"Brightwood Health, Llc",Other care,,,Tempe,AZ,85281,4807187180,2024-04-09,Not stated in NPPES — call to verify,CMS NPPES via Affine
1083259246,"Brigitte Adamsen, Rn",Other care,School,,Tempe,AZ,85282,4809676599,2019-11-12,Not stated in NPPES — call to verify,CMS NPPES via Affine
1700441201,"Brisa Marquez, Rbt",Behavioral health,,,Tempe,AZ,85284,6022403078,2025-10-20,Not stated in NPPES — call to verify,CMS NPPES via Affine
1487252797,Britanee Barclay,Behavioral health,,,Tempe,AZ,85281,8552237123,2020-10-09,Not stated in NPPES — call to verify,CMS NPPES via Affine
1194542456,Britany Culver,Behavioral health,,,Tempe,AZ,85282,6027677942,2024-09-26,Not stated in NPPES — call to verify,CMS NPPES via Affine
1811264179,"Britni Jarecki, D.P.T.",Other care,,,Tempe,AZ,85282,4808384478,2016-10-28,Not stated in NPPES — call to verify,CMS NPPES via Affine
1972935112,"Britt Anne Coyle, Slpa",Other care,Speech-Language Assistant,,Tempe,AZ,85282,4802553739,2013-07-30,Not stated in NPPES — call to verify,CMS NPPES via Affine
1760339014,"Brittany A Weaghington, Aboc,Nclec,Ldo",Other care,Optician,,Tempe,AZ,85288,4806061806,2026-03-16,Not stated in NPPES — call to verify,CMS NPPES via Affine
1689039893,Brittany Broberg,Other care,,"1400 E SOUTHERN AVE, 310",Tempe,AZ,85282,6025679881,2015-12-15,Not stated in NPPES — call to verify,CMS NPPES via Affine
1174476683,Brittany Cruz,Behavioral health,Mental Health,,Tempe,AZ,85281,4806123651,2026-02-16,Not stated in NPPES — call to verify,CMS NPPES via Affine
1467139659,Brittany Harris,Behavioral health,,,Tempe,AZ,85283,4804744226,2023-06-29,Not stated in NPPES — call to verify,CMS NPPES via Affine
1851839179,"Brittany Ibanez, Lpn",Other care,,,Tempe,AZ,85282,4803391780,2022-02-13,Not stated in NPPES — call to verify,CMS NPPES via Affine
1790181543,"Brittany Johnson, Pa",Clinic / primary care,Medical,,Tempe,AZ,85283,2086608532,2023-02-09,Not stated in NPPES — call to verify,CMS NPPES via Affine
1841049442,Brittany L Hayes,Behavioral health,Mental Health,,Tempe,AZ,85282,4808040326,2024-05-15,Not stated in NPPES — call to verify,CMS NPPES via Affine
1083126452,"Brittany Nicole Fuller, St",Other care,,,Tempe,AZ,85282,4804560719,2020-05-26,Not stated in NPPES — call to verify,CMS NPPES via Affine
1902444128,"Brittany Sue Grothe, Lpc",Behavioral health,Mental Health,,Tempe,AZ,85282,4808040326,2022-12-09,Not stated in NPPES — call to verify,CMS NPPES via Affine
1942867940,"Brittney Hendricks, Otr/L",Other care,,,Tempe,AZ,85281,4806343679,2019-05-24,Not stated in NPPES — call to verify,CMS NPPES via Affine
1912899386,Brittney Leeann Dixson,Other care,Speech-Language Assistant,,Tempe,AZ,85282,6265915047,2025-07-18,Not stated in NPPES — call to verify,CMS NPPES via Affine
1225686611,"Brittney Nichole Nelson, Physician Assistant",Clinic / primary care,,,Tempe,AZ,85282,6232998799,2025-11-12,Not stated in NPPES — call to verify,CMS NPPES via Affine
1356622435,Broadway Dental Llc,Dental,General Practice,,Tempe,AZ,85282,4806642244,2011-09-02,Not stated in NPPES — call to verify,CMS NPPES via Affine
1104045830,Broca Health Llc,Other care,,"1492 S MILL AVE, STE. 114",Tempe,AZ,85281,4805575710,2010-06-02,Not stated in NPPES — call to verify,CMS NPPES via Affine
1710106489,Broca Life Options Llc,Behavioral health,,"1492 S MILL AVE, STE. 114",Tempe,AZ,85281,4805575710,2010-06-02,Not stated in NPPES — call to verify,CMS NPPES via Affine
1962916429,Brock Petri,Other care,Electroneurodiagnostic,,Tempe,AZ,85282,4802295309,2017-11-20,Not stated in NPPES — call to verify,CMS NPPES via Affine
1629781653,"Broderick Moore, Pharmd",Pharmacy,,,Tempe,AZ,85282,8558574701,2023-01-04,Not stated in NPPES — call to verify,CMS NPPES via Affine
1558605253,"Brook Elizabeth Collins, Lpn",Other care,,,Tempe,AZ,85284,4805411000,2012-11-19,Not stated in NPPES — call to verify,CMS NPPES via Affine
1316470669,"Brookdale Senior Living Communities, Inc.",Other care,,,Tempe,AZ,85283,4807779334,2017-04-04,Not stated in NPPES — call to verify,CMS NPPES via Affine
1457121071,"Brooke Devan, Lpc",Behavioral health,Professional,,Tempe,AZ,85282,6239004401,2024-01-04,Not stated in NPPES — call to verify,CMS NPPES via Affine
1649710302,"Brooke Iseler, Pt",Other care,,"2065 S COTTONWOOD DR, SUITE 1",Tempe,AZ,85282,4809682020,2025-11-10,Not stated in NPPES — call to verify,CMS NPPES via Affine
1609373091,Brooke Kailee Mccown,Other care,,,Tempe,AZ,85284,6232633966,2026-02-23,Not stated in NPPES — call to verify,CMS NPPES via Affine
1831615038,Brooke Reed,Other care,,"5801 S MCCLINTOCK DR, STE 110",Tempe,AZ,85283,4807770607,2022-07-21,Not stated in NPPES — call to verify,CMS NPPES via Affine
1891026639,"Brooke W. Eisenhart, Fnp",Clinic / primary care,Family,,Tempe,AZ,85283,4807185400,2017-01-24,Not stated in NPPES — call to verify,CMS NPPES via Affine
1417803941,Brooklyn Stampfli,Behavioral health,,,Tempe,AZ,85281,4808630763,2026-09-03,Not stated in NPPES — call to verify,CMS NPPES via Affine
1104101039,Bruce Dennis Love,Clinic / primary care,,,Tempe,AZ,85281,6024463987,2011-10-11,Not stated in NPPES — call to verify,CMS NPPES via Affine
1033458997,"Bruce J Yee Md, Pc",Other care,,"2000 E SOUTHERN AVE, SUITE 102",Tempe,AZ,85282,4808316073,2013-02-12,Not stated in NPPES — call to verify,CMS NPPES via Affine
1801877527,"Bruce James Yee, Md",Other care,,"2000 E SOUTHERN AVE, STE 102",Tempe,AZ,85282,4808316073,2010-07-30,Not stated in NPPES — call to verify,CMS NPPES via Affine
1437256583,"Bruce R. Eich, Md Pc",Other care,,"2163 E BASELINE RD, SUITE 101",Tempe,AZ,85283,4808209000,2012-08-13,Not stated in NPPES — call to verify,CMS NPPES via Affine
1073539029,"Bruce Todd Curtis, M.D.",Imaging,Diagnostic Radiology,,Tempe,AZ,85283,4803455000,2008-07-30,Not stated in NPPES — call to verify,CMS NPPES via Affine
1487263380,Bryan Adams,Other care,,,Tempe,AZ,85282,4807307100,2020-07-27,Not stated in NPPES — call to verify,CMS NPPES via Affine
1386262996,Bryan Cole,Pharmacy,,,Tempe,AZ,85282,4802811016,2023-11-27,Not stated in NPPES — call to verify,CMS NPPES via Affine
1912458845,"Bryan Keoke Lazaro, Pmhnp",Behavioral health,Psychiatric/Mental Health,,Tempe,AZ,85283,6028883474,2025-07-09,Not stated in NPPES — call to verify,CMS NPPES via Affine
1528271558,"Bryan Webster, Cota",Other care,,,Tempe,AZ,85283,4803224400,2007-07-08,Not stated in NPPES — call to verify,CMS NPPES via Affine
1700425352,"Bryanna Alyssa Madrigal, Ms, Bcba, Lba",Behavioral health,,,Tempe,AZ,85284,8557728847,2025-10-29,Not stated in NPPES — call to verify,CMS NPPES via Affine
1962707869,"Bryce A Hilmo, P.A.",Clinic / primary care,Medical,,Tempe,AZ,85281,4809620071,2019-07-23,Not stated in NPPES — call to verify,CMS NPPES via Affine
1588336150,Bryce Andrew Richey,Behavioral health,,"1729 W GREENTREE DR, UNIT 103",Tempe,AZ,85284,6026665101,2021-10-01,Not stated in NPPES — call to verify,CMS NPPES via Affine
1396127635,"Bryce Lunt, Md",Clinic / primary care,,,Tempe,AZ,85281,4808827380,2024-10-01,Not stated in NPPES — call to verify,CMS NPPES via Affine
1447683776,Bryn Randall,Other care,,,Tempe,AZ,85283,4802733057,2013-08-09,Not stated in NPPES — call to verify,CMS NPPES via Affine
1356299135,Bryttney Huseas,Behavioral health,Mental Health,,Tempe,AZ,85282,6023773633,2026-03-18,Not stated in NPPES — call to verify,CMS NPPES via Affine
1619322864,Buwalda Psychological Services,Other care,,,Tempe,AZ,85283,4809213314,2016-04-25,Not stated in NPPES — call to verify,CMS NPPES via Affine
1023864576,"Byron Horacio Garcia, Ms",Other care,,,Tempe,AZ,85288,4809657296,2024-04-25,Not stated in NPPES — call to verify,CMS NPPES via Affine
1639329501,C-Mac Dental Llc,Dental,,,Tempe,AZ,85282,4804911313,2008-09-26,Not stated in NPPES — call to verify,CMS NPPES via Affine
1043056518,Cac Anesthesia Services Pllc,Other care,,,Tempe,AZ,85282,4804252160,2025-12-29,Not stated in NPPES — call to verify,CMS NPPES via Affine
1346893575,Cactus Canyon Dental,Dental,General Practice,,Tempe,AZ,85282,4807300553,2019-07-17,Not stated in NPPES — call to verify,CMS NPPES via Affine
1437983947,Cactus Desert Anesthesia Pllc,Other care,,,Tempe,AZ,85282,4804252160,2024-08-27,Not stated in NPPES — call to verify,CMS NPPES via Affine
1073446720,"Cailey Ella Brooke Fantin, Ms",Other care,,,Tempe,AZ,85284,4803744341,2026-06-03,Not stated in NPPES — call to verify,CMS NPPES via Affine
1962188508,"Cailin Mills, Lamft",Behavioral health,Mental Health,,Tempe,AZ,85283,4804893925,2023-06-27,Not stated in NPPES — call to verify,CMS NPPES via Affine
1538541123,"Caitlin Adams, Lpc",Behavioral health,Mental Health,,Tempe,AZ,85282,4808049542,2026-05-05,Not stated in NPPES — call to verify,CMS NPPES via Affine
1033898713,Caitlin E Schneider,Behavioral health,,,Tempe,AZ,85281,4808630763,2024-12-23,Not stated in NPPES — call to verify,CMS NPPES via Affine
1609601301,"Caitlin Hart, Rn",Other care,Critical Care Medicine,,Tempe,AZ,85288,6027698733,2024-09-04,Not stated in NPPES — call to verify,CMS NPPES via Affine
1962171884,Caitlyn Marie Racz,Other care,Speech-Language Assistant,,Tempe,AZ,85284,4806089898,2021-09-13,Not stated in NPPES — call to verify,CMS NPPES via Affine
1164158424,Cali Stevens,Other care,,,Tempe,AZ,85284,4803744341,2022-07-28,Not stated in NPPES — call to verify,CMS NPPES via Affine
1194187351,"Callie Corrine Hurtt, M.D.",Other care,,,Tempe,AZ,85281,4808213600,2023-12-29,Not stated in NPPES — call to verify,CMS NPPES via Affine
1578280301,"Callie Yan Andrews, Atc",Other care,Athletic Trainer,,Tempe,AZ,85287,6197875431,2022-10-24,Not stated in NPPES — call to verify,CMS NPPES via Affine
1669122818,Calmpsych Llc,Other care,Psychiatry,,Tempe,AZ,85281,6232676601,2022-10-30,Not stated in NPPES — call to verify,CMS NPPES via Affine
1679151203,Calvary Center Inc,Clinic / primary care,Rehabilitation,,Tempe,AZ,85283,6025353384,2021-11-09,Not stated in NPPES — call to verify,CMS NPPES via Affine
1831560176,Camelback Anesthesia Pllc,Other care,Pain Medicine,"2421 E SOUTHERN AVE, STE 1",Tempe,AZ,85282,4804252160,2015-11-04,Not stated in NPPES — call to verify,CMS NPPES via Affine
1467724443,"Camelback Anesthesiology Consultants, Pllc",Other care,,"2421 E SOUTHERN AVE, SUITE 1",Tempe,AZ,85282,4804252160,2012-02-06,Not stated in NPPES — call to verify,CMS NPPES via Affine
1427791862,Cameron Cauley,Behavioral health,,,Tempe,AZ,85283,4805978121,2022-04-14,Not stated in NPPES — call to verify,CMS NPPES via Affine
1265133805,Cameron Claiborne,Behavioral health,,,Tempe,AZ,85281,8552237123,2023-03-10,Not stated in NPPES — call to verify,CMS NPPES via Affine
1619668480,Cameron Graham,Behavioral health,,,Tempe,AZ,85281,8552237123,2023-05-15,Not stated in NPPES — call to verify,CMS NPPES via Affine
1184486821,"Cameron Toepfer, Bs, Bht3",Behavioral health,,,Tempe,AZ,85282,4806411165,2025-08-06,Not stated in NPPES — call to verify,CMS NPPES via Affine
1407159288,"Camilla Lee Davis, P.A.",Clinic / primary care,,,Tempe,AZ,85288,4809848382,2024-11-21,Not stated in NPPES — call to verify,CMS NPPES via Affine
1629019732,"Camille M Hylton, Md",Other care,,,Tempe,AZ,85282,4808390206,2011-09-22,Not stated in NPPES — call to verify,CMS NPPES via Affine
1598547184,Camille Story,Other care,School,,Tempe,AZ,85282,4809678336,2023-10-18,Not stated in NPPES — call to verify,CMS NPPES via Affine
1598675324,Camryn Noel Ciaramella,Other care,,,Tempe,AZ,85284,4803744341,2026-09-11,Not stated in NPPES — call to verify,CMS NPPES via Affine
1003811001,"Candace Lew, Md",Other care,,"6301 S. MCCLINTOCK DR. #215, KIRSTEN SORENSEN",Tempe,AZ,85283,4808206657,2007-07-31,Not stated in NPPES — call to verify,CMS NPPES via Affine
1982303780,Candance Mcmichael,Behavioral health,,,Tempe,AZ,85281,8552237123,2023-03-01,Not stated in NPPES — call to verify,CMS NPPES via Affine
1184096885,Candice Sennett,Other care,,,Tempe,AZ,85284,4803744341,2019-04-18,Not stated in NPPES — call to verify,CMS NPPES via Affine
1801574785,Canyon Pain And Spine,Other care,,,Tempe,AZ,85281,4805615000,2023-07-10,Not stated in NPPES — call to verify,CMS NPPES via Affine
1477477388,"Canyon River, Llc",Pharmacy,Long Term Care Pharmacy,,Tempe,AZ,85281,4809776622,2026-08-05,Not stated in NPPES — call to verify,CMS NPPES via Affine
1730042292,"Canyon River, Llc",Pharmacy,Community/Retail Pharmacy,,Tempe,AZ,85281,8604028018,2026-07-15,Not stated in NPPES — call to verify,CMS NPPES via Affine
1518657386,Capriana Bish,Other care,,,Tempe,AZ,85284,4822739245,2023-05-15,Not stated in NPPES — call to verify,CMS NPPES via Affine
1518185214,"Cara Elizabeth Lonca-Nati, Rn",Other care,School,,Tempe,AZ,85282,4809678336,2007-07-08,Not stated in NPPES — call to verify,CMS NPPES via Affine
1124714514,Cardiovascular Clinic Of Arizona Pllc,Clinic / primary care,Cardiovascular Disease,,Tempe,AZ,85283,4809924344,2025-12-30,Not stated in NPPES — call to verify,CMS NPPES via Affine
1972213650,Care Connections,Behavioral health,Mental Health (Including Community Mental Health Center),,Tempe,AZ,85282,7028843133,2023-05-09,Not stated in NPPES — call to verify,CMS NPPES via Affine
1346006434,Care Connections Nationwide Llc,Behavioral health,Mental Health (Including Community Mental Health Center),,Tempe,AZ,85282,6028518744,2024-02-26,Not stated in NPPES — call to verify,CMS NPPES via Affine
1114269263,Care Trans,Other care,,,Tempe,AZ,85283,6022950680,2013-03-27,Not stated in NPPES — call to verify,CMS NPPES via Affine
1104378447,Care Transitions Llc,Clinic / primary care,,"5030 S MILL AVE, SUITE D8",Tempe,AZ,85282,6024928388,2016-11-03,Not stated in NPPES — call to verify,CMS NPPES via Affine
1255561205,"Caren J Oberstein, Caren Oberstein",Other care,Hand,,Tempe,AZ,85284,4807480564,2009-07-23,Not stated in NPPES — call to verify,CMS NPPES via Affine
1972738029,Carescripts Llc,Pharmacy,,"1155 W RIO SALADO PKWY, 110",Tempe,AZ,85281,4805055731,2009-05-19,Not stated in NPPES — call to verify,CMS NPPES via Affine
1891946679,Carescripts Llc,Pharmacy,Mail Order Pharmacy,"1155 W RIO SALADO PKWY, STE 110",Tempe,AZ,85281,4805055731,2008-10-10,Not stated in NPPES — call to verify,CMS NPPES via Affine
1073913737,"Carie Perrino, Nmd, Rdn",Other care,,,Tempe,AZ,85283,4809140521,2024-02-27,Not stated in NPPES — call to verify,CMS NPPES via Affine
1225457559,"Carina Stafford, Mt-Bc",Other care,,,Tempe,AZ,85282,4803093497,2014-04-15,Not stated in NPPES — call to verify,CMS NPPES via Affine
1124813381,Caring 4 Life Llc,Other care,,,Tempe,AZ,85281,4807470115,2025-04-10,Not stated in NPPES — call to verify,CMS NPPES via Affine
1063004521,Caring Hands Palliative And Hospice Care Inc.,Other care,,,Tempe,AZ,85282,6027420370,2026-09-10,Not stated in NPPES — call to verify,CMS NPPES via Affine
1629806815,Caring Hearts Homecare,Other care,,,Tempe,AZ,85282,5203807533,2024-07-22,Not stated in NPPES — call to verify,CMS NPPES via Affine
1033930177,Caring Hearts Medical Llc,Clinic / primary care,Hospice and Palliative Medicine,,Tempe,AZ,85282,6027420370,2026-07-03,Not stated in NPPES — call to verify,CMS NPPES via Affine
1386015253,Carissa Espinoza,Other care,Speech-Language Assistant,"2435 E SOUTHERN AVE, #7",Tempe,AZ,85282,4803452012,2015-10-16,Not stated in NPPES — call to verify,CMS NPPES via Affine
1609657113,"Carissa M Cardenas, Bs, Rbt",Behavioral health,,,Tempe,AZ,85284,4806720536,2023-10-10,Not stated in NPPES — call to verify,CMS NPPES via Affine
1023136363,Carl Ross,Behavioral health,School,,Tempe,AZ,85284,4807832460,2007-07-08,Not stated in NPPES — call to verify,CMS NPPES via Affine
1649294968,Carl Schwartz,Behavioral health,Professional,,Tempe,AZ,85282,4809411147,2013-02-28,Not stated in NPPES — call to verify,CMS NPPES via Affine
1659474070,"Carla Marie Zimmerman, Ccc-Slp",Other care,,,Tempe,AZ,85282,6029192068,2020-08-27,Not stated in NPPES — call to verify,CMS NPPES via Affine
1588383640,"Carlos David Calvillo, Fnp-Bc",Clinic / primary care,Family,,Tempe,AZ,85281,8663892727,2026-09-10,Not stated in NPPES — call to verify,CMS NPPES via Affine
1023323268,"Carlos Martinez Rivas, Pt, Dpt",Other care,,,Tempe,AZ,85284,4807568617,2010-08-12,Not stated in NPPES — call to verify,CMS NPPES via Affine
1033062344,Carlos Romero,Behavioral health,,,Tempe,AZ,85283,4809020771,2026-02-17,Not stated in NPPES — call to verify,CMS NPPES via Affine
1609050749,Carlton A Richie Iii Do Plc,Clinic / primary care,Sports Medicine,"1840 E BASELINE RD, SUITE C-2",Tempe,AZ,85283,4807513771,2008-02-01,Not stated in NPPES — call to verify,CMS NPPES via Affine
1174114862,Carlton Crayton Jr.,Other care,,,Tempe,AZ,85282,4807706641,2021-08-17,Not stated in NPPES — call to verify,CMS NPPES via Affine
1003374349,Carly Ann Welch,Behavioral health,Professional,,Tempe,AZ,85282,4808040326,2019-03-06,Not stated in NPPES — call to verify,CMS NPPES via Affine
1003666140,"Carly Jacobs, Mt-Bc",Other care,,,Tempe,AZ,85281,6232589803,2024-03-22,Not stated in NPPES — call to verify,CMS NPPES via Affine
1982017356,"Carly Kowalczyk, Fnp-C",Clinic / primary care,Family,"51 W 3RD ST, SUITE 500",Tempe,AZ,85281,4805241600,2016-02-18,Not stated in NPPES — call to verify,CMS NPPES via Affine
1285980904,"Carol Ann Stanford, Lcsw",Behavioral health,Clinical,"1230 W WASHINGTON ST, SUITE 401",Tempe,AZ,85281,6027941757,2012-07-31,Not stated in NPPES — call to verify,CMS NPPES via Affine
1982725800,"Carol Ann Traw, Rnfa",Other care,Registered Nurse First Assistant,"2000 E SOUTHERN AVE, SUITE 102",Tempe,AZ,85282,4808209155,2007-07-08,Not stated in NPPES — call to verify,CMS NPPES via Affine
1851589741,"Carol B Nystuen, Lpc",Behavioral health,Mental Health,,Tempe,AZ,85282,4802057023,2007-10-05,Not stated in NPPES — call to verify,CMS NPPES via Affine
1881068468,"Carol Casto, Cota",Other care,,,Tempe,AZ,85281,4805187226,2015-11-19,Not stated in NPPES — call to verify,CMS NPPES via Affine
1306815220,"Carol S. Lee-Faust, M.D.",Other care,,"1920 E BASELINE RD, CJ HARRIS CENTER / CIGNA MEDICAL GROUP/ OPHTHALMOLOGY",Tempe,AZ,85283,4803455164,2011-01-13,Not stated in NPPES — call to verify,CMS NPPES via Affine
1629321302,Carolyn B Pace Md Pc,Clinic / primary care,Medical Specialty,"2600 E SOUTHERN AVE, SUITE K",Tempe,AZ,85282,4804566561,2012-10-18,Not stated in NPPES — call to verify,CMS NPPES via Affine
1275075608,Carolyn Berry,Other care,,,Tempe,AZ,85283,4802695575,2016-11-16,Not stated in NPPES — call to verify,CMS NPPES via Affine
1023658739,Carolyn P Yee,Other care,,,Tempe,AZ,85282,4805903068,2020-01-10,Not stated in NPPES — call to verify,CMS NPPES via Affine
1417498833,Carr Speech & Language Therapy,Other care,,"4700 S MILL AVE, SUITE 3",Tempe,AZ,85282,4805087566,2017-03-17,Not stated in NPPES — call to verify,CMS NPPES via Affine
1861271272,Carrie Grant,Other care,,,Tempe,AZ,85283,6233966707,2023-09-25,Not stated in NPPES — call to verify,CMS NPPES via Affine
1013465491,"Carrie Holmes, Lcsw",Behavioral health,Clinical,,Tempe,AZ,85284,4805343795,2021-12-04,Not stated in NPPES — call to verify,CMS NPPES via Affine
1457684490,"Carrie Lyn Graham, Pa-C",Clinic / primary care,,,Tempe,AZ,85283,6027776000,2026-01-02,Not stated in NPPES — call to verify,CMS NPPES via Affine
1710953567,"Carrie Lynn Schallock, Md",Other care,,"2501 E SOUTHERN AVE, STE 14",Tempe,AZ,85282,4807303331,2026-07-13,Not stated in NPPES — call to verify,CMS NPPES via Affine
1437985835,"Carrie M Peters, Lpc",Behavioral health,Professional,,Tempe,AZ,85284,6026426880,2024-09-11,Not stated in NPPES — call to verify,CMS NPPES via Affine
1588745806,"Carrie Marie Salazar, Mc, Ncc",Behavioral health,School,,Tempe,AZ,85283,4808976063,2007-07-08,Not stated in NPPES — call to verify,CMS NPPES via Affine
1023769023,"Carrie Susanne Bann, Pmhnp-Bc",Behavioral health,Psychiatric/Mental Health,,Tempe,AZ,85281,4809295100,2022-04-08,Not stated in NPPES — call to verify,CMS NPPES via Affine
1669164398,Carry Me Productions,Other care,,,Tempe,AZ,85282,6023693744,2023-05-22,Not stated in NPPES — call to verify,CMS NPPES via Affine
1902004252,Carson Chiropractic Pc,Other care,,"7517 S MCCLINTOCK DR, SUITE 104",Tempe,AZ,85283,4808316050,2022-01-10,Not stated in NPPES — call to verify,CMS NPPES via Affine
1053558999,Cary B. Mcdonald,Other care,,,Tempe,AZ,85283,4802419666,2009-01-14,Not stated in NPPES — call to verify,CMS NPPES via Affine
1760462527,"Caryll June Webner, Md",Other care,Anatomic Pathology & Clinical Pathology,,Tempe,AZ,85281,6026855211,2010-10-15,Not stated in NPPES — call to verify,CMS NPPES via Affine
1598046732,"Caryn Leigh Crecelius, Pharm. D",Other care,,,Tempe,AZ,85284,4807528200,2011-09-01,Not stated in NPPES — call to verify,CMS NPPES via Affine
1558995019,Casandra Quintero,Behavioral health,,,Tempe,AZ,85284,6086665104,2020-02-24,Not stated in NPPES — call to verify,CMS NPPES via Affine
1235756016,Casey Bartel,Other care,,,Tempe,AZ,85281,7326140548,2020-06-29,Not stated in NPPES — call to verify,CMS NPPES via Affine
1295004950,"Casey Dean Hanyzewski, D.P.T.",Other care,,"1805 N. SCOTTSDALE RD, STE 2",Tempe,AZ,85281,4809414169,2012-03-06,Not stated in NPPES — call to verify,CMS NPPES via Affine
1457188401,"Casey Elizabeth Ventura, M.S. Cf-Slp",Other care,,,Tempe,AZ,85284,4803744341,2024-09-16,Not stated in NPPES — call to verify,CMS NPPES via Affine
1194607572,"Casey L Sullivan, Rn",Other care,School,,Tempe,AZ,85282,4809678933,2025-07-24,Not stated in NPPES — call to verify,CMS NPPES via Affine
1720416084,"Casey Seenauth, Nd",Other care,,,Tempe,AZ,85282,4802229830,2013-10-24,Not stated in NPPES — call to verify,CMS NPPES via Affine
1982345336,"Casita Espi, Llc",Other care,,,Tempe,AZ,85284,4804208679,2022-04-07,Not stated in NPPES — call to verify,CMS NPPES via Affine
1336805670,Cassandra Alva,Behavioral health,Mental Health,,Tempe,AZ,85283,4803076446,2021-11-10,Not stated in NPPES — call to verify,CMS NPPES via Affine
1245788850,"Cassandra Jessica Legger, M.S.",Other care,,,Tempe,AZ,85282,4804560719,2018-05-11,Not stated in NPPES — call to verify,CMS NPPES via Affine
1740813492,"Cassandra Price Laughrey, Dpt",Other care,,,Tempe,AZ,85282,4804560719,2020-02-20,Not stated in NPPES — call to verify,CMS NPPES via Affine
1760780092,"Cassandra Rae Craven, Mt-Bc",Other care,,,Tempe,AZ,85281,4809651082,2011-03-10,Not stated in NPPES — call to verify,CMS NPPES via Affine
1720816960,Cassidy A Hough,Other care,,,Tempe,AZ,85282,4804401932,2024-07-22,Not stated in NPPES — call to verify,CMS NPPES via Affine
1336864586,"Cassie E Harris-Kinnick, Dpt",Other care,,,Tempe,AZ,85284,4803066627,2022-10-10,Not stated in NPPES — call to verify,CMS NPPES via Affine
1508437443,Castle Wellness Centers,Behavioral health,Mental Health,,Tempe,AZ,85282,4802439343,2021-07-01,Not stated in NPPES — call to verify,CMS NPPES via Affine
1972709566,Catalina Behavioral Health Services,Behavioral health,Family,"1500 N. PRIEST DRIVE, #104",Tempe,AZ,85281,6027941763,2012-05-04,Not stated in NPPES — call to verify,CMS NPPES via Affine
1083044176,"Catharine Parker, Pa-C",Clinic / primary care,,,Tempe,AZ,85281,8008198566,2016-01-25,Not stated in NPPES — call to verify,CMS NPPES via Affine
1548556525,"Catherine Baril-Neely, Lcsw",Behavioral health,Clinical,"600 E BASELINE RD, STE C-1",Tempe,AZ,85283,6022644600,2011-06-28,Not stated in NPPES — call to verify,CMS NPPES via Affine
1568611473,"Catherine H. Cho, Dds, Pc",Dental,General Practice,"1840 E WARNER RD, STE 117",Tempe,AZ,85284,4804911170,2008-09-16,Not stated in NPPES — call to verify,CMS NPPES via Affine
1699833863,"Catherine K Bacon, M.A.",Other care,,"SPEECH HEARING CLINIC, ARIZONA STATE UNIVERSITY",Tempe,AZ,85287,4809655475,2007-07-08,Not stated in NPPES — call to verify,CMS NPPES via Affine
1700333119,"Catherine Kent-Murtaugh, Np",Clinic / primary care,Family,,Tempe,AZ,85281,4805241600,2016-10-18,Not stated in NPPES — call to verify,CMS NPPES via Affine
1881841963,"Catherine Kin Ho, D.O.",Other care,,,Tempe,AZ,85282,4808296100,2023-10-30,Not stated in NPPES — call to verify,CMS NPPES via Affine
1619514502,"Catherine Levell Vierling, M.S., Cf-Slp",Other care,,,Tempe,AZ,85283,4808976233,2019-12-10,Not stated in NPPES — call to verify,CMS NPPES via Affine
1700695244,"Catherine Lynn Hilario, Lpc",Behavioral health,Mental Health,,Tempe,AZ,85282,6022855550,2026-08-11,Not stated in NPPES — call to verify,CMS NPPES via Affine
1477907400,"Catherine Mcdonald, Md",Clinic / primary care,,,Tempe,AZ,85281,8886636331,2026-02-18,Not stated in NPPES — call to verify,CMS NPPES via Affine
1356984124,Catherine R Lee,Pharmacy,Pharmacist Clinician (PhC)/ Clinical Pharmacy Specialist,,Tempe,AZ,85283,6024382807,2026-06-24,Not stated in NPPES — call to verify,CMS NPPES via Affine
1497352520,"Catherine Read Michelle Read, M.S., Ccc-Slp",Other care,,,Tempe,AZ,85281,4809667114,2020-10-01,Not stated in NPPES — call to verify,CMS NPPES via Affine
1144046491,Catina Renee Frierson,Behavioral health,Clinical,,Tempe,AZ,85282,4809991190,2024-12-02,Not stated in NPPES — call to verify,CMS NPPES via Affine
1164866273,"Cayer Family Assisted Living Services, Inc",Other care,,,Tempe,AZ,85282,4808972808,2013-04-19,Not stated in NPPES — call to verify,CMS NPPES via Affine
1730072794,"Cayla Castro, Lac",Behavioral health,Mental Health,,Tempe,AZ,85283,4802123349,2025-05-29,Not stated in NPPES — call to verify,CMS NPPES via Affine
1003261165,Cbd Laboratories Inc.,Clinic / primary care,,"1301 E UNIVERSITY DR, AZTEC COURT, SUITE 131",Tempe,AZ,85281,9513237366,2017-07-28,Not stated in NPPES — call to verify,CMS NPPES via Affine
1235855321,Cc Anesthesia Pllc,Other care,,,Tempe,AZ,85282,4804252160,2025-12-29,Not stated in NPPES — call to verify,CMS NPPES via Affine
1801493705,Cd Pharmacy Llc,Pharmacy,Long Term Care Pharmacy,,Tempe,AZ,85282,4805906886,2020-10-04,Not stated in NPPES — call to verify,CMS NPPES via Affine
1154085371,"Cecilia Gonzalez, Rbt",Behavioral health,,,Tempe,AZ,85284,4806720536,2021-10-25,Not stated in NPPES — call to verify,CMS NPPES via Affine
1114648532,Cecilia Kness,Behavioral health,Mental Health,,Tempe,AZ,85282,4805250058,2022-09-05,Not stated in NPPES — call to verify,CMS NPPES via Affine
1083836183,"Celebrity Homehealth, Inc.",Other care,,,Tempe,AZ,85282,4809668888,2024-02-06,Not stated in NPPES — call to verify,CMS NPPES via Affine
1508689811,Celeste Rene' Skidmore,Behavioral health,,,Tempe,AZ,85281,4808630763,2024-12-23,Not stated in NPPES — call to verify,CMS NPPES via Affine
1831321108,"Celeste V Knott, Pt",Other care,,,Tempe,AZ,85282,4804560719,2009-09-15,Not stated in NPPES — call to verify,CMS NPPES via Affine
1730207184,"Celia R Alvarez-Reeder, Pa-C",Clinic / primary care,Medical,"2033 E WARNER RD, SUITE 109",Tempe,AZ,85284,4808205525,2017-04-04,Not stated in NPPES — call to verify,CMS NPPES via Affine
1588722367,Center For Behavioral Health Llc,Clinic / primary care,Methadone,,Tempe,AZ,85282,4808977044,2024-12-26,Not stated in NPPES — call to verify,CMS NPPES via Affine
1295908234,"Center For Healing Play, Inc",Behavioral health,,"2435 E SOUTHERN AVE, SUITE 3",Tempe,AZ,85282,4808942281,2010-05-27,Not stated in NPPES — call to verify,CMS NPPES via Affine
1790322600,"Center For Strengthening Relationships, Pllc",Behavioral health,Mental Health,,Tempe,AZ,85282,4803290881,2019-12-10,Not stated in NPPES — call to verify,CMS NPPES via Affine
1093170011,"Center For Transitional Care Medicine, Pllc",Clinic / primary care,,"2501 E SOUTHERN AVE, STE 1",Tempe,AZ,85282,4807552210,2015-12-17,Not stated in NPPES — call to verify,CMS NPPES via Affine
1710833199,Centered Soul Somatic Therapy Pllc,Behavioral health,Mental Health (Including Community Mental Health Center),,Tempe,AZ,85284,4803536307,2026-03-07,Not stated in NPPES — call to verify,CMS NPPES via Affine
1629689922,Cerebro Wellness,Other care,Psychiatry,,Tempe,AZ,85283,6028883474,2023-11-10,Not stated in NPPES — call to verify,CMS NPPES via Affine
1063129849,Cereus Dental Care,Dental,General Practice,,Tempe,AZ,85284,4808128088,2022-11-01,Not stated in NPPES — call to verify,CMS NPPES via Affine
1083321731,Cereus Dental Care Pllc,Clinic / primary care,Dental,,Tempe,AZ,85284,4808128088,2022-11-02,Not stated in NPPES — call to verify,CMS NPPES via Affine
1750642153,"Cerola Guerdie Pringle, M.D.",Other care,Psychiatry,,Tempe,AZ,85283,4806322301,2026-01-26,Not stated in NPPES — call to verify,CMS NPPES via Affine
1952217366,Cesar Vairo,Behavioral health,School,,Tempe,AZ,85288,4807272435,2026-08-24,Not stated in NPPES — call to verify,CMS NPPES via Affine
1275863409,"Chad Fuentes, Pharm D.",Pharmacy,,,Tempe,AZ,85282,4809218013,2010-01-11,Not stated in NPPES — call to verify,CMS NPPES via Affine
1508280884,"Chadwick Cook, Bs, Ms, Atc",Other care,Athletic Trainer,,Tempe,AZ,85284,6023791713,2014-02-07,Not stated in NPPES — call to verify,CMS NPPES via Affine
1588332563,"Chaise Bowman, Dpt",Other care,,,Tempe,AZ,85282,4802220655,2024-08-09,Not stated in NPPES — call to verify,CMS NPPES via Affine
1881952224,"Chalice Ann Blinick, F.N.P.",Clinic / primary care,Family,,Tempe,AZ,85282,4806642753,2015-03-09,Not stated in NPPES — call to verify,CMS NPPES via Affine
1417884404,Chamekia Lashonda Robinson,Behavioral health,,,Tempe,AZ,85282,3143487288,2026-05-05,Not stated in NPPES — call to verify,CMS NPPES via Affine
1740800614,Chandental Pllc,Clinic / primary care,Dental,,Tempe,AZ,85282,4808972274,2020-04-21,Not stated in NPPES — call to verify,CMS NPPES via Affine
1982945168,Chandrakant B Patel Md Pc,Other care,,"1232 E BROADWAY RD, SUITE 205",Tempe,AZ,85282,4808747014,2013-03-13,Not stated in NPPES — call to verify,CMS NPPES via Affine
1518813666,Changing Minds Psychiatry Az Llc,Behavioral health,Psychiatric/Mental Health,,Tempe,AZ,85283,7024058088,2026-05-06,Not stated in NPPES — call to verify,CMS NPPES via Affine
1487187282,Channing Cabanillas,Clinic / primary care,,,Tempe,AZ,85283,4809411898,2017-04-07,Not stated in NPPES — call to verify,CMS NPPES via Affine
1720524853,"Chantal King, Atc",Other care,Athletic Trainer,,Tempe,AZ,85282,4808394222,2017-01-12,Not stated in NPPES — call to verify,CMS NPPES via Affine
1164382255,Charity Omari Lamb,Behavioral health,,,Tempe,AZ,85281,4808630763,2025-11-12,Not stated in NPPES — call to verify,CMS NPPES via Affine
1376078832,"Charlene Winiker, Pt",Other care,,,Tempe,AZ,85284,6027082313,2024-02-05,Not stated in NPPES — call to verify,CMS NPPES via Affine
1104025915,Charles K Stermetz Pc,Clinic / primary care,Health Service,"2133 E WARNER RD, SUITE 102",Tempe,AZ,85284,4808206695,2007-07-12,Not stated in NPPES — call to verify,CMS NPPES via Affine
1013973072,"Charles Kevin Stermetz, D.C.",Other care,,"2133 E WARNER RD, SUITE 102",Tempe,AZ,85284,4808206695,2008-05-12,Not stated in NPPES — call to verify,CMS NPPES via Affine
1730375866,Charles R. Breed Md Pc,Other care,,"2055 E SOUTHERN AVE, SUITE F",Tempe,AZ,85282,4808978484,2007-09-21,Not stated in NPPES — call to verify,CMS NPPES via Affine
1124275680,Charles Wilder,Behavioral health,School,,Tempe,AZ,85282,4808976063,2008-08-26,Not stated in NPPES — call to verify,CMS NPPES via Affine
1982181368,Charlotte Blackwell,Other care,,,Tempe,AZ,85283,4807770607,2018-07-27,Not stated in NPPES — call to verify,CMS NPPES via Affine
1043854904,Charlotte Grace Sliger,Behavioral health,,,Tempe,AZ,85284,6026665101,2019-11-04,Not stated in NPPES — call to verify,CMS NPPES via Affine
1023624863,Charly M Connors,Other care,,,Tempe,AZ,85283,4807770607,2020-09-17,Not stated in NPPES — call to verify,CMS NPPES via Affine
1275452088,"Charmaine M Trujillo, Rn",Other care,School,,Tempe,AZ,85281,4808390292,2026-07-14,Not stated in NPPES — call to verify,CMS NPPES via Affine
1114624582,"Charmayne Bellamy, Lmsw",Behavioral health,,,Tempe,AZ,85282,4808040326,2023-02-15,Not stated in NPPES — call to verify,CMS NPPES via Affine
1124547500,"Chazvon Hughes, Ms. Ed",Other care,,,Tempe,AZ,85283,7738147583,2022-10-13,Not stated in NPPES — call to verify,CMS NPPES via Affine
1124560990,Chelise Mitchell,Other care,,"1250 W GROVE PKWY, 1014",Tempe,AZ,85283,6028104820,2016-11-10,Not stated in NPPES — call to verify,CMS NPPES via Affine
1760779144,"Chelsea Curley, St",Other care,,,Tempe,AZ,85282,4804560719,2018-05-10,Not stated in NPPES — call to verify,CMS NPPES via Affine
1053849570,"Chelsea Denise Mcnair, Pharmd",Pharmacy,,,Tempe,AZ,85284,4807551944,2018-08-22,Not stated in NPPES — call to verify,CMS NPPES via Affine
1194009738,"Chelsea M Hovis, Pt",Other care,,,Tempe,AZ,85282,4804560719,2011-11-03,Not stated in NPPES — call to verify,CMS NPPES via Affine
1053270330,Chelsea Nicole Stombres,Behavioral health,,,Tempe,AZ,85283,4809020771,2026-01-21,Not stated in NPPES — call to verify,CMS NPPES via Affine
1568276129,Chelsi Brune,Behavioral health,Professional,,Tempe,AZ,85282,8054289594,2025-02-04,Not stated in NPPES — call to verify,CMS NPPES via Affine
1710388095,"Chere L Sterenfeld, Lpc",Behavioral health,Professional,"2120 S MCCLINTOCK DR, SUITE 105",Tempe,AZ,85282,4808040326,2017-04-23,Not stated in NPPES — call to verify,CMS NPPES via Affine
1063197416,"Cherene Watkin, Lpc",Behavioral health,Professional,,Tempe,AZ,85282,4802342266,2023-08-02,Not stated in NPPES — call to verify,CMS NPPES via Affine
1477354173,"Cherril L Babbs, Lmt",Other care,,,Tempe,AZ,85283,4803990727,2025-03-20,Not stated in NPPES — call to verify,CMS NPPES via Affine
1841127263,"Cherron Sutten, Nmd",Other care,,,Tempe,AZ,85282,4805843224,2026-05-07,Not stated in NPPES — call to verify,CMS NPPES via Affine
1598100042,"Cheryl Kollin, N.M.D",Other care,,"1250 E BASELINE RD, STE 205",Tempe,AZ,85283,4808392800,2013-05-09,Not stated in NPPES — call to verify,CMS NPPES via Affine
1841495025,"Cheryl Lee Morton, M.S.Ccc-Slp",Other care,,"2435 E SOUTHERN AVE, SUITE #7",Tempe,AZ,85282,4803452012,2007-07-08,Not stated in NPPES — call to verify,CMS NPPES via Affine
1285042069,Cheryl Lovell,Other care,,"2111 E BASELINE RD, SUITE B-5",Tempe,AZ,85283,6025954663,2014-07-24,Not stated in NPPES — call to verify,CMS NPPES via Affine
1902957434,"Cheryl Lynn Marshall, Pa-C",Clinic / primary care,Medical,,Tempe,AZ,85283,4808384296,2019-01-17,Not stated in NPPES — call to verify,CMS NPPES via Affine
1063544872,Cheryl Ray,Other care,Pediatrics,,Tempe,AZ,85282,4807307100,2007-07-08,Not stated in NPPES — call to verify,CMS NPPES via Affine
1730597238,Cheryl Searles,Behavioral health,Clinical,"2120 S MCCLINTOCK DR, SUITE 105",Tempe,AZ,85282,4808040326,2014-07-28,Not stated in NPPES — call to verify,CMS NPPES via Affine
1427713551,Cheryl Zinkan,Behavioral health,,,Tempe,AZ,85283,4803076446,2021-11-03,Not stated in NPPES — call to verify,CMS NPPES via Affine
1699261982,Chevick Family Homecare Llc,Other care,,,Tempe,AZ,85283,4805084924,2018-07-10,Not stated in NPPES — call to verify,CMS NPPES via Affine
1437647815,Chiara Anesthesia Pllc,Other care,,,Tempe,AZ,85282,4804252160,2018-06-16,Not stated in NPPES — call to verify,CMS NPPES via Affine
1871826578,Chicago Medical Transportation,Other care,,"1753 E BROADWAY RD, STE 101 #309",Tempe,AZ,85282,4802321935,2009-09-13,Not stated in NPPES — call to verify,CMS NPPES via Affine
1922177948,"Children's Dental Village, P.C.",Dental,Pediatric Dentistry,,Tempe,AZ,85283,4808386949,2020-08-22,Not stated in NPPES — call to verify,CMS NPPES via Affine
1487260436,Chiropure Spine & Injury,Other care,,,Tempe,AZ,85283,4804309018,2020-09-16,Not stated in NPPES — call to verify,CMS NPPES via Affine
1215403779,Chirotoyou Llc,Other care,,,Tempe,AZ,85282,7204483955,2018-10-22,Not stated in NPPES — call to verify,CMS NPPES via Affine
1033914940,Chloe Dupouy,Behavioral health,,,Tempe,AZ,85284,8557728847,2025-02-14,Not stated in NPPES — call to verify,CMS NPPES via Affine
1033083159,Chloe Eylse Carpenter,Behavioral health,,,Tempe,AZ,85281,4808630763,2025-10-01,Not stated in NPPES — call to verify,CMS NPPES via Affine
1104440593,"Chloe Linnea Conrad, Slp-Cfy",Other care,,,Tempe,AZ,85284,4803744341,2020-06-02,Not stated in NPPES — call to verify,CMS NPPES via Affine
1912666348,Cho Long Kim Nmd Pllc,Clinic / primary care,Multi-Specialty,,Tempe,AZ,85281,4809007952,2021-12-13,Not stated in NPPES — call to verify,CMS NPPES via Affine
1558514067,"Choices Network Of Arizona, Inc.",Other care,,"1642 S PRIEST DR, BLDG 6, STE101",Tempe,AZ,85281,4809295100,2015-01-09,Not stated in NPPES — call to verify,CMS NPPES via Affine
1912520974,"Chrisanta Paula Bianca Hughes, Rn",Other care,Community Health,,Tempe,AZ,85282,5202337111,2020-05-26,Not stated in NPPES — call to verify,CMS NPPES via Affine
1013974914,"Christia J. Lewis, Lpc",Behavioral health,Professional,"2120 S MCCLINTOCK DR, SUITE 105",Tempe,AZ,85282,4808040326,2017-04-23,Not stated in NPPES — call to verify,CMS NPPES via Affine
1558082438,"Christian Bermudez, Rbt",Behavioral health,,,Tempe,AZ,85284,4806720536,2022-09-08,Not stated in NPPES — call to verify,CMS NPPES via Affine
1548853518,Christian Cruz,Behavioral health,,,Tempe,AZ,85284,6026665101,2021-02-19,Not stated in NPPES — call to verify,CMS NPPES via Affine
1437826765,"Christian Sutton, Rbt",Behavioral health,,,Tempe,AZ,85284,4806720536,2021-08-25,Not stated in NPPES — call to verify,CMS NPPES via Affine
1528186533,"Christie J Perkes, Ccc Slp",Other care,,,Tempe,AZ,85282,4804560719,2009-09-15,Not stated in NPPES — call to verify,CMS NPPES via Affine
1962822205,Christie Macmurray,Behavioral health,,"2120 S MCCLINTOCK DR, SUITE 105",Tempe,AZ,85282,4808040326,2014-04-25,Not stated in NPPES — call to verify,CMS NPPES via Affine
1508079559,"Christina Bates, Lpc",Behavioral health,Mental Health,"2101 E BROADWAY ROAD, SUITE 5",Tempe,AZ,85282,4808299435,2007-07-08,Not stated in NPPES — call to verify,CMS NPPES via Affine
1811016470,"Christina M Linn, Ot",Other care,,,Tempe,AZ,85282,4804560719,2018-05-11,Not stated in NPPES — call to verify,CMS NPPES via Affine
1558124412,Christina Marie Doherty,Other care,Speech-Language Assistant,,Tempe,AZ,85281,9495996361,2024-02-02,Not stated in NPPES — call to verify,CMS NPPES via Affine
1790010965,"Christina Ngozi Ofili, Rph",Pharmacy,Pharmacist Clinician (PhC)/ Clinical Pharmacy Specialist,,Tempe,AZ,85282,4807529733,2026-07-08,Not stated in NPPES — call to verify,CMS NPPES via Affine
1538704556,"Christina Reade, Lpc",Behavioral health,Mental Health,,Tempe,AZ,85288,7025894871,2026-01-30,Not stated in NPPES — call to verify,CMS NPPES via Affine
1649601121,Christina Tate,Other care,Speech-Language Assistant,,Tempe,AZ,85284,4803434514,2013-12-09,Not stated in NPPES — call to verify,CMS NPPES via Affine
1164619045,"Christine Annette Steele, Cota/L",Other care,,,Tempe,AZ,85282,4807552187,2007-09-25,Not stated in NPPES — call to verify,CMS NPPES via Affine
1982895389,"Christine E. Hayes, B.S., R.N.",Other care,"Nutrition, Education",,Tempe,AZ,85283,4803455000,2007-08-09,Not stated in NPPES — call to verify,CMS NPPES via Affine
1306356746,Christine Elizabeth Claybrook,Clinic / primary care,Family,,Tempe,AZ,85282,8663892727,2026-05-29,Not stated in NPPES — call to verify,CMS NPPES via Affine
1245378629,"Christine Hixon, R.D.H",Dental,,,Tempe,AZ,85283,4808315200,2007-07-08,Not stated in NPPES — call to verify,CMS NPPES via Affine
1427506393,Christine Illeck,Other care,,,Tempe,AZ,85282,4808482055,2016-09-20,Not stated in NPPES — call to verify,CMS NPPES via Affine
1952549933,"Christine Lee Freeman, Rn",Other care,,,Tempe,AZ,85282,6023360061,2009-01-28,Not stated in NPPES — call to verify,CMS NPPES via Affine
1639879950,Christine Spiwak,Behavioral health,Mental Health,,Tempe,AZ,85288,7025894871,2023-03-06,Not stated in NPPES — call to verify,CMS NPPES via Affine
1295195402,"Christine Strong, Nmd",Other care,,,Tempe,AZ,85282,4807775945,2016-03-01,Not stated in NPPES — call to verify,CMS NPPES via Affine
1104253004,Christine Tymczyna Do Pllc,Clinic / primary care,,,Tempe,AZ,85282,6022375088,2017-11-25,Not stated in NPPES — call to verify,CMS NPPES via Affine
1104139591,"Christine Tymczyna, D.O.",Clinic / primary care,,,Tempe,AZ,85282,6022375088,2022-07-20,Not stated in NPPES — call to verify,CMS NPPES via Affine
1659251817,Christopher A Skabelund,Imaging,Diagnostic Radiology,,Tempe,AZ,85282,4808696209,2025-09-06,Not stated in NPPES — call to verify,CMS NPPES via Affine
1265519417,"Christopher A. Lines, Dds, Ms",Dental,Oral and Maxillofacial Surgery,"2415 S RURAL RD, #B",Tempe,AZ,85282,4809683848,2025-09-11,Not stated in NPPES — call to verify,CMS NPPES via Affine
1558999441,"Christopher Council, Rn",Other care,Emergency,,Tempe,AZ,85282,6025386306,2020-03-29,Not stated in NPPES — call to verify,CMS NPPES via Affine
1538610951,"Christopher Derycke, Rph",Pharmacy,,,Tempe,AZ,85282,4809218013,2016-10-20,Not stated in NPPES — call to verify,CMS NPPES via Affine
1164639878,"Christopher Frederick, Pt",Other care,,,Tempe,AZ,85282,4803940440,2007-07-08,Not stated in NPPES — call to verify,CMS NPPES via Affine
1770543605,"Christopher J Hunt, Md",Other care,,,Tempe,AZ,85282,4804252160,2022-12-09,Not stated in NPPES — call to verify,CMS NPPES via Affine
1952091829,Christopher J Johnstad Md Pllc,Other care,,,Tempe,AZ,85282,4804252160,2023-05-12,Not stated in NPPES — call to verify,CMS NPPES via Affine
1659855161,Christopher J. Drew Dds,Clinic / primary care,Dental,,Tempe,AZ,85284,4808390502,2018-09-20,Not stated in NPPES — call to verify,CMS NPPES via Affine
1275720252,"Christopher J. Hunt M.D., Pc",Other care,,,Tempe,AZ,85282,4804252160,2022-12-09,Not stated in NPPES — call to verify,CMS NPPES via Affine
1689491136,Christopher Lucht,Behavioral health,,,Tempe,AZ,85282,6027677942,2024-09-25,Not stated in NPPES — call to verify,CMS NPPES via Affine
1659824951,"Christopher Marquez, Ms, Atc",Other care,Athletic Trainer,,Tempe,AZ,85287,4809659898,2019-08-07,Not stated in NPPES — call to verify,CMS NPPES via Affine
1245604768,"Christopher Michael Bradshaw, Pa",Clinic / primary care,,,Tempe,AZ,85282,4809236200,2024-01-04,Not stated in NPPES — call to verify,CMS NPPES via Affine
1972769958,"Christopher Michael Picarelli Jr., D.C.",Other care,,"3330 S PRICE RD, SUITE D110",Tempe,AZ,85282,4803452080,2008-08-15,Not stated in NPPES — call to verify,CMS NPPES via Affine
1669056727,Christopher Perry Yedlicka,Other care,,,Tempe,AZ,85284,6026987111,2021-05-05,Not stated in NPPES — call to verify,CMS NPPES via Affine
1992476345,Christopher Spencer-Mckenna,Behavioral health,,,Tempe,AZ,85284,4802834674,2026-01-06,Not stated in NPPES — call to verify,CMS NPPES via Affine
1538099247,Christopher Thomas,Behavioral health,School,,Tempe,AZ,85281,4809669934,2026-05-22,Not stated in NPPES — call to verify,CMS NPPES via Affine
1295275568,"Christopher Welsh, Fnp-C",Clinic / primary care,Family,,Tempe,AZ,85284,4808485411,2018-03-05,Not stated in NPPES — call to verify,CMS NPPES via Affine
1154071686,"Christopher Yossi, Md",Other care,,,Tempe,AZ,85282,4804252160,2026-08-06,Not stated in NPPES — call to verify,CMS NPPES via Affine
1255955506,"Christy J Holloway, Agnp",Clinic / primary care,Gerontology,,Tempe,AZ,85282,4807566965,2020-06-02,Not stated in NPPES — call to verify,CMS NPPES via Affine
1982315529,"Chrysalis Children's Clinic, Pllc",Clinic / primary care,Pediatrics,,Tempe,AZ,85282,6028515353,2022-12-05,Not stated in NPPES — call to verify,CMS NPPES via Affine
1245101872,"Chrystal Irigoyen, Cota",Other care,,,Tempe,AZ,85281,4803174444,2025-09-16,Not stated in NPPES — call to verify,CMS NPPES via Affine
1669780334,Chyres Annette Salin,Other care,Speech-Language Assistant,"505 W BASELINE RD, #1074",Tempe,AZ,85283,4802062798,2010-09-16,Not stated in NPPES — call to verify,CMS NPPES via Affine
1437804945,Ciara Lynn Mcneil,Behavioral health,,,Tempe,AZ,85284,6026665101,2022-02-14,Not stated in NPPES — call to verify,CMS NPPES via Affine
1649341298,Cigna Health Care Of Arizona Inc.,Clinic / primary care,Multi-Specialty,,Tempe,AZ,85283,4803455000,2025-03-21,Not stated in NPPES — call to verify,CMS NPPES via Affine
1437220860,Cigna Health Care Of Arizona Inc.,Clinic / primary care,,,Tempe,AZ,85282,4809687835,2014-02-06,Not stated in NPPES — call to verify,CMS NPPES via Affine
1083225304,"Cimone Sherman, Pa-C",Clinic / primary care,Cardiovascular Disease,,Tempe,AZ,85283,6022546640,2024-08-01,Not stated in NPPES — call to verify,CMS NPPES via Affine
1982811923,Cindy Braden,Other care,,,Tempe,AZ,85282,4808394222,2007-07-08,Not stated in NPPES — call to verify,CMS NPPES via Affine
1619788775,"Cintara S. Bradley, N.D.",Other care,,,Tempe,AZ,85282,4809700000,2025-01-17,Not stated in NPPES — call to verify,CMS NPPES via Affine
1164299285,Circle Of Care Llc,Clinic / primary care,Nephrology,,Tempe,AZ,85284,4806106100,2023-12-18,Not stated in NPPES — call to verify,CMS NPPES via Affine
1194488023,City Of Tempe,Other care,,,Tempe,AZ,85282,4803502969,2021-10-18,Not stated in NPPES — call to verify,CMS NPPES via Affine
1750811063,City Of Tempe,Other care,Land Transport,,Tempe,AZ,85281,4808587258,2026-05-14,Not stated in NPPES — call to verify,CMS NPPES via Affine
1518588698,City Of Tempe,Clinic / primary care,Community Health,,Tempe,AZ,85281,4805857200,2020-08-07,Not stated in NPPES — call to verify,CMS NPPES via Affine
1376894386,"Claire Marie Regnitz, Ms, Pa-C",Clinic / primary care,,,Tempe,AZ,85283,4807513777,2016-05-12,Not stated in NPPES — call to verify,CMS NPPES via Affine
1780161141,Claribel Cabrera-Inzunza,Behavioral health,,,Tempe,AZ,85282,8667278274,2018-07-27,Not stated in NPPES — call to verify,CMS NPPES via Affine
1356262141,Clarity Psychiatry,Clinic / primary care,,,Tempe,AZ,85281,6027703039,2026-07-24,Not stated in NPPES — call to verify,CMS NPPES via Affine
1104633973,Clarity Therapy Llc,Behavioral health,Adult Mental Health,,Tempe,AZ,85282,6233246544,2025-08-23,Not stated in NPPES — call to verify,CMS NPPES via Affine
1366586927,"Clarivel H Santos, Lpc",Behavioral health,Professional,,Tempe,AZ,85287,4809656147,2007-07-08,Not stated in NPPES — call to verify,CMS NPPES via Affine
1841934353,Claudia Kauffman,Behavioral health,Professional,,Tempe,AZ,85283,6023234650,2022-04-21,Not stated in NPPES — call to verify,CMS NPPES via Affine
1528841921,Claudia Plascencia,Other care,Speech-Language Assistant,,Tempe,AZ,85282,4804893925,2025-07-14,Not stated in NPPES — call to verify,CMS NPPES via Affine
1386484384,Claudia Sanchez Jaramillo,Behavioral health,,,Tempe,AZ,85281,4808630763,2024-11-17,Not stated in NPPES — call to verify,CMS NPPES via Affine
1184338345,Clay Charles Boettcher,Behavioral health,Professional,,Tempe,AZ,85282,4805250058,2023-01-11,Not stated in NPPES — call to verify,CMS NPPES via Affine
1437431749,"Clayton C.K. Knight, M.D.",Other care,,,Tempe,AZ,85288,5204285644,2023-08-22,Not stated in NPPES — call to verify,CMS NPPES via Affine
1487249033,Clayton John Marfori,Behavioral health,,,Tempe,AZ,85282,8667278274,2021-03-05,Not stated in NPPES — call to verify,CMS NPPES via Affine
1609226364,Clean Colonic Llc,Other care,,,Tempe,AZ,85283,9529943554,2017-01-19,Not stated in NPPES — call to verify,CMS NPPES via Affine
1134984289,Clear Path Wellness Llc,Other care,,,Tempe,AZ,85282,4808248446,2024-02-19,Not stated in NPPES — call to verify,CMS NPPES via Affine
1154350932,"Clin-Path Diagnostics, Llc",Other care,Anatomic Pathology & Clinical Pathology,"2109 S. 48TH STREET, SUITE 102",Tempe,AZ,85282,6024242889,2013-12-18,Not stated in NPPES — call to verify,CMS NPPES via Affine
1609632298,"Clinica Medica Familiar San Gabriel, Llc",Clinic / primary care,,,Tempe,AZ,85282,4807800690,2024-02-22,Not stated in NPPES — call to verify,CMS NPPES via Affine
1508139700,"Clinical Research Advantage, Inc.",Clinic / primary care,Research,"2141 EAST BROADWAY ROAD, SUITE 100",Tempe,AZ,85282,4808205656,2012-02-17,Not stated in NPPES — call to verify,CMS NPPES via Affine
1790102036,"Clinton Lepetich, Dmd",Dental,Pediatric Dentistry,,Tempe,AZ,85284,4802280791,2014-03-25,Not stated in NPPES — call to verify,CMS NPPES via Affine
1710919246,"Clyde C Mendonca, Md",Clinic / primary care,Nephrology,"2141 E WARNER RD, SUITE 101",Tempe,AZ,85284,4809698714,2012-06-19,Not stated in NPPES — call to verify,CMS NPPES via Affine
1174068266,"Cody Mathews, Pharm.D.",Pharmacy,,,Tempe,AZ,85282,4807529700,2017-03-09,Not stated in NPPES — call to verify,CMS NPPES via Affine
1629727540,"Cody Salge, Np",Behavioral health,Psychiatric/Mental Health,,Tempe,AZ,85282,4807800505,2022-03-18,Not stated in NPPES — call to verify,CMS NPPES via Affine
1801663729,Cognitive Assessment Center Llc,Behavioral health,Clinical,,Tempe,AZ,85282,4805662342,2023-12-11,Not stated in NPPES — call to verify,CMS NPPES via Affine
1932926540,"Cole Bembenek, Dpt",Other care,,,Tempe,AZ,85282,4807189493,2024-09-24,Not stated in NPPES — call to verify,CMS NPPES via Affine
1831642651,"Cole Hutchens, Dpt",Other care,,,Tempe,AZ,85282,4806566081,2019-10-21,Not stated in NPPES — call to verify,CMS NPPES via Affine
1700636594,Cole Lavallee,Behavioral health,,,Tempe,AZ,85281,8552237123,2024-03-25,Not stated in NPPES — call to verify,CMS NPPES via Affine
1760063473,"Colin Glenny, Atc",Other care,Athletic Trainer,,Tempe,AZ,85287,4259990579,2021-04-15,Not stated in NPPES — call to verify,CMS NPPES via Affine
1386272904,"Colin Greenhill, Pa",Clinic / primary care,,,Tempe,AZ,85282,4808516309,2026-05-19,Not stated in NPPES — call to verify,CMS NPPES via Affine
1992437164,Collective Care Health Network Llc,Other care,,,Tempe,AZ,85281,4803316228,2026-03-30,Not stated in NPPES — call to verify,CMS NPPES via Affine
1831502475,Colmed Laboratories & Radiology,Clinic / primary care,,,Tempe,AZ,85281,6023176103,2014-08-08,Not stated in NPPES — call to verify,CMS NPPES via Affine
1306255195,Colmed Laboratories & Radiology,Other care,,,Tempe,AZ,85281,6023176103,2014-08-06,Not stated in NPPES — call to verify,CMS NPPES via Affine
1699094425,Comcar Medical Trans,Other care,,,Tempe,AZ,85282,6024106335,2010-05-18,Not stated in NPPES — call to verify,CMS NPPES via Affine
1265752851,Comcare Medical Trans Llc,Other care,,,Tempe,AZ,85283,6024106335,2010-06-04,Not stated in NPPES — call to verify,CMS NPPES via Affine
1528837481,Comforting Angels Llc,Other care,,,Tempe,AZ,85283,6023638564,2023-12-20,Not stated in NPPES — call to verify,CMS NPPES via Affine
1396327979,Commerce Medical Group Llc,Other care,,,Tempe,AZ,85282,4806748200,2021-04-23,Not stated in NPPES — call to verify,CMS NPPES via Affine
1326781691,Community Birth Group,Hospital,,,Tempe,AZ,85282,8003418598,2024-06-08,Not stated in NPPES — call to verify,CMS NPPES via Affine
1831501980,"Community Health And Immunization Services, Llc",Other care,,,Tempe,AZ,85282,8443583733,2023-09-15,Not stated in NPPES — call to verify,CMS NPPES via Affine
1396914727,Community Holistic Health Clinic Ltd.,Other care,,,Tempe,AZ,85282,4809687767,2008-02-29,Not stated in NPPES — call to verify,CMS NPPES via Affine
1760887814,"Community Medical Laboratories,Llc",Clinic / primary care,,,Tempe,AZ,85284,6022761651,2014-10-31,Not stated in NPPES — call to verify,CMS NPPES via Affine
1477191153,"Community Medical Services Arizona-Private, Llc",Clinic / primary care,Methadone,,Tempe,AZ,85282,6022488886,2025-08-22,Not stated in NPPES — call to verify,CMS NPPES via Affine
1629780150,"Community Medical Services Arizona-Private, Llc",Clinic / primary care,Methadone,,Tempe,AZ,85282,4809771800,2024-02-10,Not stated in NPPES — call to verify,CMS NPPES via Affine
1568275162,"Community Options, Inc.",Other care,,,Tempe,AZ,85283,4806010982,2025-01-28,Not stated in NPPES — call to verify,CMS NPPES via Affine
1205648458,Compassionate Hands And Hearts Llc,Other care,,,Tempe,AZ,85284,3474796399,2025-01-24,Not stated in NPPES — call to verify,CMS NPPES via Affine
1073848180,Comprehensive Hospitalist Services Of Arizona Llc,Hospital,,"1500 S MILL AVE, HOSPITALIST GROUP",Tempe,AZ,85281,8776935700,2009-10-07,Not stated in NPPES — call to verify,CMS NPPES via Affine
1902644594,"Comprehensive Interventional Care Centers, Pllc",Other care,Foot & Ankle Surgery,,Tempe,AZ,85283,4807758460,2024-07-17,Not stated in NPPES — call to verify,CMS NPPES via Affine
1013639251,"Comprehensive Sleep Solutions, Llc",Other care,,,Tempe,AZ,85282,6023132582,2025-03-03,Not stated in NPPES — call to verify,CMS NPPES via Affine
1821090044,"Comprehensive Sleep Solutions, Llc",Clinic / primary care,Sleep Disorder Diagnostic,"3280 S COUNTRY CLUB WAY, STE 112",Tempe,AZ,85282,4806030615,2010-02-23,Not stated in NPPES — call to verify,CMS NPPES via Affine
1851005748,"Comprehensive Surgical Center Ii, Llc",Clinic / primary care,Ambulatory Surgical,,Tempe,AZ,85284,4808392020,2023-01-17,Not stated in NPPES — call to verify,CMS NPPES via Affine
1346952264,Comprehensive Surgical Center Llc,Clinic / primary care,Ambulatory Surgical,,Tempe,AZ,85284,4808392020,2023-01-17,Not stated in NPPES — call to verify,CMS NPPES via Affine
1194702456,Compudiagnostics Inc,Imaging,Sonography,"4515 S MCCLINTOCK DR, SUITE 115",Tempe,AZ,85282,4809989226,2010-05-18,Not stated in NPPES — call to verify,CMS NPPES via Affine
1992782296,Comtrans Ambulance Service Inc,Other care,,,Tempe,AZ,85282,6024371431,2009-11-04,Not stated in NPPES — call to verify,CMS NPPES via Affine
1215187828,"Concentra Health Services, Inc.",Clinic / primary care,Health Service,,Tempe,AZ,85282,4809687200,2008-09-30,Not stated in NPPES — call to verify,CMS NPPES via Affine
1811258858,Concentra Primary Care Of Arizona Pa,Clinic / primary care,Primary Care,,Tempe,AZ,85282,4805451100,2016-03-02,Not stated in NPPES — call to verify,CMS NPPES via Affine
1437522794,Connie Bruch-Harrison Pllc,Other care,,"1232 E BROADWAY RD, SUITE 205",Tempe,AZ,85282,4808747014,2015-11-09,Not stated in NPPES — call to verify,CMS NPPES via Affine
1316692908,"Connie Jo Grilley, Med, Bcba, Lba",Behavioral health,,,Tempe,AZ,85284,4806720536,2025-07-24,Not stated in NPPES — call to verify,CMS NPPES via Affine
1396311668,Connie S Pyburn Phd Pllc,Behavioral health,,,Tempe,AZ,85283,4805775044,2021-05-27,Not stated in NPPES — call to verify,CMS NPPES via Affine
1649016437,Connor Seiferth,Other care,,,Tempe,AZ,85287,8552785080,2024-07-02,Not stated in NPPES — call to verify,CMS NPPES via Affine
1306899612,"Constance Joneen Faro, M.D.",Other care,,"1634 S PRIEST DR,, BLDG 3, STE 101",Tempe,AZ,85281,4808213600,2023-11-10,Not stated in NPPES — call to verify,CMS NPPES via Affine
1437350790,Contemporary Care For Women,Other care,,"6301 S MCCLINTOCK DR, SUITE 215",Tempe,AZ,85283,4808206657,2022-07-21,Not stated in NPPES — call to verify,CMS NPPES via Affine
1760658538,"Contemporary Obstetrics & Gynecology, Pc",Other care,,"1976 E BASELINE RD, SUITE 101",Tempe,AZ,85283,4806441911,2008-05-02,Not stated in NPPES — call to verify,CMS NPPES via Affine
1629900329,Contentment Psychiatry Pllc,Behavioral health,Psychiatric/Mental Health,"2600 EAST SOUTHERN AVE, SUITE C3",Tempe,AZ,85282,5207724868,2026-05-29,Not stated in NPPES — call to verify,CMS NPPES via Affine
1699603670,Contentment Psychiatry Pllc,Behavioral health,Psychiatric/Mental Health,"2600 E SOUTHERN AVE, SUITE C3",Tempe,AZ,85282,5207724868,2026-05-20,Not stated in NPPES — call to verify,CMS NPPES via Affine
1316167216,Continental Dental Care Mill Avenue Llc,Dental,General Practice,,Tempe,AZ,85282,4809212434,2020-08-22,Not stated in NPPES — call to verify,CMS NPPES via Affine
1316243058,"Convertabath, Inc.",Other care,Customized Equipment,"1605 W UNIVERSITY DR, SUITE 109",Tempe,AZ,85281,4806461348,2011-01-27,Not stated in NPPES — call to verify,CMS NPPES via Affine
1376271627,Copper Star Medical Supply,Other care,Oxygen Equipment & Supplies,,Tempe,AZ,85282,6233039548,2022-08-12,Not stated in NPPES — call to verify,CMS NPPES via Affine
1699469445,Coquece Jenkins,Clinic / primary care,"Rehabilitation, Comprehensive Outpatient Rehabilitation Facility (CORF)",,Tempe,AZ,85282,2543839156,2023-06-05,Not stated in NPPES — call to verify,CMS NPPES via Affine
1346741501,Coraesthetics Pllc,Clinic / primary care,Surgical,,Tempe,AZ,85282,4803073497,2018-07-09,Not stated in NPPES — call to verify,CMS NPPES via Affine
1730553108,Corebella Health And Wellness Llc,Behavioral health,Addiction (Substance Use Disorder),,Tempe,AZ,85282,4805424668,2024-12-02,Not stated in NPPES — call to verify,CMS NPPES via Affine
1871373308,Corina Melissa Gonzalez Zepeda,Behavioral health,,,Tempe,AZ,85282,4806411165,2023-10-02,Not stated in NPPES — call to verify,CMS NPPES via Affine
1922966449,Corinna Briseno,Other care,School,,Tempe,AZ,85282,4809676599,2026-01-13,Not stated in NPPES — call to verify,CMS NPPES via Affine
1437527926,Corinna Ndolo,Behavioral health,,"1835 E GUADALUPE RD, STE. 103",Tempe,AZ,85283,4806595456,2015-09-14,Not stated in NPPES — call to verify,CMS NPPES via Affine
1902346919,Corizon Health,Clinic / primary care,Prison Health,,Tempe,AZ,85284,4808979515,2017-02-24,Not stated in NPPES — call to verify,CMS NPPES via Affine
1851212997,Corteney Torrez,Other care,,,Tempe,AZ,85284,4803744341,2026-07-23,Not stated in NPPES — call to verify,CMS NPPES via Affine
1992198683,Costco Wholesale Corporation,Other care,,,Tempe,AZ,85284,4808938975,2015-03-05,Not stated in NPPES — call to verify,CMS NPPES via Affine
1972993020,Costco Wholesale Corporation,Other care,,,Tempe,AZ,85284,4804966643,2020-06-11,Not stated in NPPES — call to verify,CMS NPPES via Affine
1205946803,Costco Wholesale Corporation,Pharmacy,Community/Retail Pharmacy,,Tempe,AZ,85284,4808939027,2023-11-30,Not stated in NPPES — call to verify,CMS NPPES via Affine
1275043267,Counseling By Meggan Sullivan,Behavioral health,Adult Mental Health,,Tempe,AZ,85282,6027304730,2019-06-11,Not stated in NPPES — call to verify,CMS NPPES via Affine
1285376574,Courageous Minds Llc,Clinic / primary care,,,Tempe,AZ,85283,6022816767,2022-05-06,Not stated in NPPES — call to verify,CMS NPPES via Affine
1982563987,"Courtney Daniel, Pmhnp-Bc",Behavioral health,Psychiatric/Mental Health,,Tempe,AZ,85282,5207724868,2026-05-20,Not stated in NPPES — call to verify,CMS NPPES via Affine
1194097592,Courtney J Lansdowne,Behavioral health,Clinical,"3910 S RURAL RD, SUITE J",Tempe,AZ,85282,4803179868,2012-01-31,Not stated in NPPES — call to verify,CMS NPPES via Affine
1851265219,Courtney Mcqueen,Behavioral health,,,Tempe,AZ,85281,4808630763,2025-09-30,Not stated in NPPES — call to verify,CMS NPPES via Affine
1710717301,Courtney Parmer,Behavioral health,Clinical,,Tempe,AZ,85288,9282362008,2026-05-19,Not stated in NPPES — call to verify,CMS NPPES via Affine
1801543806,Courtney Schwarzkopf,Other care,,,Tempe,AZ,85282,4802220655,2026-05-08,Not stated in NPPES — call to verify,CMS NPPES via Affine
1407157001,"Coyote Chiropractic & Wellness Center, Pc",Other care,,,Tempe,AZ,85282,4808200999,2010-11-12,Not stated in NPPES — call to verify,CMS NPPES via Affine
1346495256,"Craig Stephen Amrine, L.Ac.",Other care,,"1250 E BASELINE RD, SUITE 104-B",Tempe,AZ,85283,6024305812,2008-11-19,Not stated in NPPES — call to verify,CMS NPPES via Affine
1679560601,Cranial Technologies Of Miami Inc,Other care,,,Tempe,AZ,85284,4805051840,2020-08-22,Not stated in NPPES — call to verify,CMS NPPES via Affine
1689661613,"Cranial Technologies, Inc.",Other care,,,Tempe,AZ,85284,8444475894,2025-05-05,Not stated in NPPES — call to verify,CMS NPPES via Affine
1801699954,Creative Healing Counseling Llc,Behavioral health,Professional,,Tempe,AZ,85282,6028312131,2025-04-01,Not stated in NPPES — call to verify,CMS NPPES via Affine
1215742432,Credo Minds Behavioral Health Llc,Other care,,,Tempe,AZ,85282,6028659082,2025-02-13,Not stated in NPPES — call to verify,CMS NPPES via Affine
1164138079,Creosote Psychiatry Plc,Other care,Psychiatry,,Tempe,AZ,85284,4809656341,2025-09-02,Not stated in NPPES — call to verify,CMS NPPES via Affine
1043928476,Creosote Total Health Pc,Clinic / primary care,,,Tempe,AZ,85284,4802693208,2024-04-17,Not stated in NPPES — call to verify,CMS NPPES via Affine
1275924482,"Crestview Child Counseling, Llc",Behavioral health,Professional,,Tempe,AZ,85284,4806164141,2021-01-25,Not stated in NPPES — call to verify,CMS NPPES via Affine
1669949780,Crestview Pharmacy Services Llc,Pharmacy,Community/Retail Pharmacy,"3225 SOUTH HARDY DR., STE 100",Tempe,AZ,85282,4804851366,2018-10-26,Not stated in NPPES — call to verify,CMS NPPES via Affine
1053715201,"Criscynthia Lindsey, Lmsw",Behavioral health,,"2120 S MCCLINTOCK DR, SUITE 105",Tempe,AZ,85282,4808040326,2017-04-23,Not stated in NPPES — call to verify,CMS NPPES via Affine
1972115533,"Crisis Preparation And Recovery, Inc",Other care,,,Tempe,AZ,85282,4808040326,2026-06-24,Not stated in NPPES — call to verify,CMS NPPES via Affine
1265997134,"Crisis Preparation And Recovery, Inc",Other care,,,Tempe,AZ,85282,4808040326,2026-06-24,Not stated in NPPES — call to verify,CMS NPPES via Affine
1912270422,"Crisis Preparation And Recovery, Inc",Other care,,,Tempe,AZ,85282,4808040326,2026-06-24,Not stated in NPPES — call to verify,CMS NPPES via Affine
1508060492,"Crisis Preparation And Recovery, Inc.",Other care,,,Tempe,AZ,85282,4808040326,2026-06-24,Not stated in NPPES — call to verify,CMS NPPES via Affine
1588720650,"Crisis Preparation And Recovery, Inc.",Other care,,,Tempe,AZ,85282,4808040326,2026-06-24,Not stated in NPPES — call to verify,CMS NPPES via Affine
1609355940,Crista Pfeiffer,Other care,,,Tempe,AZ,85283,4804910739,2018-08-08,Not stated in NPPES — call to verify,CMS NPPES via Affine
1235060252,Cristal Yanez,Behavioral health,,,Tempe,AZ,85283,4809020771,2026-05-27,Not stated in NPPES — call to verify,CMS NPPES via Affine
1972118917,"Critical Care Systems, Llc",Other care,,,Tempe,AZ,85284,8888979395,2025-10-14,Not stated in NPPES — call to verify,CMS NPPES via Affine
1801824453,"Critical Care Systems, Llc",Pharmacy,Home Infusion Therapy Pharmacy,,Tempe,AZ,85284,4808972927,2025-10-14,Not stated in NPPES — call to verify,CMS NPPES via Affine
1366099384,"Crossing The Bridge Services, Llc",Other care,Adult Care Home,,Tempe,AZ,85282,6023182041,2020-08-21,Not stated in NPPES — call to verify,CMS NPPES via Affine
1639786585,Crossover Health Medical Group,Clinic / primary care,Multi-Specialty,,Tempe,AZ,85282,9498910328,2020-09-24,Not stated in NPPES — call to verify,CMS NPPES via Affine
1952155707,Crossroads Tempe,Other care,,,Tempe,AZ,85282,6022635242,2024-04-18,Not stated in NPPES — call to verify,CMS NPPES via Affine
1124872981,Crossroads Tempe,Clinic / primary care,,,Tempe,AZ,85282,6022635242,2024-04-18,Not stated in NPPES — call to verify,CMS NPPES via Affine
1710091277,Crosswinds Counseling Services Inc,Behavioral health,Mental Health,,Tempe,AZ,85282,4803294348,2009-03-03,Not stated in NPPES — call to verify,CMS NPPES via Affine
1689413718,Crown Me Wigs Llc,Other care,,,Tempe,AZ,85281,2023779201,2024-05-20,Not stated in NPPES — call to verify,CMS NPPES via Affine
1851032361,"Crystal G Reidy, M.Ed",Behavioral health,,,Tempe,AZ,85283,4807472840,2022-04-06,Not stated in NPPES — call to verify,CMS NPPES via Affine
1871206177,Crystal Jennifer Hicks,Other care,,,Tempe,AZ,85282,4802220655,2025-12-16,Not stated in NPPES — call to verify,CMS NPPES via Affine
1093130445,"Crystal Lee, Ibclc",Other care,,,Tempe,AZ,85282,4805174849,2014-02-21,Not stated in NPPES — call to verify,CMS NPPES via Affine
1770182461,"Crystal M Kapuscinski, Lpc",Behavioral health,Professional,,Tempe,AZ,85282,4805445787,2024-06-11,Not stated in NPPES — call to verify,CMS NPPES via Affine
1033482823,"Crystal Monique Fix, Atc/L",Other care,Athletic Trainer,"1492 S MILL AVE, SUITE 113",Tempe,AZ,85281,4802572726,2016-02-10,Not stated in NPPES — call to verify,CMS NPPES via Affine
1467228684,"Crystal Rivers, Bht",Behavioral health,,,Tempe,AZ,85282,4809991190,2023-11-29,Not stated in NPPES — call to verify,CMS NPPES via Affine
1174000145,"Crystal Winstead-Heinecke, Ibclc",Other care,,,Tempe,AZ,85284,4804428491,2018-07-23,Not stated in NPPES — call to verify,CMS NPPES via Affine
1770195612,"Ctb Az, Llc",Other care,Adult Care Home,,Tempe,AZ,85282,6023182041,2020-08-21,Not stated in NPPES — call to verify,CMS NPPES via Affine
1356535561,Cultoustransportation,Other care,,,Tempe,AZ,85282,4804306358,2007-08-30,Not stated in NPPES — call to verify,CMS NPPES via Affine
1295730539,"Curtis P Page, Md",Clinic / primary care,,"5030 S MILL AVE, STE D12",Tempe,AZ,85282,4808942823,2022-05-18,Not stated in NPPES — call to verify,CMS NPPES via Affine
1912948951,Cvs Egl Baseline Tempe Az Llc,Pharmacy,,,Tempe,AZ,85283,4808200297,2025-09-11,Not stated in NPPES — call to verify,CMS NPPES via Affine
1760801617,Cvs Pharmacy,Pharmacy,Community/Retail Pharmacy,,Tempe,AZ,85284,4804563602,2014-04-08,Not stated in NPPES — call to verify,CMS NPPES via Affine
1811316649,Cvs/Pharmacy,Pharmacy,Community/Retail Pharmacy,,Tempe,AZ,85281,4809666271,2014-04-09,Not stated in NPPES — call to verify,CMS NPPES via Affine
1285268201,"Cynthia Ann Parke, Registered Nurse",Other care,,,Tempe,AZ,85282,7605217696,2020-02-28,Not stated in NPPES — call to verify,CMS NPPES via Affine
1235293598,Cynthia Barbari,Dental,,,Tempe,AZ,85283,4807301857,2007-07-08,Not stated in NPPES — call to verify,CMS NPPES via Affine
1871285353,Cynthia Celaya,Behavioral health,,,Tempe,AZ,85281,8552237123,2023-05-23,Not stated in NPPES — call to verify,CMS NPPES via Affine
1891067427,Cynthia E Kiddoo,Behavioral health,Mental Health,"3910 S RURAL RD, SUITE J",Tempe,AZ,85282,4803179868,2012-01-27,Not stated in NPPES — call to verify,CMS NPPES via Affine
1952999229,Cynthia G Martinez,Behavioral health,,,Tempe,AZ,85284,8557728847,2025-03-17,Not stated in NPPES — call to verify,CMS NPPES via Affine
1780795336,Cynthia J Anneski Md Pc,Clinic / primary care,Infectious Disease,"2501 E SOUTHERN AVE, SUITE 22",Tempe,AZ,85282,4808381111,2020-08-22,Not stated in NPPES — call to verify,CMS NPPES via Affine
1861745044,"Cynthia K Wissink-Ghost, Pt",Other care,,,Tempe,AZ,85282,4807551505,2012-10-24,Not stated in NPPES — call to verify,CMS NPPES via Affine
1013474212,"Cynthia Letitia Viera, Lpc",Behavioral health,Professional,,Tempe,AZ,85282,4804591838,2019-02-23,Not stated in NPPES — call to verify,CMS NPPES via Affine
1568071991,Cynthia Lynn Hayes,Other care,,,Tempe,AZ,85284,4805411000,2020-07-31,Not stated in NPPES — call to verify,CMS NPPES via Affine
1063624187,"Cynthia Marie Nelson, Pt",Other care,,,Tempe,AZ,85282,4804560719,2018-02-23,Not stated in NPPES — call to verify,CMS NPPES via Affine
1316825326,Cynthia Oliveros,Other care,Athletic Trainer,,Tempe,AZ,85282,9282170000,2025-08-26,Not stated in NPPES — call to verify,CMS NPPES via Affine
1174760706,"Cynthia Rose Hudson, P.T.",Other care,,,Tempe,AZ,85282,4808384478,2010-04-15,Not stated in NPPES — call to verify,CMS NPPES via Affine
1629740568,Da Capo Health Llc,Other care,,,Tempe,AZ,85281,4805974423,2021-09-29,Not stated in NPPES — call to verify,CMS NPPES via Affine
1134864549,Daisy D Gonzalez,Behavioral health,,,Tempe,AZ,85283,6025447210,2022-04-29,Not stated in NPPES — call to verify,CMS NPPES via Affine
1356048995,Daj Anesthesia Md Pllc,Other care,,,Tempe,AZ,85282,4804252160,2023-02-14,Not stated in NPPES — call to verify,CMS NPPES via Affine
1376210419,"Dakota Berg, Rbt",Behavioral health,,,Tempe,AZ,85284,4806720536,2021-08-26,Not stated in NPPES — call to verify,CMS NPPES via Affine
1710308515,Dakota Healthcare Llc,Other care,Pain Medicine,"1001 E WARNER RD, STE 107",Tempe,AZ,85284,4808973300,2013-12-20,Not stated in NPPES — call to verify,CMS NPPES via Affine
1114511599,"Dakota Lana Cooper, Dtr",Other care,,,Tempe,AZ,85282,8473310493,2021-02-25,Not stated in NPPES — call to verify,CMS NPPES via Affine
1326436908,"Dale E King, Lmsw",Behavioral health,,,Tempe,AZ,85283,4809213314,2019-06-04,Not stated in NPPES — call to verify,CMS NPPES via Affine
1841251675,"Dale R Crawford, M.D.",Clinic / primary care,,,Tempe,AZ,85281,4809653346,2007-07-08,Not stated in NPPES — call to verify,CMS NPPES via Affine
1376564740,"Dale Todd Ruiter, P.T.",Other care,,"1844 E BASELINE RD, SUITE C-5",Tempe,AZ,85283,4808331005,2011-10-20,Not stated in NPPES — call to verify,CMS NPPES via Affine
1508537259,Dalesha Smallwood,Behavioral health,Mental Health,,Tempe,AZ,85281,8563838482,2021-09-22,Not stated in NPPES — call to verify,CMS NPPES via Affine
1235821042,"Dalila Pineda, Aa, Rbt",Behavioral health,,,Tempe,AZ,85284,4806720536,2023-05-22,Not stated in NPPES — call to verify,CMS NPPES via Affine
1811412778,"Dalton Derthick, Pt, Dpt, Cscs",Other care,,,Tempe,AZ,85282,4807189493,2017-09-06,Not stated in NPPES — call to verify,CMS NPPES via Affine
1285356824,Damaris Teara Oliphant,Other care,,,Tempe,AZ,85282,4143889955,2022-09-12,Not stated in NPPES — call to verify,CMS NPPES via Affine
1427547603,Dami Tracy Vasquez,Behavioral health,,,Tempe,AZ,85284,4806186449,2026-06-19,Not stated in NPPES — call to verify,CMS NPPES via Affine
1649985565,"Damian Phillip Chouteau, Dpt",Other care,Orthopedic,,Tempe,AZ,85284,4807568617,2023-01-16,Not stated in NPPES — call to verify,CMS NPPES via Affine
1134575756,Dan Han,Other care,,,Tempe,AZ,85284,7083591184,2016-05-12,Not stated in NPPES — call to verify,CMS NPPES via Affine
1609478692,Dan Hankins Md Pllc,Other care,,,Tempe,AZ,85282,4804252160,2020-11-13,Not stated in NPPES — call to verify,CMS NPPES via Affine
1548307689,"Dan Hankins, M.D.",Other care,,,Tempe,AZ,85282,4804252160,2022-12-12,Not stated in NPPES — call to verify,CMS NPPES via Affine
1558900324,"Dana Bairen, L.Ac.",Other care,,,Tempe,AZ,85283,4802381252,2019-12-27,Not stated in NPPES — call to verify,CMS NPPES via Affine
1033276068,Dana Dental Pc,Dental,General Practice,"2084 E SOUTHERN AVE, SUITE G103",Tempe,AZ,85282,4808383050,2007-11-13,Not stated in NPPES — call to verify,CMS NPPES via Affine
1295419448,Dana Holland,Behavioral health,,,Tempe,AZ,85282,6309653229,2023-06-09,Not stated in NPPES — call to verify,CMS NPPES via Affine
1013373281,"Dana Renee Balagot Mort, Lpn",Other care,,,Tempe,AZ,85284,6025993889,2016-01-04,Not stated in NPPES — call to verify,CMS NPPES via Affine
1285480483,Danae Reiners,Clinic / primary care,Family,,Tempe,AZ,85282,4802524563,2024-08-15,Not stated in NPPES — call to verify,CMS NPPES via Affine
1538320015,"Dandoon Dental Care, P.L.L.C.",Dental,,"8675 S PRIEST DR, SUITE-101",Tempe,AZ,85284,4802087436,2011-03-08,Not stated in NPPES — call to verify,CMS NPPES via Affine
1649903469,Dani Dental Studio,Other care,,,Tempe,AZ,85282,4804490909,2022-07-08,Not stated in NPPES — call to verify,CMS NPPES via Affine
1811004310,Daniel Angulo,Other care,,"1910 E SOUTHERN AVE, STE A",Tempe,AZ,85282,4807308033,2007-07-08,Not stated in NPPES — call to verify,CMS NPPES via Affine
1568422368,Daniel Bauer Md Pc,Clinic / primary care,,"2074 E SOUTHERN AVE, SUITE B101",Tempe,AZ,85282,4808391032,2007-10-10,Not stated in NPPES — call to verify,CMS NPPES via Affine
1003323890,"Daniel Carter, Pt, Dpt",Other care,,,Tempe,AZ,85284,4807568617,2018-01-03,Not stated in NPPES — call to verify,CMS NPPES via Affine
1215883095,Daniel Demir Askin,Other care,,,Tempe,AZ,85282,4805250058,2026-03-05,Not stated in NPPES — call to verify,CMS NPPES via Affine
1558424689,"Daniel Eugene Morgan, Msw, Lcsw",Behavioral health,Clinical,,Tempe,AZ,85282,4807841514,2007-07-08,Not stated in NPPES — call to verify,CMS NPPES via Affine
1740472489,"Daniel Garth Hirleman, Pharm.D",Pharmacy,,"51 W 3RD ST, SUITE 501",Tempe,AZ,85281,8778827822,2007-08-16,Not stated in NPPES — call to verify,CMS NPPES via Affine
1104665256,"Daniel Hartlauer, Bhp",Behavioral health,Mental Health,,Tempe,AZ,85282,6022855550,2024-05-20,Not stated in NPPES — call to verify,CMS NPPES via Affine
1427527332,Daniel Levi Haught Llc,Clinic / primary care,Dental,,Tempe,AZ,85283,4807775570,2022-11-30,Not stated in NPPES — call to verify,CMS NPPES via Affine
1801117932,"Daniel Levi Haught, Dmd",Dental,General Practice,,Tempe,AZ,85283,4807775570,2026-09-14,Not stated in NPPES — call to verify,CMS NPPES via Affine
1720562135,"Daniel Markus, Dc",Other care,,,Tempe,AZ,85284,6026617752,2022-01-06,Not stated in NPPES — call to verify,CMS NPPES via Affine
1376726513,Daniel Tee Pllc,Dental,General Practice,"6000 S MCCLINTOCK DR, SUITE B",Tempe,AZ,85283,4808206131,2007-12-11,Not stated in NPPES — call to verify,CMS NPPES via Affine
1366718736,"Daniel Warren, N.D.",Other care,,,Tempe,AZ,85282,4809700000,2014-02-17,Not stated in NPPES — call to verify,CMS NPPES via Affine
1922276898,"Daniela Crispo Talarico, Msw, Lcsw",Behavioral health,Clinical,"1801 S JENTILLY LN, SUITE A-18",Tempe,AZ,85281,4805298943,2008-02-13,Not stated in NPPES — call to verify,CMS NPPES via Affine
1497121495,Daniela Nasher,Other care,,"1400 E SOUTHERN AVE, SUITE 310",Tempe,AZ,85282,6025679881,2015-08-13,Not stated in NPPES — call to verify,CMS NPPES via Affine
1639892284,Daniela Wallace,Other care,Case Management,,Tempe,AZ,85282,4804015086,2022-09-20,Not stated in NPPES — call to verify,CMS NPPES via Affine
1902387061,"Daniella Antonella Bravata, Cota/L",Other care,,,Tempe,AZ,85282,6236880946,2018-08-27,Not stated in NPPES — call to verify,CMS NPPES via Affine
1750748661,"Danielle Alicia Guenther, Ccc-Slp",Other care,,,Tempe,AZ,85282,4802446041,2019-02-06,Not stated in NPPES — call to verify,CMS NPPES via Affine
1215595707,Danielle Cheri Payne,Behavioral health,,,Tempe,AZ,85281,5202502929,2025-12-16,Not stated in NPPES — call to verify,CMS NPPES via Affine
1336721984,"Danielle Ebert, Rn",Other care,,,Tempe,AZ,85282,4803391780,2022-08-16,Not stated in NPPES — call to verify,CMS NPPES via Affine
1306777354,"Danielle Hall, Ms",Other care,,,Tempe,AZ,85288,2403097290,2026-05-28,Not stated in NPPES — call to verify,CMS NPPES via Affine
1295590941,"Danielle Lauren Teel, Rbt",Behavioral health,,,Tempe,AZ,85284,4806720536,2024-02-20,Not stated in NPPES — call to verify,CMS NPPES via Affine
1700580925,"Danielle M Hernandez, Pt",Other care,,,Tempe,AZ,85283,4086259208,2023-03-30,Not stated in NPPES — call to verify,CMS NPPES via Affine
1740795913,"Danielle Madrid, Bcat",Behavioral health,,,Tempe,AZ,85282,8667278274,2017-12-08,Not stated in NPPES — call to verify,CMS NPPES via Affine
1467948778,Danielle Marie Nunez,Other care,Speech-Language Assistant,,Tempe,AZ,85284,4803744341,2018-07-10,Not stated in NPPES — call to verify,CMS NPPES via Affine
1407512601,"Danielle N Hansen, Pmhnp-Bc, Fnp-C",Behavioral health,Psychiatric/Mental Health,,Tempe,AZ,85282,6028484312,2025-03-27,Not stated in NPPES — call to verify,CMS NPPES via Affine
1336981810,"Danielle Nicole Blackburn, Rbt",Behavioral health,,,Tempe,AZ,85284,4806720536,2024-06-06,Not stated in NPPES — call to verify,CMS NPPES via Affine
1417142191,Danielle Nicole Needham,Other care,,,Tempe,AZ,85284,4807834020,2011-10-20,Not stated in NPPES — call to verify,CMS NPPES via Affine
1093464018,"Danielle Pasquerello, Lpc",Behavioral health,Professional,,Tempe,AZ,85282,6028628926,2022-08-30,Not stated in NPPES — call to verify,CMS NPPES via Affine
1659880433,"Danielle Pifer, Rn",Other care,,,Tempe,AZ,85283,4808976228,2017-09-25,Not stated in NPPES — call to verify,CMS NPPES via Affine
1780098806,"Danielle Remington, O.D.",Other care,,,Tempe,AZ,85282,4808390206,2025-09-11,Not stated in NPPES — call to verify,CMS NPPES via Affine
1912840042,Danielle Remitio,Behavioral health,Psychiatric/Mental Health,,Tempe,AZ,85283,9285044700,2026-05-28,Not stated in NPPES — call to verify,CMS NPPES via Affine
1710007190,"Danite Haller, N.D.",Other care,,,Tempe,AZ,85283,4804560402,2007-07-08,Not stated in NPPES — call to verify,CMS NPPES via Affine
1407404981,"Dannette Nicole Allen, Pt, Dpt",Other care,,,Tempe,AZ,85282,4804560719,2019-08-28,Not stated in NPPES — call to verify,CMS NPPES via Affine
1588727242,"Danny Garner Windahaven, L.I.S.A.C.",Behavioral health,Addiction (Substance Use Disorder),"1036 S MARIANA ST, #1",Tempe,AZ,85281,4808946749,2007-07-08,Not stated in NPPES — call to verify,CMS NPPES via Affine
1891909800,"Darcey Marianna Winterland, M.D.",Other care,,,Tempe,AZ,85283,4808316800,2018-04-04,Not stated in NPPES — call to verify,CMS NPPES via Affine
1174873178,Darcie Peterman,Pharmacy,,,Tempe,AZ,85283,4808312292,2012-09-17,Not stated in NPPES — call to verify,CMS NPPES via Affine
1558542001,"Darlene J Merritt, Pmhnp",Behavioral health,Psychiatric/Mental Health,,Tempe,AZ,85287,4809656147,2007-11-26,Not stated in NPPES — call to verify,CMS NPPES via Affine
1851375497,"Darlene T Demmer, Msw",Behavioral health,Clinical,"2111 E BASELINE RD, STE F4",Tempe,AZ,85283,4807569455,2026-07-13,Not stated in NPPES — call to verify,CMS NPPES via Affine
1609009745,Darling Therapy Services,Other care,,"7650 S MCCLINTOCK DR, SUITE 103-407",Tempe,AZ,85284,4804590456,2009-08-24,Not stated in NPPES — call to verify,CMS NPPES via Affine
1427747468,Darniecia Tucker,Behavioral health,Mental Health,,Tempe,AZ,85282,4803724365,2023-05-04,Not stated in NPPES — call to verify,CMS NPPES via Affine
1487966230,"Darren C Miller, Lmsw",Behavioral health,,"2120 S MCCLINTOCK DR, SUITE 105",Tempe,AZ,85282,4808040326,2015-10-22,Not stated in NPPES — call to verify,CMS NPPES via Affine
1568884898,Darren Clonts,Pharmacy,,,Tempe,AZ,85283,4807376241,2014-01-06,Not stated in NPPES — call to verify,CMS NPPES via Affine
1467471722,"Darrin E Larsen, Mpt",Other care,,"430 W WARNER RD, #111",Tempe,AZ,85284,4807568617,2007-07-08,Not stated in NPPES — call to verify,CMS NPPES via Affine
1801868088,"Daryl R Pfister, M.D.",Other care,Cornea and External Diseases Specialist,,Tempe,AZ,85283,4805170047,2019-04-30,Not stated in NPPES — call to verify,CMS NPPES via Affine
1962093781,Daud Biola Koleosho,Clinic / primary care,Primary Care,,Tempe,AZ,85283,4807185400,2021-03-16,Not stated in NPPES — call to verify,CMS NPPES via Affine
1659601326,Daughters Of Thunder Llc,Other care,,,Tempe,AZ,85282,6024867521,2010-01-02,Not stated in NPPES — call to verify,CMS NPPES via Affine
1093043747,"David A Strobel, R.Ph.",Pharmacy,,,Tempe,AZ,85283,4808380448,2014-09-05,Not stated in NPPES — call to verify,CMS NPPES via Affine
1477546323,"David A Suber, Md",Other care,Neurology,"2501 E SOUTHERN AVE, # 17",Tempe,AZ,85282,4808381000,2012-02-23,Not stated in NPPES — call to verify,CMS NPPES via Affine
1659569697,"David Allen Fife, Do",Other care,Psychiatry,,Tempe,AZ,85283,6233082472,2022-10-13,Not stated in NPPES — call to verify,CMS NPPES via Affine
1881120079,"David Bennett Carlyon, D.C.",Other care,,,Tempe,AZ,85282,4808299593,2017-05-07,Not stated in NPPES — call to verify,CMS NPPES via Affine
1316097553,"David C. Busch, Msw",Behavioral health,Clinical,,Tempe,AZ,85283,4808381507,2007-07-08,Not stated in NPPES — call to verify,CMS NPPES via Affine
1548362726,"David D Acosta, Dds",Dental,,"1425 W SOUTHERN AVE, #15",Tempe,AZ,85282,4803030535,2025-09-09,Not stated in NPPES — call to verify,CMS NPPES via Affine
1578673331,"David G Lewis, Dds",Dental,,,Tempe,AZ,85281,4809674204,2007-07-08,Not stated in NPPES — call to verify,CMS NPPES via Affine
1568263861,David Gammage Jr.,Other care,Athletic Trainer,,Tempe,AZ,85283,4804922112,2025-03-22,Not stated in NPPES — call to verify,CMS NPPES via Affine
1740871904,David Guerrero,Other care,,,Tempe,AZ,85283,7089257118,2021-02-01,Not stated in NPPES — call to verify,CMS NPPES via Affine
1508952490,"David Hamblin, Dds",Dental,General Practice,,Tempe,AZ,85282,4804130200,2016-12-30,Not stated in NPPES — call to verify,CMS NPPES via Affine
1093706335,"David J Jagoda, M.D.",Clinic / primary care,,"2009 E 5TH ST STE 9, STE 9",Tempe,AZ,85281,4802379377,2012-03-21,Not stated in NPPES — call to verify,CMS NPPES via Affine
1003920745,"David J Mcintyre, Ph.D., Abpp",Behavioral health,Clinical,"4500 S LAKESHORE DR, SUITE 300",Tempe,AZ,85282,4804955685,2016-12-12,Not stated in NPPES — call to verify,CMS NPPES via Affine
1871599688,"David J Mickus, Md",Clinic / primary care,,"4515 S MCCLINTOCK DR, STE 100",Tempe,AZ,85282,4808201133,2011-02-11,Not stated in NPPES — call to verify,CMS NPPES via Affine
1073806337,David J. Jagoda Md Pc,Clinic / primary care,Primary Care,,Tempe,AZ,85281,4802379377,2011-05-19,Not stated in NPPES — call to verify,CMS NPPES via Affine
1508067281,"David Jacob Incardona, Pharmd",Pharmacy,,,Tempe,AZ,85281,4803176780,2007-07-08,Not stated in NPPES — call to verify,CMS NPPES via Affine
1427514579,David James Lopez Ii,Behavioral health,,,Tempe,AZ,85284,6026665101,2019-02-13,Not stated in NPPES — call to verify,CMS NPPES via Affine
1699863837,"David Lewis Thomas, D.M.D.",Dental,General Practice,,Tempe,AZ,85282,4809679453,2007-07-08,Not stated in NPPES — call to verify,CMS NPPES via Affine
1457511016,"David Michael Medina, M.D.",Other care,,,Tempe,AZ,85282,4804252160,2023-03-14,Not stated in NPPES — call to verify,CMS NPPES via Affine
1508939414,"David Richard Cilladi, Pta, Atc",Other care,,"1025 E BROADWAY RD, STE. 100",Tempe,AZ,85282,4808290217,2007-07-08,Not stated in NPPES — call to verify,CMS NPPES via Affine
1346095908,David Russell Foote,Other care,,,Tempe,AZ,85288,4803407314,2024-04-18,Not stated in NPPES — call to verify,CMS NPPES via Affine
1982898680,"David Shipps, Speech-Language Path",Other care,,,Tempe,AZ,85282,4804630111,2019-02-13,Not stated in NPPES — call to verify,CMS NPPES via Affine
1376960369,David Stewart,Behavioral health,,,Tempe,AZ,85281,6027968199,2025-01-31,Not stated in NPPES — call to verify,CMS NPPES via Affine
1558400754,"David Swan, D.C.",Other care,Internist,"1855 E GUADALUPE RD, STE 112",Tempe,AZ,85283,4806281397,2007-07-08,Not stated in NPPES — call to verify,CMS NPPES via Affine
1891107322,"Dawn Christia Bridges-Jones, Dnp, Pmhnp-Bc, Fnp-C",Behavioral health,Psychiatric/Mental Health,,Tempe,AZ,85282,6023233444,2025-04-22,Not stated in NPPES — call to verify,CMS NPPES via Affine
1215175872,"Dawn Cosgrove Greer, M.A., Ccc-Slp",Other care,,,Tempe,AZ,85281,4809659396,2009-02-04,Not stated in NPPES — call to verify,CMS NPPES via Affine
1588596803,"Dawn Gruichich, Lcsw",Behavioral health,Clinical,,Tempe,AZ,85283,4802001863,2026-06-01,Not stated in NPPES — call to verify,CMS NPPES via Affine
1598193419,"Dayna Monterrey, N.M.D",Other care,,,Tempe,AZ,85282,4807189493,2015-10-21,Not stated in NPPES — call to verify,CMS NPPES via Affine
1952575698,Db Medical,Clinic / primary care,Health Service,"4515 S MCCLINTOCK DR, SUITE 120",Tempe,AZ,85282,4804130586,2008-04-14,Not stated in NPPES — call to verify,CMS NPPES via Affine
1194324780,Dcr Anesthesia Pc,Other care,,,Tempe,AZ,85282,4804252160,2020-10-23,Not stated in NPPES — call to verify,CMS NPPES via Affine
1043552466,"Dean R Franke, Rph",Pharmacy,Pharmacist Clinician (PhC)/ Clinical Pharmacy Specialist,,Tempe,AZ,85281,2145762000,2020-12-30,Not stated in NPPES — call to verify,CMS NPPES via Affine
1619584489,Deanna Moreno Trujillo,Behavioral health,,,Tempe,AZ,85281,4808630763,2024-12-23,Not stated in NPPES — call to verify,CMS NPPES via Affine
1891102471,"Deanna Palmer, L.M.T.",Other care,,"2127 E BASELINE RD, 101",Tempe,AZ,85283,4803771226,2014-07-16,Not stated in NPPES — call to verify,CMS NPPES via Affine
1881892081,Debarros Surgical Llc,Other care,,,Tempe,AZ,85282,4808296100,2009-01-20,Not stated in NPPES — call to verify,CMS NPPES via Affine
1780965897,"Deborah A Cooney, C.N.P.",Clinic / primary care,,,Tempe,AZ,85282,4807044540,2019-01-09,Not stated in NPPES — call to verify,CMS NPPES via Affine
1003850892,"Deborah Dyer, Phd",Behavioral health,Clinical,,Tempe,AZ,85287,4809656147,2010-10-08,Not stated in NPPES — call to verify,CMS NPPES via Affine
1043098460,"Deborah Kovaleski, Ma, Lpc",Behavioral health,Professional,,Tempe,AZ,85282,4804282944,2024-08-19,Not stated in NPPES — call to verify,CMS NPPES via Affine
1942637103,"Deborah Locke, Pa",Clinic / primary care,,,Tempe,AZ,85284,4806778282,2026-07-03,Not stated in NPPES — call to verify,CMS NPPES via Affine
1114911724,"Deborah Lynn Lane, Ma Lpc",Behavioral health,,"1 W ELLIOT RD, SUITE 106",Tempe,AZ,85284,4803452200,2009-11-05,Not stated in NPPES — call to verify,CMS NPPES via Affine
1528069911,"Deborah Marie Murphy, Pa-C",Clinic / primary care,,"2055 E. SOUTHERN AVE, SUITE H",Tempe,AZ,85282,4807043446,2021-04-07,Not stated in NPPES — call to verify,CMS NPPES via Affine
1093776783,"Deborah R Garland, M.D.",Clinic / primary care,,,Tempe,AZ,85281,4809653346,2007-07-08,Not stated in NPPES — call to verify,CMS NPPES via Affine
1114349362,Deborah Thomas,Pharmacy,,,Tempe,AZ,85283,4803455206,2014-01-07,Not stated in NPPES — call to verify,CMS NPPES via Affine
1881925774,"Debra Anne Donnelly, Rph",Pharmacy,,"925 W BASELINE RD, STE. 108",Tempe,AZ,85283,4808201990,2010-01-17,Not stated in NPPES — call to verify,CMS NPPES via Affine
1376618033,"Debra Ford, M.D.",Other care,Child & Adolescent Psychiatry,,Tempe,AZ,85281,4807841514,2023-04-24,Not stated in NPPES — call to verify,CMS NPPES via Affine
1396199204,Debra Huber,Other care,,,Tempe,AZ,85282,8663082700,2016-04-17,Not stated in NPPES — call to verify,CMS NPPES via Affine
1134830524,Debrah Hartman,Other care,School,,Tempe,AZ,85282,4809678933,2022-12-07,Not stated in NPPES — call to verify,CMS NPPES via Affine
1215301759,Dee Ericksonmoen,Other care,,"1400 E SOUTHERN AVE, 310",Tempe,AZ,85282,6025679881,2015-11-20,Not stated in NPPES — call to verify,CMS NPPES via Affine
1134755077,Deena Muhammedali,Other care,,,Tempe,AZ,85284,4803744341,2022-07-27,Not stated in NPPES — call to verify,CMS NPPES via Affine
1710155734,"Delaine Anthonydmd, Pc",Dental,General Practice,,Tempe,AZ,85284,4808128088,2008-02-12,Not stated in NPPES — call to verify,CMS NPPES via Affine
1679140974,Delaney Collins,Other care,,,Tempe,AZ,85284,4803744341,2021-06-07,Not stated in NPPES — call to verify,CMS NPPES via Affine
1205957172,"Delia Veronica Hopfer, R.N., M.S.N.",Other care,School,,Tempe,AZ,85282,4804723027,2007-07-09,Not stated in NPPES — call to verify,CMS NPPES via Affine
1326854662,Delta Medical Group Llc,Other care,,,Tempe,AZ,85284,4809193024,2025-04-02,Not stated in NPPES — call to verify,CMS NPPES via Affine
1538791546,Delta One Anesthesia Associates Llc,Other care,,,Tempe,AZ,85282,6026034077,2020-02-07,Not stated in NPPES — call to verify,CMS NPPES via Affine
1699363606,Demarra Bledsoe,Behavioral health,,,Tempe,AZ,85283,4802834674,2021-01-05,Not stated in NPPES — call to verify,CMS NPPES via Affine
1831558782,"Demonica Chong, Otd, Otr/L",Other care,Pediatrics,,Tempe,AZ,85282,4804560719,2016-02-21,Not stated in NPPES — call to verify,CMS NPPES via Affine
1972701100,"Denis J. Froehlich, Dds",Dental,General Practice,"7650 S MCCLINTOCK DR, SUITE 110",Tempe,AZ,85284,4808386444,2007-07-10,Not stated in NPPES — call to verify,CMS NPPES via Affine
1013978402,"Denise I Beighe, M.D.",Clinic / primary care,,,Tempe,AZ,85281,4809653346,2026-07-13,Not stated in NPPES — call to verify,CMS NPPES via Affine
1083003727,"Dennily C Stricker, Lcsw",Behavioral health,Clinical,,Tempe,AZ,85282,5853154836,2019-02-08,Not stated in NPPES — call to verify,CMS NPPES via Affine
1518934934,"Dennis Kent Parkinson, Md",Other care,Anatomic Pathology & Clinical Pathology,,Tempe,AZ,85281,6026855211,2013-08-15,Not stated in NPPES — call to verify,CMS NPPES via Affine
1841628781,"Dennis Swearingen, M.D.",Clinic / primary care,,,Tempe,AZ,85283,6024267193,2013-10-30,Not stated in NPPES — call to verify,CMS NPPES via Affine
1952051104,Dental Partners Tempe Llc,Clinic / primary care,Dental,,Tempe,AZ,85284,4806746060,2022-03-28,Not stated in NPPES — call to verify,CMS NPPES via Affine
1396667440,"Dentists Of South Tempe, Llp",Dental,General Practice,,Tempe,AZ,85284,4807695426,2026-07-29,Not stated in NPPES — call to verify,CMS NPPES via Affine
1548982960,Deonte Harrington,Behavioral health,,,Tempe,AZ,85283,4804744226,2022-09-13,Not stated in NPPES — call to verify,CMS NPPES via Affine
1790885564,"Derek Steveson, D.P.T.",Other care,,,Tempe,AZ,85282,4809682020,2025-11-10,Not stated in NPPES — call to verify,CMS NPPES via Affine
1992642532,Derek Wilson,Other care,,,Tempe,AZ,85284,4803100976,2026-05-01,Not stated in NPPES — call to verify,CMS NPPES via Affine
1326374760,Desert Angels Behavioral Health Services,Other care,"Respite Care, Mental Illness, Child","1001 E PLAYA DEL NORTE DR, APT 1203",Tempe,AZ,85281,4802834152,2009-10-20,Not stated in NPPES — call to verify,CMS NPPES via Affine
1437017159,Desert Breeze Healthcare Llc,Other care,,,Tempe,AZ,85282,4807501440,2026-01-26,Not stated in NPPES — call to verify,CMS NPPES via Affine
1174650295,Desert Canyon Family & Sports Medicine Pllc,Clinic / primary care,,"6200 S MCCLINTOCK DR, SUITE 9",Tempe,AZ,85283,4808204305,2020-08-22,Not stated in NPPES — call to verify,CMS NPPES via Affine
1437408564,Desert Caretransportation Llc,Other care,,,Tempe,AZ,85283,4802310084,2012-09-05,Not stated in NPPES — call to verify,CMS NPPES via Affine
1548245293,Desert Eye Pc,Other care,,"3200 S RURAL RD, #1",Tempe,AZ,85282,4809660522,2012-01-06,Not stated in NPPES — call to verify,CMS NPPES via Affine
1477823219,Desert Eye Pc,Other care,,,Tempe,AZ,85282,4809660522,2012-01-11,Not stated in NPPES — call to verify,CMS NPPES via Affine
1922314905,"Desert Eye, Pc",Other care,,"3200 S RURAL RD, STE 1",Tempe,AZ,85282,4809660522,2012-03-07,Not stated in NPPES — call to verify,CMS NPPES via Affine
1356529952,Desert Family Dentistry Pllc,Dental,,"9880 S RURAL RD, SUITE 108",Tempe,AZ,85284,4809405422,2008-02-06,Not stated in NPPES — call to verify,CMS NPPES via Affine
1982735031,Desert Horizon Medical Group,Clinic / primary care,,"2501 E SOUTHERN AVE, SUITE 4",Tempe,AZ,85282,5204211122,2015-09-18,Not stated in NPPES — call to verify,CMS NPPES via Affine
1407056914,Desert Medical Associates Pllc,Clinic / primary care,,"2600 E SOUTHERN AVE, SUITE F4",Tempe,AZ,85282,4808383035,2010-07-09,Not stated in NPPES — call to verify,CMS NPPES via Affine
1275487977,Desert Medical Transportation Llc,Other care,,,Tempe,AZ,85282,6024692149,2026-02-21,Not stated in NPPES — call to verify,CMS NPPES via Affine
1346543238,"Desert Neurology, Ltd",Other care,Neurology,"2501 E SOUTHERN AVE, #17",Tempe,AZ,85282,4808381000,2020-12-16,Not stated in NPPES — call to verify,CMS NPPES via Affine
1770870032,"Desert Rain Behavioral Health Services, Llc",Other care,,,Tempe,AZ,85282,4804893925,2024-04-04,Not stated in NPPES — call to verify,CMS NPPES via Affine
1003972241,Desert Rock Community Church,Behavioral health,Pastoral,,Tempe,AZ,85283,4807527992,2020-08-22,Not stated in NPPES — call to verify,CMS NPPES via Affine
1487974333,Desert Rose Family Dentistry Llc,Dental,General Practice,,Tempe,AZ,85284,4809610600,2010-06-02,Not stated in NPPES — call to verify,CMS NPPES via Affine
1346035151,Desert Serenity Behavioral Health,Behavioral health,Psychiatric/Mental Health,,Tempe,AZ,85282,4802569674,2025-05-07,Not stated in NPPES — call to verify,CMS NPPES via Affine
1568124469,"Desert Sleep And Wellness, Llc",Other care,,,Tempe,AZ,85284,4807343914,2021-10-07,Not stated in NPPES — call to verify,CMS NPPES via Affine
1205086378,"Desert Springs Cancer Care, P.L.C.",Clinic / primary care,Hematology & Oncology,"8950 S 52ND ST, SUITE 101",Tempe,AZ,85284,6024419520,2008-09-25,Not stated in NPPES — call to verify,CMS NPPES via Affine
1932186335,Desert Sun Medical Corporation Pc,Clinic / primary care,Urgent Care,,Tempe,AZ,85284,4804560444,2008-03-19,Not stated in NPPES — call to verify,CMS NPPES via Affine
1669850855,"Desert Surgical Institute, Llc",Other care,,,Tempe,AZ,85282,4808296100,2015-05-08,Not stated in NPPES — call to verify,CMS NPPES via Affine
1346483732,Desert Transit Llc,Other care,,,Tempe,AZ,85281,4803139938,2009-04-14,Not stated in NPPES — call to verify,CMS NPPES via Affine
1558459438,"Desert Valley Radiology, Plc",Clinic / primary care,Radiology,"8380 S. KYRENE, STE. 105",Tempe,AZ,85284,4807852511,2011-03-08,Not stated in NPPES — call to verify,CMS NPPES via Affine
1366379745,"Desert Willow Therapy, Llc",Behavioral health,Mental Health,,Tempe,AZ,85281,6232824446,2026-05-07,Not stated in NPPES — call to verify,CMS NPPES via Affine
1780323337,Desirai Browning,Behavioral health,Counseling,,Tempe,AZ,85282,5202525289,2022-06-01,Not stated in NPPES — call to verify,CMS NPPES via Affine
1194279174,"Desiree Barnett, Lamft",Behavioral health,,,Tempe,AZ,85283,4802828778,2016-08-08,Not stated in NPPES — call to verify,CMS NPPES via Affine
1104426063,Desiree Pacheco,Other care,Athletic Trainer,,Tempe,AZ,85282,4802834818,2020-10-29,Not stated in NPPES — call to verify,CMS NPPES via Affine
1003781832,Destiny Briann Murray,Behavioral health,Mental Health,,Tempe,AZ,85284,4805730000,2025-10-09,Not stated in NPPES — call to verify,CMS NPPES via Affine
1487178679,Destiny's Door Counseling Services,Behavioral health,,,Tempe,AZ,85283,4807880877,2024-02-05,Not stated in NPPES — call to verify,CMS NPPES via Affine
1356667364,"Devena D Riedl, Lmt",Other care,,"1840 E WARNER RD, SUITE 128",Tempe,AZ,85284,6023184901,2010-04-15,Not stated in NPPES — call to verify,CMS NPPES via Affine
1093692998,Devin Maurice Deupree,Behavioral health,,,Tempe,AZ,85281,4808630763,2025-08-20,Not stated in NPPES — call to verify,CMS NPPES via Affine
1508422999,Devin Patrick Mcmanimon Mcnally,Behavioral health,,,Tempe,AZ,85284,6026665101,2019-05-12,Not stated in NPPES — call to verify,CMS NPPES via Affine
1659882694,Devoted Guardians Ddd Inc,Other care,,,Tempe,AZ,85284,6027438414,2017-10-17,Not stated in NPPES — call to verify,CMS NPPES via Affine
1831612803,Devoted Guardians Ddd Llc,Other care,,,Tempe,AZ,85284,6027438414,2022-07-21,Not stated in NPPES — call to verify,CMS NPPES via Affine
1477064418,Devoted Guardians Home Health Llc,Other care,,,Tempe,AZ,85284,4809993012,2024-03-30,Not stated in NPPES — call to verify,CMS NPPES via Affine
1366964934,Devoted Guardians Home Health Llc,Other care,,"1705 WEST RUBY DRIVE, #107",Tempe,AZ,85284,4809993012,2022-07-21,Not stated in NPPES — call to verify,CMS NPPES via Affine
1285971887,Devoted Guardians Llc,Other care,,,Tempe,AZ,85284,6024932170,2025-08-26,Not stated in NPPES — call to verify,CMS NPPES via Affine
1023750650,Dezarae Sander,Behavioral health,,,Tempe,AZ,85283,6232936117,2022-04-13,Not stated in NPPES — call to verify,CMS NPPES via Affine
1316028442,"Dhanlaxmi R Merchant, Dds",Dental,General Practice,,Tempe,AZ,85282,4809669936,2007-07-08,Not stated in NPPES — call to verify,CMS NPPES via Affine
1588975643,"Dhaval Mahesh Shah, M.D.",Clinic / primary care,Interventional Cardiology,,Tempe,AZ,85283,4803450034,2020-07-17,Not stated in NPPES — call to verify,CMS NPPES via Affine
1215440409,"Dhiana Patel, Lac",Behavioral health,Mental Health,,Tempe,AZ,85282,4808040326,2017-11-09,Not stated in NPPES — call to verify,CMS NPPES via Affine
1295008860,Diagnostic & Intervention Services Pc,Behavioral health,,"2120 S RURAL RD, SUITE 2",Tempe,AZ,85282,6025765000,2012-02-22,Not stated in NPPES — call to verify,CMS NPPES via Affine
1619568235,Diamond Oliphant,Other care,,,Tempe,AZ,85282,4143786832,2021-01-27,Not stated in NPPES — call to verify,CMS NPPES via Affine
1821708454,"Diamond Sol Wellness, Llc",Behavioral health,Mental Health (Including Community Mental Health Center),,Tempe,AZ,85281,6024881172,2022-12-05,Not stated in NPPES — call to verify,CMS NPPES via Affine
1538159462,"Diana E Boyd, Lcsw",Behavioral health,Clinical,,Tempe,AZ,85283,4807523578,2007-07-08,Not stated in NPPES — call to verify,CMS NPPES via Affine
1174831606,"Diana Freund, Rdh",Dental,,"6601 S RURAL RD, SUITE 1",Tempe,AZ,85283,4807566504,2010-09-17,Not stated in NPPES — call to verify,CMS NPPES via Affine
1265895015,"Diana Gallegos, At, Atc",Other care,Athletic Trainer,,Tempe,AZ,85282,4808393402,2016-03-30,Not stated in NPPES — call to verify,CMS NPPES via Affine
1760545545,"Diana Kyrisch, Lcsw",Behavioral health,Clinical,,Tempe,AZ,85283,4803053160,2026-07-27,Not stated in NPPES — call to verify,CMS NPPES via Affine
1043272602,"Diana M Padilla, Ms, Atc, Emt",Other care,Athletic Trainer,,Tempe,AZ,85287,4809659430,2010-02-25,Not stated in NPPES — call to verify,CMS NPPES via Affine
1578156691,"Diana Rodriguez, Lac",Behavioral health,Mental Health,,Tempe,AZ,85282,8449493989,2021-02-19,Not stated in NPPES — call to verify,CMS NPPES via Affine
1184694853,"Diana Wykes, O.D.",Other care,,,Tempe,AZ,85283,4803455000,2007-07-08,Not stated in NPPES — call to verify,CMS NPPES via Affine
1740772052,"Diane Averill Larson, M.S.C., M.F..T",Behavioral health,,,Tempe,AZ,85282,6026957549,2018-06-01,Not stated in NPPES — call to verify,CMS NPPES via Affine
1720221047,"Diane Brady Martin, Lpc",Behavioral health,Mental Health,"2120 S MCCLINTOCK DR, SUITE 105",Tempe,AZ,85282,4808040326,2013-02-20,Not stated in NPPES — call to verify,CMS NPPES via Affine
1417075409,"Diane C Segal, Ot",Other care,,,Tempe,AZ,85282,4804560719,2009-09-15,Not stated in NPPES — call to verify,CMS NPPES via Affine
1144910142,"Diane Carol Derickson, Ma Ed.",Behavioral health,,,Tempe,AZ,85283,4804893925,2023-05-11,Not stated in NPPES — call to verify,CMS NPPES via Affine
1871921213,"Diane E Grise, N.D.",Other care,,,Tempe,AZ,85282,4809700000,2013-10-22,Not stated in NPPES — call to verify,CMS NPPES via Affine
1144318817,"Diane Marie Caruso, Fnp-C",Clinic / primary care,Family,,Tempe,AZ,85284,6023508658,2011-11-22,Not stated in NPPES — call to verify,CMS NPPES via Affine
1972297455,Dianne Nowicki,Behavioral health,,,Tempe,AZ,85281,8552237123,2023-06-07,Not stated in NPPES — call to verify,CMS NPPES via Affine
1376496877,Digital Dental Solutions Center Pllc,Clinic / primary care,Dental,,Tempe,AZ,85283,4802714600,2026-02-16,Not stated in NPPES — call to verify,CMS NPPES via Affine
1609571553,Direct Podiatry Arizona,Other care,,,Tempe,AZ,85282,6026382718,2023-03-31,Not stated in NPPES — call to verify,CMS NPPES via Affine
1801675640,Directing Footsteps Llc,Other care,,,Tempe,AZ,85282,6024211960,2023-09-21,Not stated in NPPES — call to verify,CMS NPPES via Affine
1467246975,Directmed Behavioral Llc,Other care,,,Tempe,AZ,85281,6239865609,2025-04-08,Not stated in NPPES — call to verify,CMS NPPES via Affine
1003526401,Dispatch Dental Llc,Dental,,,Tempe,AZ,85281,6235844746,2022-11-28,Not stated in NPPES — call to verify,CMS NPPES via Affine
1063052934,"District Medical Group, Inc",Clinic / primary care,,,Tempe,AZ,85281,4808773000,2020-01-08,Not stated in NPPES — call to verify,CMS NPPES via Affine
1538557095,Divine Mercy Adult Care,Other care,,,Tempe,AZ,85283,4804272647,2015-01-06,Not stated in NPPES — call to verify,CMS NPPES via Affine
1881461002,Divineroute Transportation Llc,Other care,,"1000 W 5TH ST, APT 1019",Tempe,AZ,85281,5029155421,2023-12-07,Not stated in NPPES — call to verify,CMS NPPES via Affine
1861949174,Dixie Rose Enterprises,Other care,,"6101 S RURAL RD, #117",Tempe,AZ,85283,4808870322,2016-09-02,Not stated in NPPES — call to verify,CMS NPPES via Affine
1225710346,Dmj Llc,Other care,,,Tempe,AZ,85283,4802014102,2023-08-07,Not stated in NPPES — call to verify,CMS NPPES via Affine
1174003024,Doctors Choice Hospice Llc,Other care,,,Tempe,AZ,85281,4802195415,2022-08-30,Not stated in NPPES — call to verify,CMS NPPES via Affine
1144465410,Doctors Outpatient Surgical Center,Clinic / primary care,Ambulatory Surgical,"2155 E CONFERENCE DR, SUITE 111",Tempe,AZ,85284,4808392020,2016-10-26,Not stated in NPPES — call to verify,CMS NPPES via Affine
1003517905,Domenik Valdivia,Behavioral health,,,Tempe,AZ,85281,8552237123,2023-03-16,Not stated in NPPES — call to verify,CMS NPPES via Affine
1073142865,Dominique L Cochran,Other care,Speech-Language Assistant,,Tempe,AZ,85281,6238104535,2020-04-03,Not stated in NPPES — call to verify,CMS NPPES via Affine
1891190062,"Donald Grace, Pa",Clinic / primary care,Surgical,"1255 W RIO SALADO PKWY, SUITE 107",Tempe,AZ,85281,4809600071,2014-11-21,Not stated in NPPES — call to verify,CMS NPPES via Affine
1518966332,"Donald H. Dearth, D.C.",Other care,Sports Physician,,Tempe,AZ,85282,4807566044,2008-05-05,Not stated in NPPES — call to verify,CMS NPPES via Affine
1770566366,"Donald J Boles Jr., Md",Clinic / primary care,,"6301 S MCCLINTOCK DR, STE MC201",Tempe,AZ,85283,4808383100,2011-12-12,Not stated in NPPES — call to verify,CMS NPPES via Affine
1063693448,"Donald Matthew Stenhoff, Phd, Bcba-D, Lba",Behavioral health,,,Tempe,AZ,85283,6029267200,2014-01-29,Not stated in NPPES — call to verify,CMS NPPES via Affine
1295052777,Donald Meador,Other care,,,Tempe,AZ,85283,4802331650,2010-04-23,Not stated in NPPES — call to verify,CMS NPPES via Affine
1275159840,"Donia Ibrahim, Pa-C",Clinic / primary care,,,Tempe,AZ,85282,4805900787,2024-07-03,Not stated in NPPES — call to verify,CMS NPPES via Affine
1023679644,Donna Cooks,Other care,,,Tempe,AZ,85282,4803990826,2019-06-25,Not stated in NPPES — call to verify,CMS NPPES via Affine
1699876516,"Donna Jean Logston, Lpc",Behavioral health,Mental Health,,Tempe,AZ,85282,4807557875,2007-07-08,Not stated in NPPES — call to verify,CMS NPPES via Affine
1699243113,"Donna Jean Winsor, Phd, Lpc",Behavioral health,Professional,,Tempe,AZ,85283,4807880877,2023-04-19,Not stated in NPPES — call to verify,CMS NPPES via Affine
1952594350,"Donna Papangellin, Atc",Other care,Athletic Trainer,"1025 E BROADWAY RD, STE. 100",Tempe,AZ,85282,4808290217,2007-08-20,Not stated in NPPES — call to verify,CMS NPPES via Affine
1295968261,Donor Network Of Arizona,Other care,,,Tempe,AZ,85281,6022222200,2022-07-20,Not stated in NPPES — call to verify,CMS NPPES via Affine
1912630823,"Doordash Pharmacy Services, Llc",Pharmacy,,,Tempe,AZ,85288,6232952839,2022-07-07,Not stated in NPPES — call to verify,CMS NPPES via Affine
1326258344,"Doreen Chara Clark, Lmft,Lpc",Behavioral health,,,Tempe,AZ,85282,4808399350,2010-05-27,Not stated in NPPES — call to verify,CMS NPPES via Affine
1538557590,Dorothy Piekut Md Pllc,Other care,Psychiatry,,Tempe,AZ,85283,4803455400,2014-12-29,Not stated in NPPES — call to verify,CMS NPPES via Affine
1215750815,"Dorothy Wilson, Rn",Other care,General Practice,,Tempe,AZ,85282,6022830080,2024-11-04,Not stated in NPPES — call to verify,CMS NPPES via Affine
1780952259,Douglas A Clark Md Pc,Other care,,"2055 E SOUTHERN AVE, SUITE G",Tempe,AZ,85282,4808390008,2011-12-12,Not stated in NPPES — call to verify,CMS NPPES via Affine
1396892907,"Douglas A Clark, Md",Other care,,"2055 E SOUTHERN AVE, SUITE G",Tempe,AZ,85282,4808390008,2007-07-08,Not stated in NPPES — call to verify,CMS NPPES via Affine
1437176377,"Douglas E Recinos, R.Ncs.T",Other care,Electroneurodiagnostic,"3923 S MCCLINTOCK DR, SUITE # 409",Tempe,AZ,85282,4806783645,2011-10-11,Not stated in NPPES — call to verify,CMS NPPES via Affine
1881669885,"Douglas Lane Smith, Md",Other care,,,Tempe,AZ,85282,4808201200,2026-07-13,Not stated in NPPES — call to verify,CMS NPPES via Affine
1508306739,"Dr C's Weight Loss And Anti-Aging Medicine, Pc",Other care,,"2737 W BASELINE RD, SUITE 23",Tempe,AZ,85283,4802456677,2017-10-30,Not stated in NPPES — call to verify,CMS NPPES via Affine
1992507875,Dr Moms Health And Beauty Llc,Clinic / primary care,Multi-Specialty,,Tempe,AZ,85282,8018548244,2025-04-10,Not stated in NPPES — call to verify,CMS NPPES via Affine
1457951774,Dr Morgan Mathie Pllc,Other care,,,Tempe,AZ,85282,4804252160,2020-10-27,Not stated in NPPES — call to verify,CMS NPPES via Affine
1063073120,"Dr Ryan Crandall Dc, Pllc",Other care,,,Tempe,AZ,85281,6028880155,2019-06-27,Not stated in NPPES — call to verify,CMS NPPES via Affine
1760815237,Dr Sheba Jilani,Other care,Pain Medicine,,Tempe,AZ,85282,4804130586,2013-08-19,Not stated in NPPES — call to verify,CMS NPPES via Affine
1982093985,Dr Wellspring Az,Other care,Psychiatry,"20 E UNIVERSITY DR, SUITE 301",Tempe,AZ,85281,4803030844,2015-01-13,Not stated in NPPES — call to verify,CMS NPPES via Affine
1003807967,"Dr. A. Steven Enriquez, D.C.",Other care,,"4435 S RURAL RD, SUITE #4",Tempe,AZ,85282,4804917241,2012-05-07,Not stated in NPPES — call to verify,CMS NPPES via Affine
1831761717,"Dr. Aalia Avelin, Nmd",Other care,,,Tempe,AZ,85282,2038852162,2021-07-12,Not stated in NPPES — call to verify,CMS NPPES via Affine
1386374502,"Dr. Aaron Miller, Dds",Dental,General Practice,,Tempe,AZ,85283,4806642270,2022-06-11,Not stated in NPPES — call to verify,CMS NPPES via Affine
1891934790,"Dr. Aaron Ray Ketcher, Dnp, Fnp, Crna, Nspm",Other care,,,Tempe,AZ,85283,6026107274,2025-07-30,Not stated in NPPES — call to verify,CMS NPPES via Affine
1104770122,"Dr. Abbas Aljanabi, Rph",Pharmacy,Pharmacist Clinician (PhC)/ Clinical Pharmacy Specialist,,Tempe,AZ,85282,4808589096,2026-06-16,Not stated in NPPES — call to verify,CMS NPPES via Affine
1508910944,"Dr. Adam Jason Farber, Md",Other care,,"1215 W RIO SALADO PKWY, SUITE 105",Tempe,AZ,85281,4802193342,2016-05-09,Not stated in NPPES — call to verify,CMS NPPES via Affine
1750592341,"Dr. Adam Whiting Hall, D.M.D.",Dental,,"7350 S MCCLINTOCK DR, SUITE 105",Tempe,AZ,85283,4803450991,2007-07-08,Not stated in NPPES — call to verify,CMS NPPES via Affine
1821237496,"Dr. Addie E Lafferty, Ph.D.",Other care,,"200 E CURRY RD, STE 146",Tempe,AZ,85287,4809659396,2009-02-05,Not stated in NPPES — call to verify,CMS NPPES via Affine
1740402544,"Dr. Adolph Silberman, Ed.D.",Behavioral health,,"2600 E SOUTHERN AVE, SUITE C3",Tempe,AZ,85282,4808396264,2007-07-08,Not stated in NPPES — call to verify,CMS NPPES via Affine
1295319994,"Dr. Adriana Susana Berusch Gerardino, Nmd",Other care,,,Tempe,AZ,85281,4804204827,2023-05-23,Not stated in NPPES — call to verify,CMS NPPES via Affine
1598169153,"Dr. Adriane Atkins, Nd",Other care,,,Tempe,AZ,85282,2142645784,2014-10-10,Not stated in NPPES — call to verify,CMS NPPES via Affine
1215801873,"Dr. Adwoa Amankwaa Asare, Nmd",Other care,,,Tempe,AZ,85283,2404403096,2025-10-06,Not stated in NPPES — call to verify,CMS NPPES via Affine
1467604942,"Dr. Aja Murphy, Do",Other care,Wound Care,,Tempe,AZ,85282,4805900787,2026-08-20,Not stated in NPPES — call to verify,CMS NPPES via Affine
1326192469,"Dr. Alan Ashton Curtis, D.D.S., M.S.",Dental,Orthodontics and Dentofacial Orthopedics,,Tempe,AZ,85284,4808387410,2007-07-08,Not stated in NPPES — call to verify,CMS NPPES via Affine
1578517827,Dr. Alan I Josephson,Other care,,,Tempe,AZ,85284,4804560444,2026-07-13,Not stated in NPPES — call to verify,CMS NPPES via Affine
1770652703,"Dr. Alan L Longfellow, D.D.S.",Dental,Pediatric Dentistry,,Tempe,AZ,85283,4808386949,2007-07-08,Not stated in NPPES — call to verify,CMS NPPES via Affine
1174625032,"Dr. Albert M Schwartz, M.D.",Other care,,,Tempe,AZ,85283,4802142300,2026-08-24,Not stated in NPPES — call to verify,CMS NPPES via Affine
1447882683,"Dr. Aldrin Charles Sr., Pa",Clinic / primary care,,,Tempe,AZ,85283,4806322301,2024-01-26,Not stated in NPPES — call to verify,CMS NPPES via Affine
1457304818,"Dr. Alex Jonathan Smith, Od",Other care,,,Tempe,AZ,85283,4803455085,2014-03-28,Not stated in NPPES — call to verify,CMS NPPES via Affine
1528725124,"Dr. Alexandra Mele, Nd",Other care,,,Tempe,AZ,85282,8643203601,2022-01-14,Not stated in NPPES — call to verify,CMS NPPES via Affine
1215806252,"Dr. Alexis Green, Nmd",Other care,,,Tempe,AZ,85282,4809700000,2025-10-29,Not stated in NPPES — call to verify,CMS NPPES via Affine
1013883115,"Dr. Alexis Julianna Segal, Nd",Other care,,,Tempe,AZ,85284,4805579095,2026-01-09,Not stated in NPPES — call to verify,CMS NPPES via Affine
1588930242,"Dr. Ali Khalifa, M.D.",Other care,,,Tempe,AZ,85282,4804252160,2026-07-16,Not stated in NPPES — call to verify,CMS NPPES via Affine
1487317475,"Dr. Alice Rose Anderson Veirs, Nd",Other care,,,Tempe,AZ,85282,4809700000,2021-10-18,Not stated in NPPES — call to verify,CMS NPPES via Affine
1245498963,"Dr. Allen B Fletcher, M.D.",Other care,,,Tempe,AZ,85283,4807770735,2008-05-29,Not stated in NPPES — call to verify,CMS NPPES via Affine
1851046940,"Dr. Allen Maxwell, Nd",Other care,,,Tempe,AZ,85282,9282574873,2022-02-16,Not stated in NPPES — call to verify,CMS NPPES via Affine
1275748709,"Dr. Allen Samuel Honigman, Dds, Ms",Dental,Periodontics,"6601 S RURAL RD, SOUTHWEST DENTAL GROUP",Tempe,AZ,85283,4804560821,2009-05-05,Not stated in NPPES — call to verify,CMS NPPES via Affine
1780835280,"Dr. Allen W Rohe, Au.D.",Other care,,,Tempe,AZ,85282,4808316159,2019-01-02,Not stated in NPPES — call to verify,CMS NPPES via Affine
1851801021,"Dr. Allison Marie Williams, Nd",Other care,,,Tempe,AZ,85282,4809700000,2017-10-02,Not stated in NPPES — call to verify,CMS NPPES via Affine
1265211551,"Dr. Alysia Rollins, Pharmd",Pharmacy,,,Tempe,AZ,85283,4803455319,2023-09-26,Not stated in NPPES — call to verify,CMS NPPES via Affine
1164086690,"Dr. Amanda Mazurek, Md",Other care,,,Tempe,AZ,85283,6029334550,2024-06-19,Not stated in NPPES — call to verify,CMS NPPES via Affine
1255684494,"Dr. Amanda Roberson Alexander, N.D.",Other care,,,Tempe,AZ,85282,4809700000,2017-03-23,Not stated in NPPES — call to verify,CMS NPPES via Affine
1982755492,"Dr. Amanda T. Troutman, D.O.",Other care,Psychiatry,,Tempe,AZ,85282,4808395560,2007-07-08,Not stated in NPPES — call to verify,CMS NPPES via Affine
1730614256,"Dr. Amber Ellington, N.D.",Other care,,,Tempe,AZ,85283,4804911898,2017-05-17,Not stated in NPPES — call to verify,CMS NPPES via Affine
1053723015,"Dr. Amber Tabares, Nmd",Other care,,,Tempe,AZ,85282,6232959671,2016-06-03,Not stated in NPPES — call to verify,CMS NPPES via Affine
1093063422,"Dr. Amit Ramesh Shah, Pharmd",Pharmacy,,"1818 E BASELINE RD, T-0319",Tempe,AZ,85283,4808312292,2012-08-16,Not stated in NPPES — call to verify,CMS NPPES via Affine
1497832653,"Dr. Andre M Silano, Dc",Other care,,,Tempe,AZ,85283,4808334515,2012-02-20,Not stated in NPPES — call to verify,CMS NPPES via Affine
1730244658,"Dr. Andrea Joy Ruzicka, B.S., D.C.",Other care,Rehabilitation,,Tempe,AZ,85282,4808299593,2025-09-11,Not stated in NPPES — call to verify,CMS NPPES via Affine
1417165770,"Dr. Andrew Barton Mangum, Md",Other care,,,Tempe,AZ,85282,4804252160,2022-12-12,Not stated in NPPES — call to verify,CMS NPPES via Affine
1235238254,"Dr. Andrew Bernard Levin, D.M.D.",Dental,,,Tempe,AZ,85282,4808313898,2020-09-11,Not stated in NPPES — call to verify,CMS NPPES via Affine
1740433879,"Dr. Andrew Forbes Dickens, Nmd",Other care,,"2133 E WARNER RD, STE. 102",Tempe,AZ,85284,4808206695,2008-11-03,Not stated in NPPES — call to verify,CMS NPPES via Affine
1447727896,"Dr. Angela Lynn Erxleben, Nd",Other care,,"1600 W LA JOLLA DR, #1048",Tempe,AZ,85282,3087500709,2018-10-24,Not stated in NPPES — call to verify,CMS NPPES via Affine
1992322465,"Dr. Angela Monique Dudley, Dnp, Arnp, Fnp-C",Clinic / primary care,Family,,Tempe,AZ,85283,6027776000,2026-08-18,Not stated in NPPES — call to verify,CMS NPPES via Affine
1841627247,"Dr. Anna Alexandra Mkrtchyan, Nmd",Other care,,"6115 S KYRENE RD, SUITE #201",Tempe,AZ,85283,4805431116,2013-11-05,Not stated in NPPES — call to verify,CMS NPPES via Affine
1871713214,"Dr. Anna R Nordin, N.M.D.",Other care,,,Tempe,AZ,85282,4807044540,2014-08-20,Not stated in NPPES — call to verify,CMS NPPES via Affine
1578714358,"Dr. Anne Marie Mauricio, Ph.D.",Behavioral health,,"8727 S PRIEST DR, 101",Tempe,AZ,85284,4804337525,2008-10-09,Not stated in NPPES — call to verify,CMS NPPES via Affine
1780910208,"Dr. Annette Jo D'armata, N.M.D.",Other care,,"60 E RIO SALADO PKWY, SUITE 900",Tempe,AZ,85281,4803891159,2014-03-28,Not stated in NPPES — call to verify,CMS NPPES via Affine
1558395913,"Dr. Anthony Adam Gross, D.C.",Other care,Sports Physician,,Tempe,AZ,85282,4808200999,2007-07-09,Not stated in NPPES — call to verify,CMS NPPES via Affine
1437280559,"Dr. Anthony E Nowak, Dds",Dental,,,Tempe,AZ,85283,4193498441,2015-07-02,Not stated in NPPES — call to verify,CMS NPPES via Affine
1811346968,"Dr. Anthony John Canestraro, M.D.",Other care,,,Tempe,AZ,85283,4808206657,2020-05-29,Not stated in NPPES — call to verify,CMS NPPES via Affine
1710449491,"Dr. Anthony Pinazza, Nmd",Other care,,,Tempe,AZ,85282,4809700000,2019-04-02,Not stated in NPPES — call to verify,CMS NPPES via Affine
1063491306,"Dr. Anthony Raymond Farraye, Dds",Dental,General Practice,,Tempe,AZ,85282,4809675788,2026-07-13,Not stated in NPPES — call to verify,CMS NPPES via Affine
1851792311,"Dr. Anthony-Minh Vu, Pharmd, Rph",Pharmacy,,,Tempe,AZ,85281,4809666271,2014-09-15,Not stated in NPPES — call to verify,CMS NPPES via Affine
1336659697,"Dr. Arash Sabeti, Nd",Other care,,,Tempe,AZ,85282,4808205026,2019-03-27,Not stated in NPPES — call to verify,CMS NPPES via Affine
1871240457,"Dr. Ashley Hodge, Dbh, Edd, Lcsw",Behavioral health,,,Tempe,AZ,85282,4806927568,2025-03-10,Not stated in NPPES — call to verify,CMS NPPES via Affine
1609292408,"Dr. Ashley Tang Lee, O.D.",Other care,,,Tempe,AZ,85288,6026976743,2025-01-15,Not stated in NPPES — call to verify,CMS NPPES via Affine
1679565519,"Dr. Aureliano E Cifuentes, Md",Clinic / primary care,Geriatric Medicine,"2727 W BASELINE RD, SUITE 8",Tempe,AZ,85283,6023230904,2017-04-07,Not stated in NPPES — call to verify,CMS NPPES via Affine
1487076923,"Dr. Austin Sherman, Pharmd",Pharmacy,,,Tempe,AZ,85282,4809662791,2014-01-18,Not stated in NPPES — call to verify,CMS NPPES via Affine
1235878422,"Dr. Avni Janak Dalal, Nd",Other care,,"4630 S LAKESHORE DR, APT 245",Tempe,AZ,85282,8034637568,2022-06-03,Not stated in NPPES — call to verify,CMS NPPES via Affine
1033877279,"Dr. Ayat Ahmed Hashi, Md",Clinic / primary care,,,Tempe,AZ,85282,6025270054,2021-12-06,Not stated in NPPES — call to verify,CMS NPPES via Affine
1609395847,"Dr. Bahoo Ghafoor, Md",Other care,Child & Adolescent Psychiatry,,Tempe,AZ,85283,4804911898,2023-02-24,Not stated in NPPES — call to verify,CMS NPPES via Affine
1770564379,"Dr. Balbir Chand Sharma, Md",Other care,Psychiatry,"1730 S JENTILLY LN, B-102",Tempe,AZ,85281,4808941071,2015-06-02,Not stated in NPPES — call to verify,CMS NPPES via Affine
1467585083,"Dr. Ben C. Eubank, D.C.",Other care,,,Tempe,AZ,85283,4804131171,2007-07-08,Not stated in NPPES — call to verify,CMS NPPES via Affine
1639320021,"Dr. Benjamin E Zorensky, N.M.D.",Other care,,"430 W WARNER RD, 104",Tempe,AZ,85284,4807850750,2008-10-04,Not stated in NPPES — call to verify,CMS NPPES via Affine
1275385346,"Dr. Bethany Hartsell, Dmd",Dental,,,Tempe,AZ,85283,4803450991,2025-09-22,Not stated in NPPES — call to verify,CMS NPPES via Affine
1518304500,Dr. Bobby Lynn Curtis,Other care,,,Tempe,AZ,85282,6022776211,2013-05-30,Not stated in NPPES — call to verify,CMS NPPES via Affine
1194773226,"Dr. Boyd Patummas, Dmd",Dental,General Practice,,Tempe,AZ,85283,4808207777,2013-05-02,Not stated in NPPES — call to verify,CMS NPPES via Affine
1700961299,"Dr. Bradford Lee Kess, D.D.S.",Dental,Orthodontics and Dentofacial Orthopedics,,Tempe,AZ,85282,4405962312,2024-05-24,Not stated in NPPES — call to verify,CMS NPPES via Affine
1598904096,"Dr. Bradley Christopher Doan, D.C.",Other care,,,Tempe,AZ,85283,4802950496,2009-02-07,Not stated in NPPES — call to verify,CMS NPPES via Affine
1346329265,"Dr. Bradley Crawford, Psyd Lpc",Behavioral health,Mental Health,"1615 E WARNER RD, SUITE 1",Tempe,AZ,85284,4803682827,2008-05-26,Not stated in NPPES — call to verify,CMS NPPES via Affine
1144344037,"Dr. Bradley Jay Smith, Nmd",Other care,,"1050 E SOUTHERN AVE, SUITE 4",Tempe,AZ,85282,4808297829,2007-07-08,Not stated in NPPES — call to verify,CMS NPPES via Affine
1487001434,"Dr. Brandon R. Chuman, Psy.D",Behavioral health,,,Tempe,AZ,85288,7025894871,2026-05-21,Not stated in NPPES — call to verify,CMS NPPES via Affine
1356510028,"Dr. Brendan Michael Mccarthy, Nmd",Other care,,"1801 S JENTILLY LN, SUITE C-4",Tempe,AZ,85281,4805579095,2008-02-26,Not stated in NPPES — call to verify,CMS NPPES via Affine
1689861551,"Dr. Brennan G Bates, D.C.",Other care,,"2133 E WARNER RD, SUITE 102",Tempe,AZ,85284,4808206695,2007-09-25,Not stated in NPPES — call to verify,CMS NPPES via Affine
1326732033,"Dr. Bria Young, Dmd",Dental,General Practice,,Tempe,AZ,85283,4808319874,2023-06-06,Not stated in NPPES — call to verify,CMS NPPES via Affine
1356250575,"Dr. Brian J Duncan, Ph.D.",Behavioral health,Clinical,,Tempe,AZ,85283,4809213314,2026-09-03,Not stated in NPPES — call to verify,CMS NPPES via Affine
1164875241,Dr. Brian Nathan Sillanpaa,Behavioral health,Mental Health,,Tempe,AZ,85282,4805250058,2024-02-06,Not stated in NPPES — call to verify,CMS NPPES via Affine
1417408345,"Dr. Bridget Dean, Nmd",Other care,,"7517 S MCCLINTOCK DR, SUITE 104",Tempe,AZ,85283,4807550060,2016-10-15,Not stated in NPPES — call to verify,CMS NPPES via Affine
1962689828,"Dr. Brigitte Diane Gourley, Phd",Behavioral health,,"2600 E SOUTHERN, SUITE F1",Tempe,AZ,85282,4808200056,2008-01-23,Not stated in NPPES — call to verify,CMS NPPES via Affine
1861840001,"Dr. Brittany Pierce, Psyd",Behavioral health,,,Tempe,AZ,85282,6028483115,2023-04-20,Not stated in NPPES — call to verify,CMS NPPES via Affine
1780225854,"Dr. Bronwyn Carlblom, Nmd",Other care,,,Tempe,AZ,85284,4809700000,2026-01-13,Not stated in NPPES — call to verify,CMS NPPES via Affine
1811989403,"Dr. Bruce F. Okun, D.D.S.",Dental,General Practice,"1050 E SOUTHERN AVE, SUITE 8",Tempe,AZ,85282,4809678763,2007-07-08,Not stated in NPPES — call to verify,CMS NPPES via Affine
1922134659,"Dr. Bruce Franklin Lubitz, D.C.",Other care,,,Tempe,AZ,85282,4809687767,2007-07-08,Not stated in NPPES — call to verify,CMS NPPES via Affine
1801453477,"Dr. Bryan Gastelle, Psyd",Behavioral health,,,Tempe,AZ,85283,4805240990,2025-01-09,Not stated in NPPES — call to verify,CMS NPPES via Affine
1942410410,"Dr. Bryce L. Dursteler, M.D.",Other care,Anatomic Pathology & Clinical Pathology,,Tempe,AZ,85281,6026855211,2020-08-07,Not stated in NPPES — call to verify,CMS NPPES via Affine
1760946784,"Dr. Cady Logan, Dc",Other care,,,Tempe,AZ,85283,4807775130,2019-01-23,Not stated in NPPES — call to verify,CMS NPPES via Affine
1902150725,"Dr. Calvin Kwan, Nmd",Other care,,,Tempe,AZ,85282,4809700000,2020-03-23,Not stated in NPPES — call to verify,CMS NPPES via Affine
1508356411,"Dr. Camelle Marie Jones, Fnp",Clinic / primary care,Family,,Tempe,AZ,85282,8018548244,2025-07-01,Not stated in NPPES — call to verify,CMS NPPES via Affine
1154599603,"Dr. Camille Ana Garza, Ph.D.",Behavioral health,,"2600 E SOUTHERN AVE, SUITE C-3",Tempe,AZ,85282,4808396264,2008-02-19,Not stated in NPPES — call to verify,CMS NPPES via Affine
1598968463,"Dr. Camille Chung, O.D.",Other care,,,Tempe,AZ,85283,4809674910,2007-07-18,Not stated in NPPES — call to verify,CMS NPPES via Affine
1073908661,"Dr. Cara English, D.B.H., L.A.C.",Behavioral health,Professional,,Tempe,AZ,85282,4808202808,2015-04-01,Not stated in NPPES — call to verify,CMS NPPES via Affine
1891001707,"Dr. Cara Lan, N.D.",Other care,,"5633 S CAPTAIN KIDD CT, UNIT E",Tempe,AZ,85283,4804527429,2014-11-10,Not stated in NPPES — call to verify,CMS NPPES via Affine
1699286997,"Dr. Cara Slater, Nmd",Other care,,,Tempe,AZ,85284,4803615188,2020-03-02,Not stated in NPPES — call to verify,CMS NPPES via Affine
1316264724,"Dr. Carl G Bynum, D.O.",Clinic / primary care,,,Tempe,AZ,85284,5732301313,2013-12-02,Not stated in NPPES — call to verify,CMS NPPES via Affine
1366083263,"Dr. Carli Dugan, Nmd",Other care,,,Tempe,AZ,85282,4809700000,2019-10-01,Not stated in NPPES — call to verify,CMS NPPES via Affine
1538425558,"Dr. Carlos Roman Echevarria, Md, Mmm",Other care,,,Tempe,AZ,85283,4808607310,2025-11-19,Not stated in NPPES — call to verify,CMS NPPES via Affine
1245041763,"Dr. Carlos Villanueva, Pt, Dpt",Other care,,,Tempe,AZ,85288,4804744921,2025-01-15,Not stated in NPPES — call to verify,CMS NPPES via Affine
1427427186,"Dr. Caroline Tade, Nmd",Other care,,,Tempe,AZ,85282,7135022202,2015-09-28,Not stated in NPPES — call to verify,CMS NPPES via Affine
1578594974,"Dr. Carolyn Beth Pace, M.D.",Clinic / primary care,Rheumatology,,Tempe,AZ,85282,4804566561,2019-12-04,Not stated in NPPES — call to verify,CMS NPPES via Affine
1710221254,"Dr. Carolyn Stone, N.M.D.",Other care,,"2210 S MILL AVE, SUITE B9",Tempe,AZ,85282,4803317353,2016-02-26,Not stated in NPPES — call to verify,CMS NPPES via Affine
1427008481,"Dr. Cary Blaine Mcdonald, D.C.",Other care,,,Tempe,AZ,85283,4802140673,2026-07-13,Not stated in NPPES — call to verify,CMS NPPES via Affine
1285330878,"Dr. Caryn Feder, Phd",Behavioral health,Clinical,,Tempe,AZ,85284,6023261051,2023-02-06,Not stated in NPPES — call to verify,CMS NPPES via Affine
1598093858,"Dr. Cathy Forbes, N.D.",Other care,,,Tempe,AZ,85282,4802822471,2009-11-25,Not stated in NPPES — call to verify,CMS NPPES via Affine
1215605621,"Dr. Cecilia Morgado-Slychan, Nd",Other care,,,Tempe,AZ,85283,6026076200,2021-08-31,Not stated in NPPES — call to verify,CMS NPPES via Affine
1487215075,"Dr. Celeste Richmond, Nd",Other care,,,Tempe,AZ,85283,3103444058,2019-06-24,Not stated in NPPES — call to verify,CMS NPPES via Affine
1073291316,"Dr. Chandler Reed, Dds",Dental,General Practice,,Tempe,AZ,85282,4806308868,2025-11-04,Not stated in NPPES — call to verify,CMS NPPES via Affine
1467658427,"Dr. Charles Edward Combs Jr., Lpc",Behavioral health,Professional,"3030 SO RURAL RD, SUITE 102",Tempe,AZ,85282,4804566634,2007-07-08,Not stated in NPPES — call to verify,CMS NPPES via Affine
1104813872,"Dr. Charles Redmond Breed, Md",Other care,,"2055 E SOUTHERN AVE, SUITE F",Tempe,AZ,85282,4808978484,2007-09-27,Not stated in NPPES — call to verify,CMS NPPES via Affine
1063822922,"Dr. Chauntel Nicole Rene Kellar, Pharmd.",Pharmacy,,"1600 W LA JOLLA DR, APT 2033",Tempe,AZ,85282,5049573534,2014-04-30,Not stated in NPPES — call to verify,CMS NPPES via Affine
1174846505,"Dr. Chelsey Hunter Tate, Pharmd",Pharmacy,,,Tempe,AZ,85281,4807486064,2022-01-25,Not stated in NPPES — call to verify,CMS NPPES via Affine
1588751085,"Dr. Chris C.R. Hinson Md, Md",Other care,,,Tempe,AZ,85281,4807845533,2013-11-25,Not stated in NPPES — call to verify,CMS NPPES via Affine
1073944807,"Dr. Christina Barber, D.V.M.",Other care,,,Tempe,AZ,85284,4808202822,2013-12-04,Not stated in NPPES — call to verify,CMS NPPES via Affine
1659336105,"Dr. Christine Marie Brass-Jones, D.O.",Other care,,,Tempe,AZ,85281,4808213601,2025-12-18,Not stated in NPPES — call to verify,CMS NPPES via Affine
1073946927,"Dr. Christopher Boyd Olson, D.D.S. Endodontist",Dental,Endodontics,,Tempe,AZ,85282,8013804693,2019-02-20,Not stated in NPPES — call to verify,CMS NPPES via Affine
1699975789,"Dr. Christopher James Drew, Dds",Dental,General Practice,"6200 S MCCLINTOCK DR, SUITE 111",Tempe,AZ,85283,4808390502,2008-12-12,Not stated in NPPES — call to verify,CMS NPPES via Affine
1932101714,"Dr. Christopher John Kelsch, D.C.",Other care,Rehabilitation,,Tempe,AZ,85284,4808973300,2020-09-08,Not stated in NPPES — call to verify,CMS NPPES via Affine
1609872316,"Dr. Christopher Johnstad, M.D.",Other care,,,Tempe,AZ,85282,4804252160,2023-05-12,Not stated in NPPES — call to verify,CMS NPPES via Affine
1538176912,"Dr. Christopher Lewis Wayne Finlay, Md",Clinic / primary care,,"1845 E BROADWAY RD, SUITE 116",Tempe,AZ,85282,4808827380,2016-04-29,Not stated in NPPES — call to verify,CMS NPPES via Affine
1437666245,"Dr. Christopher R Walker, Dc",Other care,,,Tempe,AZ,85283,4807870615,2018-01-02,Not stated in NPPES — call to verify,CMS NPPES via Affine
1851880678,"Dr. Christopher Royce Milligan, Nmd",Other care,,,Tempe,AZ,85282,4802591251,2018-05-07,Not stated in NPPES — call to verify,CMS NPPES via Affine
1902064579,"Dr. Clinton Robert Boscamp, D.D.S.",Dental,General Practice,,Tempe,AZ,85284,4809405422,2008-05-29,Not stated in NPPES — call to verify,CMS NPPES via Affine
1114814621,"Dr. Cole Larimer, Dmd",Dental,General Practice,,Tempe,AZ,85283,9527157447,2025-06-18,Not stated in NPPES — call to verify,CMS NPPES via Affine
1053531483,"Dr. Colleen Huber, Nmd",Other care,,"1250 E BASELINE RD, SUITE 205",Tempe,AZ,85283,4808392800,2025-07-16,Not stated in NPPES — call to verify,CMS NPPES via Affine
1013930437,"Dr. Connie S. Pyburn Ph.D Pllc, Ph. D.",Behavioral health,,"6625 S RURAL RD, STE 101",Tempe,AZ,85283,4805775044,2017-05-10,Not stated in NPPES — call to verify,CMS NPPES via Affine
1912386137,"Dr. Corey Skubisz, N.M.D",Other care,,"2600 E SOUTHERN AVE, SUITE G",Tempe,AZ,85282,4804548611,2016-11-16,Not stated in NPPES — call to verify,CMS NPPES via Affine
1336643311,"Dr. Cory Robert Wilson, D.C.",Other care,,,Tempe,AZ,85284,4806649443,2018-10-04,Not stated in NPPES — call to verify,CMS NPPES via Affine
1730308966,"Dr. Courtney Elyson Cronin, Nmd",Other care,,,Tempe,AZ,85284,4803615188,2017-11-16,Not stated in NPPES — call to verify,CMS NPPES via Affine
1144458811,"Dr. Cristina Maria Ramirez, M.D.",Other care,Anatomic Pathology & Clinical Pathology,,Tempe,AZ,85281,6026855211,2013-08-15,Not stated in NPPES — call to verify,CMS NPPES via Affine
1588041057,"Dr. Cristina Pecci, D.O.",Clinic / primary care,Cardiovascular Disease,,Tempe,AZ,85281,6022340004,2023-02-22,Not stated in NPPES — call to verify,CMS NPPES via Affine
1710407929,"Dr. Crystal Calina Williams, Nd",Other care,,,Tempe,AZ,85282,2257739906,2017-06-20,Not stated in NPPES — call to verify,CMS NPPES via Affine
1598136087,"Dr. Cynthia Hayes-Marcoff, Nmd",Other care,,,Tempe,AZ,85282,4805843224,2021-09-15,Not stated in NPPES — call to verify,CMS NPPES via Affine
1326689993,"Dr. Daisey Mariette L Anglow, Nd",Other care,,,Tempe,AZ,85282,3153958535,2019-10-03,Not stated in NPPES — call to verify,CMS NPPES via Affine
1568536084,Dr. Dale D. Lentz,Dental,Oral and Maxillofacial Surgery,,Tempe,AZ,85283,4808385675,2020-08-22,Not stated in NPPES — call to verify,CMS NPPES via Affine
1366499394,"Dr. Dale D. Lentz, D.D.S.",Dental,Oral and Maxillofacial Surgery,,Tempe,AZ,85283,4808385675,2026-07-13,Not stated in NPPES — call to verify,CMS NPPES via Affine
1558450882,"Dr. Daniel A Downs, D.D.S.",Dental,General Practice,"1842 E BASELINE RD, STE B1",Tempe,AZ,85283,4808201400,2007-07-08,Not stated in NPPES — call to verify,CMS NPPES via Affine
1881968857,"Dr. Daniel Aaron Jacobs, M.D.",Other care,,,Tempe,AZ,85282,4804252160,2022-12-12,Not stated in NPPES — call to verify,CMS NPPES via Affine
1619691722,"Dr. Daniel E Clark, Nd",Other care,,,Tempe,AZ,85284,4805579095,2024-10-16,Not stated in NPPES — call to verify,CMS NPPES via Affine
1194946350,"Dr. Daniel Frank Lux, Ph.D.",Behavioral health,School,"1730 S MILL AVE, TEMPE HIGH SCHOOL",Tempe,AZ,85281,4807364139,2007-07-08,Not stated in NPPES — call to verify,CMS NPPES via Affine
1942081229,"Dr. Daniel J Conway, Nmd",Other care,,,Tempe,AZ,85281,2245481423,2023-10-11,Not stated in NPPES — call to verify,CMS NPPES via Affine
1427297464,"Dr. Daniel J Lyu, Dds",Dental,General Practice,,Tempe,AZ,85284,4808128088,2021-04-07,Not stated in NPPES — call to verify,CMS NPPES via Affine
1164701751,"Dr. Daniel R Gross, Psy.D.",Behavioral health,,"1155 W GROVE PKWY, APT. 329",Tempe,AZ,85283,8005774701,2015-09-18,Not stated in NPPES — call to verify,CMS NPPES via Affine
1235118753,"Dr. Daniel Saunders, Dpm",Other care,,"3231 S COUNTRY CLUB WAY, STE 108",Tempe,AZ,85282,4808310700,2025-04-07,Not stated in NPPES — call to verify,CMS NPPES via Affine
1891914685,"Dr. Darren Wong, Pharmd",Pharmacy,,"7333 S HARDY DR, SUITE 102",Tempe,AZ,85283,6024775500,2008-08-06,Not stated in NPPES — call to verify,CMS NPPES via Affine
1285650606,"Dr. Darryl Joe Hornback, D.C.",Other care,,"7581 S WILLOW DR, SUITE 110",Tempe,AZ,85283,4807305154,2007-07-09,Not stated in NPPES — call to verify,CMS NPPES via Affine
1720183882,"Dr. David Andrew Campbell, D.C.",Other care,,"7420 S RURAL RD, SUITE B6",Tempe,AZ,85283,4808312870,2017-07-31,Not stated in NPPES — call to verify,CMS NPPES via Affine
1386643567,"Dr. David B Mendelson, Do",Other care,,,Tempe,AZ,85281,4808945550,2020-08-10,Not stated in NPPES — call to verify,CMS NPPES via Affine
1992091185,"Dr. David Christopher Arresh Darbandi, Pharm.D.",Pharmacy,,"1800 E RIO SALADO PKWY, T2176",Tempe,AZ,85281,4802142668,2011-06-26,Not stated in NPPES — call to verify,CMS NPPES via Affine
1982855839,"Dr. David Gaspar Barela, D.D.S.",Dental,General Practice,,Tempe,AZ,85284,4803452165,2015-03-17,Not stated in NPPES — call to verify,CMS NPPES via Affine
1124052584,"Dr. David Michael Merchant, D.C.",Other care,,,Tempe,AZ,85282,4808200999,2007-07-08,Not stated in NPPES — call to verify,CMS NPPES via Affine
1952593857,"Dr. David Richardson Whitlock, Dds",Dental,General Practice,"2072 E SOUTHERN AVE, SUITE A102",Tempe,AZ,85282,4806995093,2011-02-16,Not stated in NPPES — call to verify,CMS NPPES via Affine
1073665139,"Dr. David Roger Young, Ed.D.",Behavioral health,,"4801 S LAKESHORE DR, SUITE 206",Tempe,AZ,85282,4803457755,2007-07-08,Not stated in NPPES — call to verify,CMS NPPES via Affine
1528052461,"Dr. David Scott Carter, D.D.S.",Dental,General Practice,"1050 E SOUTHERN AVE, SUITE 8",Tempe,AZ,85282,4809678763,2007-07-08,Not stated in NPPES — call to verify,CMS NPPES via Affine
1447322706,"Dr. David William Griesedieck, Dc",Other care,,"2421 E SOUTHERN AVE, SUITE #5",Tempe,AZ,85282,4808203212,2007-07-08,Not stated in NPPES — call to verify,CMS NPPES via Affine
1174559934,"Dr. Dean Earl Burchenson, D.C.",Other care,,"5005 S ASH AVE, STE A-1",Tempe,AZ,85282,4807508900,2016-06-08,Not stated in NPPES — call to verify,CMS NPPES via Affine
1528210895,"Dr. Deanna L. Woeller, N.M.D.",Other care,,,Tempe,AZ,85282,4809685673,2022-08-23,Not stated in NPPES — call to verify,CMS NPPES via Affine
1144310541,"Dr. Debra K Venkatesh, Au.D.",Other care,Assistive Technology Practitioner,"2501 E SOUTHERN AVE, SUITE 21",Tempe,AZ,85282,4808334330,2007-07-08,Not stated in NPPES — call to verify,CMS NPPES via Affine
1457911380,"Dr. Dejan Ubiparipovic, Pharm.D.",Pharmacy,,,Tempe,AZ,85284,8008413044,2023-01-31,Not stated in NPPES — call to verify,CMS NPPES via Affine
1013902451,"Dr. Delaine A. Anthony, Dmd",Dental,General Practice,"2181 E WARNER RD, #104",Tempe,AZ,85284,4808128088,2015-12-28,Not stated in NPPES — call to verify,CMS NPPES via Affine
1134191042,"Dr. Delphis C Richardson, M.D.",Other care,,"6301 S MCCLINTOCK DR, #101",Tempe,AZ,85283,4802142300,2007-07-08,Not stated in NPPES — call to verify,CMS NPPES via Affine
1760684690,"Dr. Denette King, N.M.D.",Other care,,,Tempe,AZ,85282,4804634006,2014-10-22,Not stated in NPPES — call to verify,CMS NPPES via Affine
1558406629,"Dr. Dennis J Burns, Ed.D.",Behavioral health,,,Tempe,AZ,85283,6025749323,2015-07-08,Not stated in NPPES — call to verify,CMS NPPES via Affine
1982917092,"Dr. Derek Commodore Perry, Pharmd.",Pharmacy,,,Tempe,AZ,85283,6024382807,2010-07-17,Not stated in NPPES — call to verify,CMS NPPES via Affine
1316508708,"Dr. Derek Michael Phelps, Od",Other care,,,Tempe,AZ,85281,4804802020,2025-03-20,Not stated in NPPES — call to verify,CMS NPPES via Affine
1780102442,"Dr. Desislava Payne, Pharmd",Pharmacy,,,Tempe,AZ,85282,4809662791,2022-11-07,Not stated in NPPES — call to verify,CMS NPPES via Affine
1538665021,"Dr. Devin Rollender, Do",Clinic / primary care,,,Tempe,AZ,85282,4805366830,2021-08-16,Not stated in NPPES — call to verify,CMS NPPES via Affine
1730459652,"Dr. Diana Lynn Buehler, N.D.",Other care,,,Tempe,AZ,85281,4802427518,2012-01-09,Not stated in NPPES — call to verify,CMS NPPES via Affine
1013099738,"Dr. Dilip K Bobra, M.D.",Other care,Vascular Surgery,"2055 EAST SOUTHERN AVENUE, SUITE A",Tempe,AZ,85282,4806106602,2010-10-27,Not stated in NPPES — call to verify,CMS NPPES via Affine
1548472798,"Dr. Dirk Michael Donovan, Dmd, Msd",Dental,Periodontics,,Tempe,AZ,85283,4807566522,2007-07-08,Not stated in NPPES — call to verify,CMS NPPES via Affine
1205909645,"Dr. Donald Lee Nelson, Dr",Other care,,,Tempe,AZ,85282,4809661635,2007-07-08,Not stated in NPPES — call to verify,CMS NPPES via Affine
1811937725,"Dr. Donald Nicholas Morrison, Md",Other care,,"6301 S MCCLINTOCK DR, STE 115",Tempe,AZ,85283,4808606455,2017-04-26,Not stated in NPPES — call to verify,CMS NPPES via Affine
1164484499,"Dr. Doyle D. Holle, O.D.",Other care,,"4015 S MCCLINTOCK DR, SUITE 107",Tempe,AZ,85282,4803450090,2024-07-17,Not stated in NPPES — call to verify,CMS NPPES via Affine
1427839703,"Dr. Dylan Ryan Richard, Phd",Behavioral health,Counseling,,Tempe,AZ,85281,3376921618,2023-10-11,Not stated in NPPES — call to verify,CMS NPPES via Affine
1184731523,"Dr. Eduardo Salcido Alcantar Sr., M.D,.",Clinic / primary care,,,Tempe,AZ,85282,4809689890,2011-03-28,Not stated in NPPES — call to verify,CMS NPPES via Affine
1184762593,"Dr. Edward A Traum, D.C.",Other care,,,Tempe,AZ,85282,4804563703,2012-11-09,Not stated in NPPES — call to verify,CMS NPPES via Affine
1205837861,"Dr. Edward D Szmuc, M.D.",Other care,,,Tempe,AZ,85283,4808206657,2018-09-05,Not stated in NPPES — call to verify,CMS NPPES via Affine
1730265448,"Dr. Edward Mark Mazer, Dds",Dental,Periodontics,,Tempe,AZ,85283,4807301857,2007-07-08,Not stated in NPPES — call to verify,CMS NPPES via Affine
1831262278,"Dr. Edward Scott Connell, Dmd",Dental,General Practice,,Tempe,AZ,85284,4808997996,2018-08-14,Not stated in NPPES — call to verify,CMS NPPES via Affine
1134113897,"Dr. Edward Taxin, Do",Clinic / primary care,,"1492 SOUTH MILL AVENUE, SUITE 312",Tempe,AZ,85281,6022437277,2015-07-28,Not stated in NPPES — call to verify,CMS NPPES via Affine
1235653809,"Dr. Elaine C Kozula, Nmd",Other care,,,Tempe,AZ,85281,4807493337,2017-07-26,Not stated in NPPES — call to verify,CMS NPPES via Affine
1649320128,"Dr. Elena Lemberg Meloul, N.D., M.D.",Other care,,,Tempe,AZ,85282,4809856001,2025-09-11,Not stated in NPPES — call to verify,CMS NPPES via Affine
1558898775,"Dr. Elizabeth Capps-Conkle, Psy.D.",Behavioral health,,,Tempe,AZ,85283,4809213314,2017-05-18,Not stated in NPPES — call to verify,CMS NPPES via Affine
1861405573,"Dr. Emil Leslie Pospisil Sr., Dds",Dental,General Practice,"2076 E. SOUTHERN AVE, C101",Tempe,AZ,85282,4808383315,2007-07-08,Not stated in NPPES — call to verify,CMS NPPES via Affine
1396158408,"Dr. Emily Miller, Np",Clinic / primary care,Adult Health,,Tempe,AZ,85282,6236248280,2025-02-04,Not stated in NPPES — call to verify,CMS NPPES via Affine
1851860316,"Dr. Emmanuel Marseille, Csa, Md, Pa",Clinic / primary care,,,Tempe,AZ,85282,4808516309,2026-01-31,Not stated in NPPES — call to verify,CMS NPPES via Affine
1821782301,"Dr. Enrique Contreras Duarte, Md",Clinic / primary care,,,Tempe,AZ,85283,6022768577,2023-06-07,Not stated in NPPES — call to verify,CMS NPPES via Affine
1598804510,"Dr. Enrique M Cifuentes, Jr., Md",Clinic / primary care,,"2727 W BASELINE RD, SUITE 8",Tempe,AZ,85283,6023230904,2014-12-05,Not stated in NPPES — call to verify,CMS NPPES via Affine
1528286200,"Dr. Eric Udell, N.D.",Other care,,,Tempe,AZ,85283,4804560402,2007-07-08,Not stated in NPPES — call to verify,CMS NPPES via Affine
1851685309,"Dr. Erica Flores, Md",Clinic / primary care,Cardiovascular Disease,,Tempe,AZ,85282,4808784077,2025-01-21,Not stated in NPPES — call to verify,CMS NPPES via Affine
1568003598,"Dr. Erik Nelson, Nmd",Other care,,,Tempe,AZ,85282,4805847530,2019-10-01,Not stated in NPPES — call to verify,CMS NPPES via Affine
1063066496,"Dr. Estrella Marina Sandoval-Becker, Nmd",Clinic / primary care,,,Tempe,AZ,85283,4803304818,2022-07-28,Not stated in NPPES — call to verify,CMS NPPES via Affine
1700360906,"Dr. Faith E Coats, Nd",Other care,,,Tempe,AZ,85282,5307361643,2018-09-24,Not stated in NPPES — call to verify,CMS NPPES via Affine
1508942608,"Dr. Faye-Susan Swan, N.D.",Other care,,"2435 E SOUTHERN AVE, SUITE 8",Tempe,AZ,85282,4808200911,2025-09-11,Not stated in NPPES — call to verify,CMS NPPES via Affine
1285801019,Dr. Feras Aldaoud,Clinic / primary care,,,Tempe,AZ,85282,4807180568,2020-03-19,Not stated in NPPES — call to verify,CMS NPPES via Affine
1881171437,"Dr. Feras Z Ziadat, Dmd",Dental,,,Tempe,AZ,85284,4803457413,2020-03-11,Not stated in NPPES — call to verify,CMS NPPES via Affine
1801510276,"Dr. Francisco Pelayo, Md",Clinic / primary care,,,Tempe,AZ,85283,6023230904,2022-09-29,Not stated in NPPES — call to verify,CMS NPPES via Affine
1821775727,"Dr. Frank Dillon, Phd",Behavioral health,Counseling,,Tempe,AZ,85281,4806224721,2023-07-03,Not stated in NPPES — call to verify,CMS NPPES via Affine
1164778627,"Dr. Frank Louis Didea Ii, D.M.M",Dental,General Practice,"7350 S MCCLINTOCK DR, SUITE 102",Tempe,AZ,85283,4808319874,2012-08-01,Not stated in NPPES — call to verify,CMS NPPES via Affine
1174749030,"Dr. Fred Marc Rotstein, Dds",Dental,General Practice,,Tempe,AZ,85281,4809688711,2007-07-08,Not stated in NPPES — call to verify,CMS NPPES via Affine
1790833135,"Dr. Frederick T Wood, D.D.S.",Dental,General Practice,"6200 S MCCLINTOCK DR, SUITE 1",Tempe,AZ,85283,4808390433,2007-07-08,Not stated in NPPES — call to verify,CMS NPPES via Affine
1811184864,"Dr. Gail Seiler Belus, Au.D.",Other care,,"975 S. MYRTLE AVENUE, SUITE 2211",Tempe,AZ,85281,4807270640,2007-10-03,Not stated in NPPES — call to verify,CMS NPPES via Affine
1366850349,"Dr. Garrett Coffee, Pharmd, Mba",Pharmacy,,,Tempe,AZ,85282,4808383642,2014-07-23,Not stated in NPPES — call to verify,CMS NPPES via Affine
1033444070,"Dr. Gary Louis Busenkell, M.D.",Other care,,,Tempe,AZ,85284,4808391662,2009-10-08,Not stated in NPPES — call to verify,CMS NPPES via Affine
1851119796,"Dr. Gene Edward Scott Ii Ii, M.D., D.O., Psycholo",Behavioral health,,"4839 SOUTH DARROW DRIVE, #G258",Tempe,AZ,85282,4802036728,2024-09-30,Not stated in NPPES — call to verify,CMS NPPES via Affine
1205205457,"Dr. George Paul, O.D.",Other care,,,Tempe,AZ,85283,4809674910,2023-11-15,Not stated in NPPES — call to verify,CMS NPPES via Affine
1972827178,"Dr. Gina Marie Tizio, N.M.D.",Other care,,,Tempe,AZ,85282,4803576275,2026-08-31,Not stated in NPPES — call to verify,CMS NPPES via Affine
1265495832,"Dr. Gordon Jeffrey Hall, D.M.D.",Dental,General Practice,"7350 S MCCLINTOCK DR, SUITE 105",Tempe,AZ,85283,4803450991,2007-07-08,Not stated in NPPES — call to verify,CMS NPPES via Affine
1841856598,"Dr. Gregg Tidrick, Dnp",Other care,,,Tempe,AZ,85282,4808209141,2019-06-11,Not stated in NPPES — call to verify,CMS NPPES via Affine
1235136946,"Dr. Gregory Katsaros, D.C.",Other care,,"1050 E SOUTHERN AVE, STE 7",Tempe,AZ,85282,4808581868,2016-03-11,Not stated in NPPES — call to verify,CMS NPPES via Affine
1184622953,"Dr. Gregory Louis Teneyck, D.D.S.",Dental,General Practice,"2233 W BASELINE RD, SUITE 104",Tempe,AZ,85283,6024389245,2007-07-08,Not stated in NPPES — call to verify,CMS NPPES via Affine
1003327206,"Dr. Guillermo Ruiz, Nmd",Other care,,,Tempe,AZ,85282,4077378269,2023-04-04,Not stated in NPPES — call to verify,CMS NPPES via Affine
1144280249,"Dr. H Randall Craig, M.D.",Other care,Reproductive Endocrinology,"2155 E CONFERENCE DR, SUITE 115",Tempe,AZ,85284,4808312445,2023-10-31,Not stated in NPPES — call to verify,CMS NPPES via Affine
1750346995,"Dr. Hai Quoc Trang, Dds",Dental,General Practice,"1761 E WARNER RD, STE #A-14",Tempe,AZ,85284,4807553320,2007-07-08,Not stated in NPPES — call to verify,CMS NPPES via Affine
1881460608,"Dr. Hamzeh Alsmadi, Md",Other care,,,Tempe,AZ,85282,3412317635,2023-12-01,Not stated in NPPES — call to verify,CMS NPPES via Affine
1427636885,"Dr. Hannah Katelyn Schroeder, Nd",Other care,,,Tempe,AZ,85282,4809700000,2021-03-29,Not stated in NPPES — call to verify,CMS NPPES via Affine
1659712404,"Dr. Hazem Abawi, Pharmd",Pharmacy,,,Tempe,AZ,85284,4807525320,2013-07-09,Not stated in NPPES — call to verify,CMS NPPES via Affine
1174851430,"Dr. Heather Anne Paulson, N.D.",Other care,,"1250 E BASELINE RD, SUITE 104",Tempe,AZ,85283,4804560402,2012-01-04,Not stated in NPPES — call to verify,CMS NPPES via Affine
1124280953,"Dr. Heather Hensley, D.O.",Other care,,,Tempe,AZ,85282,4808308333,2024-12-27,Not stated in NPPES — call to verify,CMS NPPES via Affine
1497801781,"Dr. Heidi Elaine Wyman, Phd",Behavioral health,,"1232 E BROADWAY RD, STE 120",Tempe,AZ,85282,4807841514,2007-07-08,Not stated in NPPES — call to verify,CMS NPPES via Affine
1700039328,"Dr. Henele E'ale Iii, Nd",Other care,,"209 E BASELINE RD, SUITE E-102",Tempe,AZ,85283,4802848155,2009-02-20,Not stated in NPPES — call to verify,CMS NPPES via Affine
1700191947,"Dr. Hermina Deepika Fernandes, Mbbs, Facp",Clinic / primary care,Hematology & Oncology,,Tempe,AZ,85284,4802561664,2022-05-20,Not stated in NPPES — call to verify,CMS NPPES via Affine
1942703418,Dr. Holli Bruce,Pharmacy,,,Tempe,AZ,85282,4802401111,2018-03-12,Not stated in NPPES — call to verify,CMS NPPES via Affine
1770633869,"Dr. Hugo Alberto Tapia, Ph.D.",Behavioral health,School,,Tempe,AZ,85283,4807767509,2007-07-26,Not stated in NPPES — call to verify,CMS NPPES via Affine
1316904402,"Dr. Hwa Ing Kang, M.D.",Other care,Psychiatry,,Tempe,AZ,85281,4809295100,2016-12-08,Not stated in NPPES — call to verify,CMS NPPES via Affine
1780707463,"Dr. Hyrum Gregory Hatch, D.D.S",Dental,,"7350 S MCCLINTOCK DR, # 103",Tempe,AZ,85283,4808383073,2007-07-08,Not stated in NPPES — call to verify,CMS NPPES via Affine
1518796887,"Dr. Ioannis Solos, Lac",Other care,,,Tempe,AZ,85284,4808533600,2024-07-26,Not stated in NPPES — call to verify,CMS NPPES via Affine
1780798173,"Dr. Jacqueline Bardwell, Md",Clinic / primary care,,,Tempe,AZ,85282,4809687200,2014-08-27,Not stated in NPPES — call to verify,CMS NPPES via Affine
1316376312,"Dr. Jacqueline Leone, N.M.D.",Other care,,,Tempe,AZ,85282,6027306160,2013-11-11,Not stated in NPPES — call to verify,CMS NPPES via Affine
1194051953,"Dr. Jaime Lawless, Pharmd",Pharmacy,,,Tempe,AZ,85282,4808291857,2010-11-12,Not stated in NPPES — call to verify,CMS NPPES via Affine
1568799575,"Dr. James Bueno, Pharmd",Pharmacy,,,Tempe,AZ,85284,4804879515,2018-10-16,Not stated in NPPES — call to verify,CMS NPPES via Affine
1700904661,"Dr. James C Price, Dds",Dental,,"1455 E GUADALUPE RD, #1",Tempe,AZ,85283,4808316440,2007-07-08,Not stated in NPPES — call to verify,CMS NPPES via Affine
1780768796,"Dr. James Charles Martell, D.C.",Other care,,"2169 E WARNER RD, #101",Tempe,AZ,85284,4808316116,2007-07-08,Not stated in NPPES — call to verify,CMS NPPES via Affine
1962137588,"Dr. James Chavez, Otd",Other care,,,Tempe,AZ,85284,4803744341,2022-07-18,Not stated in NPPES — call to verify,CMS NPPES via Affine
1851510739,"Dr. Jami Kupperman, N.D.",Other care,,,Tempe,AZ,85282,4808297829,2022-08-19,Not stated in NPPES — call to verify,CMS NPPES via Affine
1497720486,"Dr. Jane Lyndall Jones, Md",Other care,,"4450 S RURAL RD, C-216",Tempe,AZ,85282,4808203188,2012-11-30,Not stated in NPPES — call to verify,CMS NPPES via Affine
1891875696,"Dr. Janet C. Falgout, Ph.D.",Behavioral health,,,Tempe,AZ,85282,4808605767,2021-01-04,Not stated in NPPES — call to verify,CMS NPPES via Affine
1205983566,"Dr. Janet Marie Judge, D.C.",Other care,,"1950 E SOUTHERN AVE, SUITE 104",Tempe,AZ,85282,4807306514,2016-08-31,Not stated in NPPES — call to verify,CMS NPPES via Affine
1851385801,"Dr. Janet R. Messer, Ph.D.",Behavioral health,Counseling,"4659 S LAKESHORE DR, SUITE G",Tempe,AZ,85282,4804493313,2007-07-08,Not stated in NPPES — call to verify,CMS NPPES via Affine
1194961946,"Dr. Janine Roumain, Md, Mph",Other care,Public Health & General Preventive Medicine,,Tempe,AZ,85283,4808392212,2008-12-29,Not stated in NPPES — call to verify,CMS NPPES via Affine
1043547797,"Dr. Jared M Nesbit, Dds",Dental,General Practice,"7350 S MCCLINTOCK DR, SUITE 102",Tempe,AZ,85283,4808319874,2009-11-17,Not stated in NPPES — call to verify,CMS NPPES via Affine
1154513729,"Dr. Jared Slovan, Dmd",Dental,,"4427 S RURAL RD, SUITE 2",Tempe,AZ,85282,4808972274,2016-03-03,Not stated in NPPES — call to verify,CMS NPPES via Affine
1770706632,"Dr. Jasgit C Sachdev, M.D.",Clinic / primary care,Hematology & Oncology,,Tempe,AZ,85283,9016056652,2011-06-14,Not stated in NPPES — call to verify,CMS NPPES via Affine
1861513509,"Dr. Jasjeet Singh Somal, Md",Other care,,,Tempe,AZ,85282,4804252160,2024-10-10,Not stated in NPPES — call to verify,CMS NPPES via Affine
1992010250,"Dr. Jason B Nelson, Dds",Dental,General Practice,"2074 E SOUTHERN AVE, B102",Tempe,AZ,85282,4808383355,2010-08-11,Not stated in NPPES — call to verify,CMS NPPES via Affine
1700854296,"Dr. Jason C Datta, Md",Other care,Orthopaedic Surgery of the Spine,,Tempe,AZ,85281,4809620071,2019-02-04,Not stated in NPPES — call to verify,CMS NPPES via Affine
1932506441,"Dr. Jason L Allen, Nmd",Other care,,,Tempe,AZ,85282,4809700000,2014-11-26,Not stated in NPPES — call to verify,CMS NPPES via Affine
1063781797,"Dr. Jason Pernell Heavens, Md",Clinic / primary care,,,Tempe,AZ,85282,6234442734,2025-11-13,Not stated in NPPES — call to verify,CMS NPPES via Affine
1083668222,"Dr. Jatinder Singh Somal, M.D.",Other care,,,Tempe,AZ,85282,4804252160,2022-11-30,Not stated in NPPES — call to verify,CMS NPPES via Affine
1043424310,"Dr. Jayashree Srinivasan, Dmd",Dental,General Practice,,Tempe,AZ,85283,4808381044,2022-06-08,Not stated in NPPES — call to verify,CMS NPPES via Affine
1598903155,"Dr. Jean C Brown, Ph.D",Other care,,,Tempe,AZ,85281,4809659395,2009-02-04,Not stated in NPPES — call to verify,CMS NPPES via Affine
1548740483,"Dr. Jeffrey Arthur Mathews, Dds",Dental,General Practice,,Tempe,AZ,85283,4808317775,2018-08-20,Not stated in NPPES — call to verify,CMS NPPES via Affine
1497388433,"Dr. Jeffrey Louis Tinius, Phd",Behavioral health,Cognitive & Behavioral,,Tempe,AZ,85282,4802617130,2020-02-18,Not stated in NPPES — call to verify,CMS NPPES via Affine
1134278468,"Dr. Jeffrey W Gaver, Md",Clinic / primary care,,,Tempe,AZ,85281,4809653346,2019-08-28,Not stated in NPPES — call to verify,CMS NPPES via Affine
1992163026,"Dr. Jeffry T Lee, M.D.",Other care,,,Tempe,AZ,85284,4805101489,2016-02-03,Not stated in NPPES — call to verify,CMS NPPES via Affine
1144703786,"Dr. Jena L Donley, Pharmd, Rph",Pharmacy,,,Tempe,AZ,85281,4809666271,2018-09-10,Not stated in NPPES — call to verify,CMS NPPES via Affine
1558312694,"Dr. Jennie E Nelson, Dc",Other care,,,Tempe,AZ,85282,4809662258,2022-01-10,Not stated in NPPES — call to verify,CMS NPPES via Affine
1225496060,"Dr. Jennifer Ann Muhammad, Dnp, Fnp-C, Pmhnp-Bc",Clinic / primary care,Family,,Tempe,AZ,85282,5204771815,2023-09-18,Not stated in NPPES — call to verify,CMS NPPES via Affine
1598041295,"Dr. Jennifer H. Konkle, D.D.S.",Dental,General Practice,"7350 S MCCLINTOCK DR, SUITE 103",Tempe,AZ,85283,4808383073,2012-05-08,Not stated in NPPES — call to verify,CMS NPPES via Affine
1689288946,"Dr. Jennifer Holzapfel, Ph.D.",Behavioral health,Counseling,,Tempe,AZ,85281,4809655067,2021-02-05,Not stated in NPPES — call to verify,CMS NPPES via Affine
1386765550,"Dr. Jennifer Kay Bradley, Psy.D.",Behavioral health,Clinical,"4500 S LAKESHORE DR, STE 300",Tempe,AZ,85282,4803792489,2016-06-30,Not stated in NPPES — call to verify,CMS NPPES via Affine
1568895415,"Dr. Jennifer Thu Winthers, Do",Clinic / primary care,,,Tempe,AZ,85281,4808707500,2024-09-17,Not stated in NPPES — call to verify,CMS NPPES via Affine
1134331390,"Dr. Jeremy A. Short, Pharmd",Pharmacy,,"51 WEST 3RD STREET, SUITE 501",Tempe,AZ,85281,4803176780,2007-07-08,Not stated in NPPES — call to verify,CMS NPPES via Affine
1265936140,"Dr. Jesse Alexander Fox, Dc",Other care,,,Tempe,AZ,85282,4808299593,2018-03-23,Not stated in NPPES — call to verify,CMS NPPES via Affine
1992884720,"Dr. Jessica Kate Anderson, N.M.D.",Other care,,"4440 S RURAL RD, BUILDING F, 2ND FLOOR",Tempe,AZ,85282,4808837240,2007-07-08,Not stated in NPPES — call to verify,CMS NPPES via Affine
1720219488,"Dr. Jessica Michele Lesher, Dpt",Other care,,"1221 W WARNER RD, SUITE 102",Tempe,AZ,85284,4807350124,2009-07-29,Not stated in NPPES — call to verify,CMS NPPES via Affine
1235770306,"Dr. Jessica Sue Harper, Nmd",Other care,,,Tempe,AZ,85284,4805579095,2025-04-15,Not stated in NPPES — call to verify,CMS NPPES via Affine
1366741233,"Dr. Joann Fawcett, D.C.",Other care,,,Tempe,AZ,85282,4803195455,2011-03-18,Not stated in NPPES — call to verify,CMS NPPES via Affine
1316092497,"Dr. Joanne Feaster, N.M.D.",Other care,,,Tempe,AZ,85282,4806198662,2020-11-30,Not stated in NPPES — call to verify,CMS NPPES via Affine
1134359474,"Dr. Joel Edwin Tiffany, Dmd",Dental,,,Tempe,AZ,85283,4807775570,2026-09-10,Not stated in NPPES — call to verify,CMS NPPES via Affine
1902448673,"Dr. Johanne Alonso Gerstel, Nmd",Other care,,,Tempe,AZ,85282,4805843224,2021-03-17,Not stated in NPPES — call to verify,CMS NPPES via Affine
1770755068,"Dr. John A Dana, Dds",Dental,General Practice,"2084 E SOUTHERN AVENUE, SUITE G103",Tempe,AZ,85282,4808383050,2008-03-27,Not stated in NPPES — call to verify,CMS NPPES via Affine
1700066792,"Dr. John Balles, Ph.D.",Behavioral health,School,,Tempe,AZ,85283,4807528786,2007-11-07,Not stated in NPPES — call to verify,CMS NPPES via Affine
1093025553,"Dr. John D Williamson, Nmd",Other care,,,Tempe,AZ,85282,4805253701,2012-08-29,Not stated in NPPES — call to verify,CMS NPPES via Affine
1023090099,"Dr. John Dawson Mason, Md",Other care,,,Tempe,AZ,85281,4807845533,2019-04-18,Not stated in NPPES — call to verify,CMS NPPES via Affine
1174525448,"Dr. John Grant Fletcher, D.M.D.",Dental,General Practice,"2600 E SOUTHERN AVE, STE B1",Tempe,AZ,85282,4808394550,2015-01-12,Not stated in NPPES — call to verify,CMS NPPES via Affine
1366467094,"Dr. John Henry Stock, Md",Other care,Pediatric Cardiology,"7505 S MCCLINTOCK DR, SUITE 103",Tempe,AZ,85283,4807551000,2017-05-03,Not stated in NPPES — call to verify,CMS NPPES via Affine
1972325645,"Dr. John Huebner, Nd",Other care,,,Tempe,AZ,85281,3202872175,2024-10-24,Not stated in NPPES — call to verify,CMS NPPES via Affine
1679973671,"Dr. John Joseph Mchale Iv, Pharmd",Pharmacy,,,Tempe,AZ,85281,4802960222,2020-07-23,Not stated in NPPES — call to verify,CMS NPPES via Affine
1598704389,"Dr. John M Roskos Jr., Dmd",Dental,,"7350 S MCCLINTOCK DR, SUITE 104",Tempe,AZ,85283,4808383233,2026-07-13,Not stated in NPPES — call to verify,CMS NPPES via Affine
1114423662,"Dr. John Nathan Oechsner, Pharmd",Pharmacy,,,Tempe,AZ,85284,4803458686,2018-04-03,Not stated in NPPES — call to verify,CMS NPPES via Affine
1366907602,"Dr. John Paulo Batucan Bautista, Dnp, Aprn, Agacnp-Bc",Clinic / primary care,Acute Care,,Tempe,AZ,85282,4807043700,2022-10-27,Not stated in NPPES — call to verify,CMS NPPES via Affine
1417147141,"Dr. Jon A. Konti, M.D.",Other care,,,Tempe,AZ,85281,4804802020,2024-12-27,Not stated in NPPES — call to verify,CMS NPPES via Affine
1528061421,"Dr. Jon M. Delsnyder, Dds, Ms",Dental,,,Tempe,AZ,85283,6023469775,2020-09-05,Not stated in NPPES — call to verify,CMS NPPES via Affine
1285161042,"Dr. Jonathan Edward Helman, Dnp, Rn, Fnp-C",Clinic / primary care,Family,,Tempe,AZ,85282,6024750675,2023-10-10,Not stated in NPPES — call to verify,CMS NPPES via Affine
1891750311,"Dr. Jonathan James Levine, Dc, Therapy Provider",Other care,,"3330 S PRICE RD, SUITE D-110",Tempe,AZ,85282,4803452080,2012-06-27,Not stated in NPPES — call to verify,CMS NPPES via Affine
1801155585,"Dr. Jonathan Scott Kaplan, Do",Other care,,,Tempe,AZ,85282,4804252160,2026-07-23,Not stated in NPPES — call to verify,CMS NPPES via Affine
1720450489,"Dr. Jordan Tennant, D.C.",Other care,,,Tempe,AZ,85283,4808398552,2016-07-05,Not stated in NPPES — call to verify,CMS NPPES via Affine
1114348653,"Dr. Jorge Lopez, Nmd",Other care,,,Tempe,AZ,85282,6024927127,2025-02-15,Not stated in NPPES — call to verify,CMS NPPES via Affine
1568444875,"Dr. Jose Francisco Carrazco, M.D.",Clinic / primary care,,,Tempe,AZ,85284,4808205525,2024-11-17,Not stated in NPPES — call to verify,CMS NPPES via Affine
1265424584,"Dr. Joseph Alia, D.O.",Clinic / primary care,,"6655 S RURAL RD, SUITE 3",Tempe,AZ,85283,4808310600,2010-11-17,Not stated in NPPES — call to verify,CMS NPPES via Affine
1326295650,"Dr. Joseph Brown, N.M.D.",Other care,,,Tempe,AZ,85282,6024212613,2008-08-18,Not stated in NPPES — call to verify,CMS NPPES via Affine
1336156140,"Dr. Joseph Flake Schnebly, D.C.",Other care,,,Tempe,AZ,85282,4808623023,2007-07-08,Not stated in NPPES — call to verify,CMS NPPES via Affine
1841231388,"Dr. Joseph Gerard Piacentine, Md",Other care,,"6301 S MCCLINTOCK DR, #101",Tempe,AZ,85283,4808316800,2024-11-15,Not stated in NPPES — call to verify,CMS NPPES via Affine
1023086956,"Dr. Joseph M Foley, Md",Other care,Anatomic Pathology & Clinical Pathology,,Tempe,AZ,85281,6026855166,2019-10-01,Not stated in NPPES — call to verify,CMS NPPES via Affine
1245252279,"Dr. Joseph Stanley Reidhead, D.D.S.",Dental,,"2076 E SOUTHERN AVE, SUITE C-103",Tempe,AZ,85282,4808390366,2007-07-08,Not stated in NPPES — call to verify,CMS NPPES via Affine
1407010846,"Dr. Joseph W Patterson, Ph.D.",Behavioral health,,,Tempe,AZ,85282,4803294348,2008-07-15,Not stated in NPPES — call to verify,CMS NPPES via Affine
1952795981,"Dr. Joshua Adams, D.C",Other care,,"1840 E WARNER RD, 124",Tempe,AZ,85284,4804206303,2015-03-27,Not stated in NPPES — call to verify,CMS NPPES via Affine
1174062095,"Dr. Joshua James Heyrend, D.M.D.",Dental,,,Tempe,AZ,85282,4803554131,2021-06-22,Not stated in NPPES — call to verify,CMS NPPES via Affine
1316567613,"Dr. Joshua Pittman, Do",Clinic / primary care,,,Tempe,AZ,85281,4808827380,2025-02-19,Not stated in NPPES — call to verify,CMS NPPES via Affine
1740149822,"Dr. Joshua Riedell, Dpt",Other care,Sports,,Tempe,AZ,85282,4808290217,2026-01-15,Not stated in NPPES — call to verify,CMS NPPES via Affine
1245840263,"Dr. Joshua Steven Kennedy, Pt, Dpt",Other care,,,Tempe,AZ,85282,6025128607,2023-11-30,Not stated in NPPES — call to verify,CMS NPPES via Affine
1881774784,"Dr. Judith Sutter, Ph.D.  Ccc-Slp",Other care,,,Tempe,AZ,85281,4808945574,2007-07-09,Not stated in NPPES — call to verify,CMS NPPES via Affine
1528790904,"Dr. Julianne Kindt, Otd, Otr/L",Other care,,,Tempe,AZ,85281,4803292613,2025-11-04,Not stated in NPPES — call to verify,CMS NPPES via Affine
1891472205,"Dr. Julie Murphy, Nd",Other care,,,Tempe,AZ,85282,2018881329,2023-06-28,Not stated in NPPES — call to verify,CMS NPPES via Affine
1629941844,"Dr. Justin Cole Wilder, Pharmd, Rph, Med",Pharmacy,,,Tempe,AZ,85287,8656806494,2025-09-24,Not stated in NPPES — call to verify,CMS NPPES via Affine
1912072059,"Dr. Justin Edward Brandau, D.C.",Other care,,"4515 S MCCLINTOCK DR, STE 120",Tempe,AZ,85282,4804130586,2012-05-14,Not stated in NPPES — call to verify,CMS NPPES via Affine
1568941953,"Dr. Justin Johnston, Pt, Dpt",Other care,,,Tempe,AZ,85281,4809212273,2018-08-07,Not stated in NPPES — call to verify,CMS NPPES via Affine
1669883807,"Dr. Justin Van Dusen, D.M.D.",Dental,General Practice,,Tempe,AZ,85284,4806746060,2024-08-01,Not stated in NPPES — call to verify,CMS NPPES via Affine
1700493152,"Dr. Kaitlyn Duffy, Nmd",Other care,,,Tempe,AZ,85282,4074027106,2020-09-29,Not stated in NPPES — call to verify,CMS NPPES via Affine
1760631436,"Dr. Kareen Merle O'brien, Nd",Other care,,"975 E ELLIOT RD, STE 106",Tempe,AZ,85284,4806869368,2008-09-17,Not stated in NPPES — call to verify,CMS NPPES via Affine
1518180041,"Dr. Karen Sue Delaney, Ph.D.",Behavioral health,,,Tempe,AZ,85284,4807831685,2025-09-11,Not stated in NPPES — call to verify,CMS NPPES via Affine
1144531278,"Dr. Karen Wenlen Wu, D.M.D.",Dental,General Practice,"2033 E WARNER RD, SUITE 115",Tempe,AZ,85284,4803452165,2010-06-23,Not stated in NPPES — call to verify,CMS NPPES via Affine
1770757585,"Dr. Karissa Greving, Ph.D.",Behavioral health,,"4700 S MILL AVE, SUITE 4",Tempe,AZ,85282,6025778620,2008-04-14,Not stated in NPPES — call to verify,CMS NPPES via Affine
1801846993,"Dr. Katalin H Boleratzky, Md",Other care,,"2421 E SOUTHERN AVE, STE 1",Tempe,AZ,85282,4804252160,2016-02-03,Not stated in NPPES — call to verify,CMS NPPES via Affine
1033322094,"Dr. Katherine K. Wilson, Ph.D.",Behavioral health,,"2101 E BROADWAY RD, SUITE 33",Tempe,AZ,85282,4809668729,2007-07-08,Not stated in NPPES — call to verify,CMS NPPES via Affine
1285921486,"Dr. Kathleen E Peterson, Doctor Of Audiology",Other care,,,Tempe,AZ,85257,4809652373,2011-07-08,Not stated in NPPES — call to verify,CMS NPPES via Affine
1386014702,"Dr. Kathryn Ann Purvis, N.M.D",Other care,,,Tempe,AZ,85282,4809700000,2015-09-28,Not stated in NPPES — call to verify,CMS NPPES via Affine
1710413265,"Dr. Kathryn Rachel Shulman, N.D.",Other care,,"1753 E BROADWAY RD, SUITE 101-212",Tempe,AZ,85282,8023937079,2017-05-03,Not stated in NPPES — call to verify,CMS NPPES via Affine
1043934268,"Dr. Katie Branch, Nmd",Other care,,,Tempe,AZ,85287,4803615188,2025-05-02,Not stated in NPPES — call to verify,CMS NPPES via Affine
1629579172,"Dr. Katie Jo Kroona, Od",Other care,,,Tempe,AZ,85284,4804911078,2018-02-21,Not stated in NPPES — call to verify,CMS NPPES via Affine
1922735521,"Dr. Katie Marie Andrusaitis, Dnp, Aprn, Fnp-Bc",Clinic / primary care,Family,,Tempe,AZ,85281,4808347546,2023-04-06,Not stated in NPPES — call to verify,CMS NPPES via Affine
1568010874,"Dr. Kayla Wright, Dpm",Other care,Foot & Ankle Surgery,,Tempe,AZ,85282,4808310700,2025-04-07,Not stated in NPPES — call to verify,CMS NPPES via Affine
1407259336,"Dr. Kaylee Denae Williamson, N.M.D",Other care,,"3231 S COUNTRY CLUB WAY, SUITE 106",Tempe,AZ,85282,4808205026,2022-06-28,Not stated in NPPES — call to verify,CMS NPPES via Affine
1215259247,"Dr. Keith Lofgreen Whyte, D.C.",Other care,,"512 E SOUTHERN AVE, SUITE B",Tempe,AZ,85282,4808942661,2010-02-17,Not stated in NPPES — call to verify,CMS NPPES via Affine
1912963836,"Dr. Keith Michael Smith, D.C.",Other care,,"4450 S RURAL RD, SUITE 132",Tempe,AZ,85282,4805986367,2013-11-06,Not stated in NPPES — call to verify,CMS NPPES via Affine
1952719429,Dr. Kelli Marie Hahn,Dental,General Practice,,Tempe,AZ,85284,6026470415,2014-07-29,Not stated in NPPES — call to verify,CMS NPPES via Affine
1033548037,"Dr. Kelly Clough, N.M.D.",Other care,,,Tempe,AZ,85282,6027306160,2013-11-11,Not stated in NPPES — call to verify,CMS NPPES via Affine
1912013566,"Dr. Kelly S. Noble, Dds",Dental,General Practice,,Tempe,AZ,85281,4809900873,2007-07-09,Not stated in NPPES — call to verify,CMS NPPES via Affine
1689133472,"Dr. Kelsey Anne Staudinger, Do",Other care,,,Tempe,AZ,85281,6025074468,2025-07-30,Not stated in NPPES — call to verify,CMS NPPES via Affine
1962116236,"Dr. Kemp Douglas Spencer, Dc",Other care,,,Tempe,AZ,85282,4809042583,2023-01-10,Not stated in NPPES — call to verify,CMS NPPES via Affine
1447761606,"Dr. Kendal Kershner, Psy.D.",Behavioral health,Clinical,,Tempe,AZ,85282,4808396264,2017-10-16,Not stated in NPPES — call to verify,CMS NPPES via Affine
1063404200,"Dr. Kenneth James Busch, M.D.",Other care,,,Tempe,AZ,85282,4808311844,2012-12-13,Not stated in NPPES — call to verify,CMS NPPES via Affine
1912224387,"Dr. Kenneth James Lashutka, N.M.D.",Other care,,"1250 E BASELINE RD, SUITE 205",Tempe,AZ,85283,4808392800,2010-04-26,Not stated in NPPES — call to verify,CMS NPPES via Affine
1386618650,"Dr. Kenneth O Anaeme, Md",Clinic / primary care,,,Tempe,AZ,85282,4806254704,2023-03-14,Not stated in NPPES — call to verify,CMS NPPES via Affine
1306922471,"Dr. Kenneth S Thompson, D.D.S.",Dental,,,Tempe,AZ,85283,4808315200,2007-07-08,Not stated in NPPES — call to verify,CMS NPPES via Affine
1912970799,"Dr. Kerry Cooper, M.D.",Clinic / primary care,Nephrology,"2141 E WARNER RD, SUITE 101",Tempe,AZ,85284,4804640189,2009-07-02,Not stated in NPPES — call to verify,CMS NPPES via Affine
1912946278,"Dr. Kevin Jeffrey Land, M.D.",Other care,,,Tempe,AZ,85281,6023437201,2025-09-09,Not stated in NPPES — call to verify,CMS NPPES via Affine
1043293632,"Dr. Kevin Scott Olin, Ph.D.",Behavioral health,Clinical,,Tempe,AZ,85283,4807207488,2020-04-01,Not stated in NPPES — call to verify,CMS NPPES via Affine
1245402775,"Dr. Kevin William Ross, D.C.",Other care,,,Tempe,AZ,85282,4807307950,2008-03-25,Not stated in NPPES — call to verify,CMS NPPES via Affine
1164136438,"Dr. Kiana A Spencer, Dc",Other care,,,Tempe,AZ,85282,4809042583,2023-01-10,Not stated in NPPES — call to verify,CMS NPPES via Affine
1811692437,"Dr. Kiana Rose Ruch, Nd",Other care,,,Tempe,AZ,85284,4802693208,2024-08-16,Not stated in NPPES — call to verify,CMS NPPES via Affine
1265102446,"Dr. Kimberlee Marie Blyden-Taylor, Nd",Other care,,,Tempe,AZ,85282,4809700000,2021-09-17,Not stated in NPPES — call to verify,CMS NPPES via Affine
1306134929,"Dr. Kimberlee Van Wilson, D.O.",Other care,Psychiatry,,Tempe,AZ,85288,7025894871,2026-02-05,Not stated in NPPES — call to verify,CMS NPPES via Affine
1891845731,"Dr. Kimberley Anne June, D C",Other care,Rehabilitation,"414 S MILL AVE, SUITE 109",Tempe,AZ,85281,4808942626,2025-09-11,Not stated in NPPES — call to verify,CMS NPPES via Affine
1811483480,"Dr. Kimberly Ann Cochran, Phd Msn Aprn Pmhnp",Behavioral health,Psychiatric/Mental Health,,Tempe,AZ,85281,6237777551,2024-08-07,Not stated in NPPES — call to verify,CMS NPPES via Affine
1902368376,"Dr. Kimberly Doyle, (Nmd)",Other care,,,Tempe,AZ,85283,4802002732,2019-08-19,Not stated in NPPES — call to verify,CMS NPPES via Affine
1124307061,"Dr. Kimberly Marie Shaw, Pharmd",Pharmacy,,,Tempe,AZ,85284,8009551171,2011-08-09,Not stated in NPPES — call to verify,CMS NPPES via Affine
1760617849,"Dr. Kimberly Mary Landino, N.D.",Other care,,,Tempe,AZ,85282,4807203045,2013-07-18,Not stated in NPPES — call to verify,CMS NPPES via Affine
1275839268,"Dr. Kimberly Summer Caravone, N.M.D",Other care,,,Tempe,AZ,85282,4803530798,2011-02-08,Not stated in NPPES — call to verify,CMS NPPES via Affine
1215126073,"Dr. Kimberly W Ahn, D.D.S.",Dental,General Practice,"2039 S MILL AVE, SUITE F",Tempe,AZ,85282,4809673493,2007-10-17,Not stated in NPPES — call to verify,CMS NPPES via Affine
1659182814,"Dr. Kourtney Crier, Psy.D.",Behavioral health,,,Tempe,AZ,85282,5046696272,2025-01-16,Not stated in NPPES — call to verify,CMS NPPES via Affine
1326185828,"Dr. Kristin A Samuelson, Aud",Other care,,,Tempe,AZ,85281,4809652373,2018-08-16,Not stated in NPPES — call to verify,CMS NPPES via Affine
1790884559,"Dr. Kristin Ann Mccleland, M.D.",Other care,,"6301 S MCCLINTOCK DR, #101",Tempe,AZ,85283,4802142300,2008-02-01,Not stated in NPPES — call to verify,CMS NPPES via Affine
1285969709,"Dr. Kristopher Michael Birkeland, D.C.",Other care,,"8270 S KYRENE RD, SUITE 106",Tempe,AZ,85284,4805983278,2011-05-19,Not stated in NPPES — call to verify,CMS NPPES via Affine
1083998041,"Dr. Krystle Connie Etri, N.D.",Clinic / primary care,,"1001 E PLAYA DEL NORTE DR, APT 1405",Tempe,AZ,85281,5166957665,2011-10-07,Not stated in NPPES — call to verify,CMS NPPES via Affine
1124478938,"Dr. Kyle Cordner, D.D.S.",Dental,General Practice,"2074 E SOUTHERN AVE, SUITE B102",Tempe,AZ,85282,4804471901,2016-06-13,Not stated in NPPES — call to verify,CMS NPPES via Affine
1790193597,"Dr. Kyle Ryff, O.D.",Other care,,,Tempe,AZ,85283,8002333264,2022-09-16,Not stated in NPPES — call to verify,CMS NPPES via Affine
1730490434,"Dr. Kyle Steven Scott, D.D.S.",Dental,,,Tempe,AZ,85283,4808316440,2013-07-25,Not stated in NPPES — call to verify,CMS NPPES via Affine
1205482163,Dr. Lana H Alawwad Haddad,Dental,General Practice,,Tempe,AZ,85284,6507846267,2019-09-17,Not stated in NPPES — call to verify,CMS NPPES via Affine
1932310158,"Dr. Larry Earl Dumka, Ph.D.",Behavioral health,,,Tempe,AZ,85283,4802414910,2007-07-08,Not stated in NPPES — call to verify,CMS NPPES via Affine
1972728020,"Dr. Larry Guy Allen, D.D.S.",Dental,General Practice,"3231 S COUNTRY CLUB WAY, SUITE 109",Tempe,AZ,85282,4898316333,2007-07-08,Not stated in NPPES — call to verify,CMS NPPES via Affine
1699901942,"Dr. Larry Mark Honig, Phd",Behavioral health,Clinical,"927 S CASITAS DR, UNIT B",Tempe,AZ,85281,5202473622,2013-01-23,Not stated in NPPES — call to verify,CMS NPPES via Affine
1295121119,"Dr. Lauren Michelle Mayek, M.D.",Other care,,,Tempe,AZ,85283,4808316800,2018-07-02,Not stated in NPPES — call to verify,CMS NPPES via Affine
1538619226,"Dr. Lauren Salisbury, N.D.",Other care,,,Tempe,AZ,85282,4809700000,2016-10-06,Not stated in NPPES — call to verify,CMS NPPES via Affine
1760294672,"Dr. Lauren Swenson, Otd",Other care,,,Tempe,AZ,85284,6232633966,2026-08-05,Not stated in NPPES — call to verify,CMS NPPES via Affine
1558512400,"Dr. Laurent Stephun Helms Jr., N.M.D.",Other care,,"930 WEST BROADWAY ROAD, SUITE 3",Tempe,AZ,85282,4809684208,2017-03-02,Not stated in NPPES — call to verify,CMS NPPES via Affine
1437212180,"Dr. Lawrence Anthony Sanchez, D.C.",Other care,Rehabilitation,,Tempe,AZ,85282,4808202534,2007-10-31,Not stated in NPPES — call to verify,CMS NPPES via Affine
1861642456,"Dr. Lawrence Darin Henry, D.C.",Other care,,"1801 S JENTILLY LN, SUITE D-4",Tempe,AZ,85281,4807319632,2008-09-19,Not stated in NPPES — call to verify,CMS NPPES via Affine
1710268685,"Dr. Leigh Anne Randa, Ph.D.",Behavioral health,Clinical,,Tempe,AZ,85284,8582243767,2022-08-27,Not stated in NPPES — call to verify,CMS NPPES via Affine
1386947240,"Dr. Leslie Anne Cisar, N.D.",Other care,,"9030 S MCCLINTOCK DR, STE. 105",Tempe,AZ,85284,4803137626,2010-12-15,Not stated in NPPES — call to verify,CMS NPPES via Affine
1417076043,"Dr. Leslie Green Vandevoort, Ed.D.",Other care,,,Tempe,AZ,85284,4807831785,2007-07-08,Not stated in NPPES — call to verify,CMS NPPES via Affine
1558759860,"Dr. Leytocha Evette Ruinard, N.D.",Other care,,,Tempe,AZ,85284,6026288626,2015-01-08,Not stated in NPPES — call to verify,CMS NPPES via Affine
1871607481,"Dr. Libby Howell, Ed.D., Lmft",Behavioral health,Clinical Child & Adolescent,,Tempe,AZ,85283,4807568686,2007-10-22,Not stated in NPPES — call to verify,CMS NPPES via Affine
1013059344,"Dr. Linda Claire Caterino, Phd Psychologist",Behavioral health,,,Tempe,AZ,85283,4806689392,2021-07-27,Not stated in NPPES — call to verify,CMS NPPES via Affine
1356208862,"Dr. Linda Kim, Nd",Other care,,,Tempe,AZ,85282,4806506506,2026-01-07,Not stated in NPPES — call to verify,CMS NPPES via Affine
1558431775,"Dr. Linda Sue Neel, Ed.D.",Behavioral health,,"4015 S MCCLINTOCK DR, SUITE 101",Tempe,AZ,85282,4808976261,2014-07-21,Not stated in NPPES — call to verify,CMS NPPES via Affine
1801844360,"Dr. Linda Thuy Ma, Dmd",Dental,General Practice,,Tempe,AZ,85283,4808207777,2024-08-12,Not stated in NPPES — call to verify,CMS NPPES via Affine
1396742797,"Dr. Lisa Ann Mansueto, M.D.",Other care,Ophthalmic Plastic and Reconstructive Surgery,,Tempe,AZ,85282,4808390206,2016-05-09,Not stated in NPPES — call to verify,CMS NPPES via Affine
1578726675,"Dr. Lisa M Maturo, Nd",Other care,,"5801 S. MCCLINTOCK DR, #105",Tempe,AZ,85283,4807302755,2014-02-28,Not stated in NPPES — call to verify,CMS NPPES via Affine
1699825711,"Dr. Lisa Sommer Merrin, Ph.D.",Behavioral health,,,Tempe,AZ,85283,4808383200,2007-07-08,Not stated in NPPES — call to verify,CMS NPPES via Affine
1689065005,"Dr. Liz Plotkin, Phd",Behavioral health,Professional,,Tempe,AZ,85284,4806164141,2021-01-22,Not stated in NPPES — call to verify,CMS NPPES via Affine
1962089821,"Dr. Loren Michael Swanson, Do",Clinic / primary care,,,Tempe,AZ,85281,4808827380,2024-07-01,Not stated in NPPES — call to verify,CMS NPPES via Affine
1568129666,"Dr. Lorenz Laurel, Pharmd",Pharmacy,,,Tempe,AZ,85284,4808140178,2021-11-23,Not stated in NPPES — call to verify,CMS NPPES via Affine
1215152517,"Dr. Lori Jean Burruel-Homa, Ph.D.",Behavioral health,Clinical,"1250 E BASELINE RD, SUITE 103",Tempe,AZ,85283,4807753774,2011-06-15,Not stated in NPPES — call to verify,CMS NPPES via Affine
1689728719,"Dr. Louis David Curtis, D.D.S.,M.S",Dental,Orthodontics and Dentofacial Orthopedics,,Tempe,AZ,85284,4808387410,2007-07-08,Not stated in NPPES — call to verify,CMS NPPES via Affine
1528227279,"Dr. Louise A Welter, Psy.D.",Behavioral health,,"414 S MILL AVE, SUITE 210",Tempe,AZ,85281,4804152152,2008-06-07,Not stated in NPPES — call to verify,CMS NPPES via Affine
1396794590,"Dr. Lu Yao, Md",Other care,,"6301 S MCCLINTOCK DR, SUITE 201",Tempe,AZ,85283,4808383100,2023-03-07,Not stated in NPPES — call to verify,CMS NPPES via Affine
1770784712,"Dr. Luke W Denton, D.D.S",Dental,,,Tempe,AZ,85282,4804911313,2007-07-08,Not stated in NPPES — call to verify,CMS NPPES via Affine
1083783856,"Dr. Lydia B Garrett, Phd",Behavioral health,,,Tempe,AZ,85283,4808297876,2007-07-08,Not stated in NPPES — call to verify,CMS NPPES via Affine
1194979427,"Dr. Lyle Young, Md",Other care,Orthopaedic Surgery of the Spine,,Tempe,AZ,85281,4809620071,2019-02-04,Not stated in NPPES — call to verify,CMS NPPES via Affine
1568468049,"Dr. Lyndon K Carson, D.C.",Other care,,"7517 S MCCLINTOCK DR, STE 104",Tempe,AZ,85283,4808316050,2008-09-05,Not stated in NPPES — call to verify,CMS NPPES via Affine
1568538205,"Dr. Lynn S Mcnally, Np",Clinic / primary care,Acute Care,,Tempe,AZ,85282,4803391780,2022-09-02,Not stated in NPPES — call to verify,CMS NPPES via Affine
1013981067,"Dr. M. Jamil Akhtar, M.D.",Clinic / primary care,Cardiovascular Disease,"2157 E BASELINE RD, SUITE 101",Tempe,AZ,85283,4809629494,2013-10-04,Not stated in NPPES — call to verify,CMS NPPES via Affine
1871112813,"Dr. Madeline Beverly Hogan, Md",Other care,,,Tempe,AZ,85281,4804802020,2025-10-27,Not stated in NPPES — call to verify,CMS NPPES via Affine
1538999222,"Dr. Madison Jo Simon, Aud",Other care,,,Tempe,AZ,85282,4808334330,2025-02-10,Not stated in NPPES — call to verify,CMS NPPES via Affine
1720043169,"Dr. Maggie Trang Lam, Dds",Dental,General Practice,"1761 E WARNER RD, STE #A-14",Tempe,AZ,85284,4807553320,2007-07-08,Not stated in NPPES — call to verify,CMS NPPES via Affine
1851577944,"Dr. Mandee Sue Rowley Bahadar, Phd, Lpc",Behavioral health,Professional,,Tempe,AZ,85283,4805844412,2019-05-09,Not stated in NPPES — call to verify,CMS NPPES via Affine
1285593327,Dr. Manpreet Singh,Pharmacy,,,Tempe,AZ,85284,4807836233,2026-01-15,Not stated in NPPES — call to verify,CMS NPPES via Affine
1780697466,"Dr. Marc Ryan Pospisil, Dds",Dental,General Practice,"2076 E. SOUTHERN AVE, C101",Tempe,AZ,85282,4808383315,2007-07-08,Not stated in NPPES — call to verify,CMS NPPES via Affine
1477037794,"Dr. Marcus Arya Shams, Nd",Other care,,,Tempe,AZ,85282,4804283232,2018-09-21,Not stated in NPPES — call to verify,CMS NPPES via Affine
1881019966,"Dr. Maria Denise Romine, Au.D.",Other care,,,Tempe,AZ,85281,4809652373,2024-07-16,Not stated in NPPES — call to verify,CMS NPPES via Affine
1093569865,"Dr. Maria Patterson, L. Ac, Dac",Other care,,,Tempe,AZ,85283,6024584287,2026-04-27,Not stated in NPPES — call to verify,CMS NPPES via Affine
1053535013,"Dr. Maria Theresa Dixon Helbach, Pharmd",Pharmacy,,"51 W 3RD ST, SUITE 501",Tempe,AZ,85281,4803176780,2007-07-08,Not stated in NPPES — call to verify,CMS NPPES via Affine
1871856773,"Dr. Mariah Lynn Scott, Do",Other care,,"6301 S MCCLINTOCK DR, #101",Tempe,AZ,85283,4808316800,2016-11-16,Not stated in NPPES — call to verify,CMS NPPES via Affine
1598268609,"Dr. Marietta George, Nmd",Other care,,,Tempe,AZ,85282,4805843224,2018-03-14,Not stated in NPPES — call to verify,CMS NPPES via Affine
1811229404,"Dr. Mario Vincenzo Armani, D.C.",Other care,,,Tempe,AZ,85284,4808189053,2025-08-17,Not stated in NPPES — call to verify,CMS NPPES via Affine
1447206966,"Dr. Mario-Luis Islas, M.D.",Clinic / primary care,,,Tempe,AZ,85281,4809653349,2022-03-09,Not stated in NPPES — call to verify,CMS NPPES via Affine
1497853733,"Dr. Mark A. Mathurin, Md",Other care,,"1500 S MILL AVE, EMERGENCY DEPARTMENT",Tempe,AZ,85281,4807845533,2023-10-06,Not stated in NPPES — call to verify,CMS NPPES via Affine
1518025493,"Dr. Mark Christian Waring, D.D.S.",Dental,Periodontics,"2080 E SOUTHERN AVE, SUITE E-102",Tempe,AZ,85282,4808204342,2007-07-08,Not stated in NPPES — call to verify,CMS NPPES via Affine
1316925100,"Dr. Mark Christopher Fleming, Ph.D.",Behavioral health,Counseling,"950 W ELLIOT RD, SUITE 220",Tempe,AZ,85284,4104410105,2014-12-14,Not stated in NPPES — call to verify,CMS NPPES via Affine
1801953484,"Dr. Mark I Brachfeld, M.D.",Other care,,"2034 E SOUTHERN AVE, SUITE Y",Tempe,AZ,85282,4808387466,2007-07-09,Not stated in NPPES — call to verify,CMS NPPES via Affine
1003030834,"Dr. Mark James Helling, Dds",Dental,General Practice,,Tempe,AZ,85281,4809688711,2007-07-08,Not stated in NPPES — call to verify,CMS NPPES via Affine
1194749341,"Dr. Mark Leslie Rubin, M.D.",Other care,Child & Adolescent Psychiatry,,Tempe,AZ,85282,4802847304,2023-03-07,Not stated in NPPES — call to verify,CMS NPPES via Affine
1609840537,"Dr. Mark Robert Hemphill, Md",Other care,,"4653 S LAKESHORE DR, SUITE 1",Tempe,AZ,85282,4808389797,2026-07-13,Not stated in NPPES — call to verify,CMS NPPES via Affine
1740433713,"Dr. Mark Stephen Montana, Dds",Dental,Prosthodontics,,Tempe,AZ,85282,4808202901,2008-11-03,Not stated in NPPES — call to verify,CMS NPPES via Affine
1346363140,"Dr. Marlo J Archer, Ph.D.",Behavioral health,Family,"1250 E BASELINE RD, SUITE 102",Tempe,AZ,85283,4807055007,2007-07-08,Not stated in NPPES — call to verify,CMS NPPES via Affine
1205385168,"Dr. Mary Dawn Jonas, N.M.D.",Other care,,,Tempe,AZ,85282,4809700000,2016-10-03,Not stated in NPPES — call to verify,CMS NPPES via Affine
1396775920,"Dr. Mary E. Adams, M.D.",Other care,Anatomic Pathology,,Tempe,AZ,85281,6026855211,2013-04-17,Not stated in NPPES — call to verify,CMS NPPES via Affine
1285750240,"Dr. Mary Ellen O'brien, Nmd, Fnp",Clinic / primary care,Family,"2127 E BASELINE RD, SUITE 103",Tempe,AZ,85283,4804911716,2025-09-11,Not stated in NPPES — call to verify,CMS NPPES via Affine
1154396133,"Dr. Mary Jean Fietz, M.D.",Other care,Anatomic Pathology & Clinical Pathology,,Tempe,AZ,85281,6026855211,2017-03-21,Not stated in NPPES — call to verify,CMS NPPES via Affine
1215223979,"Dr. Mason Benson Konkle, D.D.S.",Dental,General Practice,,Tempe,AZ,85283,4808383073,2012-05-08,Not stated in NPPES — call to verify,CMS NPPES via Affine
1093149445,"Dr. Matthew Angier, D.P.T.",Other care,,"1025 E BROADWAY RD, SUITE 101",Tempe,AZ,85282,4808290217,2015-07-17,Not stated in NPPES — call to verify,CMS NPPES via Affine
1649415597,"Dr. Matthew David Bell, Au.D.",Other care,,,Tempe,AZ,85281,4809652373,2021-11-01,Not stated in NPPES — call to verify,CMS NPPES via Affine
1649256520,"Dr. Matthew David Phillips, Dds",Dental,General Practice,,Tempe,AZ,85282,4803342752,2025-09-11,Not stated in NPPES — call to verify,CMS NPPES via Affine
1861757528,"Dr. Matthew Ploger, D.O.",Other care,,,Tempe,AZ,85282,4804252160,2022-12-05,Not stated in NPPES — call to verify,CMS NPPES via Affine
1003102104,"Dr. Matthew William Roberts, Pharm.D.",Pharmacy,,,Tempe,AZ,85284,6025774449,2011-06-27,Not stated in NPPES — call to verify,CMS NPPES via Affine
1730880725,"Dr. Mayra Alejandra Navarro, Pt, Dpt",Other care,,,Tempe,AZ,85284,4807851765,2023-03-15,Not stated in NPPES — call to verify,CMS NPPES via Affine
1538890462,Dr. Mckenzi Payne,Other care,,,Tempe,AZ,85284,4806083946,2022-06-21,Not stated in NPPES — call to verify,CMS NPPES via Affine
1669421921,"Dr. Mehul P Shah, M.D.",Clinic / primary care,Interventional Cardiology,"2149 E BASELINE RD, SUITE #103",Tempe,AZ,85283,4803450034,2020-03-11,Not stated in NPPES — call to verify,CMS NPPES via Affine
1164292009,"Dr. Melissa Kaye Rambo, Dac, L.Ac.",Other care,,,Tempe,AZ,85282,4809805909,2024-01-02,Not stated in NPPES — call to verify,CMS NPPES via Affine
1912073149,"Dr. Mercedes Y Padilla, D.D.S.",Dental,Pediatric Dentistry,,Tempe,AZ,85283,4808386949,2007-07-08,Not stated in NPPES — call to verify,CMS NPPES via Affine
1336106186,"Dr. Mhd Kussay Alsamkari, M.D.",Clinic / primary care,Nephrology,,Tempe,AZ,85282,4808870243,2026-04-09,Not stated in NPPES — call to verify,CMS NPPES via Affine
1598713398,"Dr. Michael Brian Starkey, D.C.",Other care,,"1553 W TODD DR, #103",Tempe,AZ,85283,4808205858,2008-03-19,Not stated in NPPES — call to verify,CMS NPPES via Affine
1083837306,Dr. Michael Francis Imperato,Pharmacy,,"51 W 3RD ST, SUITE 501",Tempe,AZ,85281,4803176780,2007-07-08,Not stated in NPPES — call to verify,CMS NPPES via Affine
1952483976,"Dr. Michael G Smith, Dmd",Dental,General Practice,,Tempe,AZ,85284,4808390330,2023-10-24,Not stated in NPPES — call to verify,CMS NPPES via Affine
1396216966,"Dr. Michael Jamshidi, Nd",Other care,,,Tempe,AZ,85281,3017416315,2018-12-07,Not stated in NPPES — call to verify,CMS NPPES via Affine
1053337527,"Dr. Michael John Peuse, Dc",Other care,,,Tempe,AZ,85282,4802219314,2013-02-12,Not stated in NPPES — call to verify,CMS NPPES via Affine
1992937189,"Dr. Michael John Sumko, D.O.",Other care,,,Tempe,AZ,85281,6025533113,2020-04-21,Not stated in NPPES — call to verify,CMS NPPES via Affine
1952403750,"Dr. Michael Joseph Schauwecker, Dds",Dental,,"1720 E WARNER RD, SUITE 5",Tempe,AZ,85284,4803457413,2007-07-08,Not stated in NPPES — call to verify,CMS NPPES via Affine
1669467841,"Dr. Michael Paul Frank, Dc",Other care,,,Tempe,AZ,85282,6025613701,2024-07-22,Not stated in NPPES — call to verify,CMS NPPES via Affine
1275957540,"Dr. Michael Ray Blankenship, Pt, Dpt, Ms, Atc/Lat",Other care,Sports,,Tempe,AZ,85284,1602379171,2014-02-07,Not stated in NPPES — call to verify,CMS NPPES via Affine
1619225307,"Dr. Michael Shumway Dickerson, D.M.D.",Dental,General Practice,"2233 W BASELINE RD, SUITE 104",Tempe,AZ,85283,6024389245,2017-02-22,Not stated in NPPES — call to verify,CMS NPPES via Affine
1962821744,"Dr. Michael Thomas Lupp, Pharm D",Pharmacy,,,Tempe,AZ,85282,4805570970,2014-04-09,Not stated in NPPES — call to verify,CMS NPPES via Affine
1255986931,"Dr. Mitchell Gerard Fassaert, Dc",Other care,,,Tempe,AZ,85282,6025294383,2026-04-24,Not stated in NPPES — call to verify,CMS NPPES via Affine
1336756782,"Dr. Molly Santosuosso, Nmd",Other care,,,Tempe,AZ,85282,4809700000,2020-09-29,Not stated in NPPES — call to verify,CMS NPPES via Affine
1043287170,"Dr. Monaliza Setudehnia, Md",Clinic / primary care,,"2055 E SOUTHERN AVE, SUITE D",Tempe,AZ,85282,4803457676,2016-11-13,Not stated in NPPES — call to verify,CMS NPPES via Affine
1013204973,"Dr. Natalie Hirleman, Pharm D",Pharmacy,,"1800 E RIO SALADO PKWY STE 120, T-2176",Tempe,AZ,85281,4802142668,2017-02-07,Not stated in NPPES — call to verify,CMS NPPES via Affine
1164715751,"Dr. Natasa Vojvodic, D.O.",Clinic / primary care,,"2600 E SOUTHERN AVE, B2",Tempe,AZ,85282,4808275265,2017-02-21,Not stated in NPPES — call to verify,CMS NPPES via Affine
1578982864,"Dr. Nathan Charapata, Md",Clinic / primary care,,,Tempe,AZ,85288,9702386375,2024-12-06,Not stated in NPPES — call to verify,CMS NPPES via Affine
1598104770,"Dr. Nathan Thompson, Psy.D.",Behavioral health,Clinical,"1415 E GUADALUPE RD, STE. 105B",Tempe,AZ,85283,4803319607,2013-06-20,Not stated in NPPES — call to verify,CMS NPPES via Affine
1992584957,"Dr. Neha Bhatt, Nmd",Other care,,,Tempe,AZ,85282,4809700000,2023-10-13,Not stated in NPPES — call to verify,CMS NPPES via Affine
1154534931,Dr. Neil Wade Geske,Dental,,,Tempe,AZ,85283,4808946602,2007-07-08,Not stated in NPPES — call to verify,CMS NPPES via Affine
1972365344,"Dr. Nicanor Hernandez, Md",Clinic / primary care,,,Tempe,AZ,85283,6023230904,2024-01-30,Not stated in NPPES — call to verify,CMS NPPES via Affine
1679799951,"Dr. Nick Deniss Buratovich, N.D.",Other care,,"2435 EAST SOUTHERN AVE, SUITE 9",Tempe,AZ,85282,4808310717,2007-07-08,Not stated in NPPES — call to verify,CMS NPPES via Affine
1093544066,"Dr. Nicole Caroline Kemper, Psy.D.",Behavioral health,Clinical,,Tempe,AZ,85283,4808622412,2024-07-29,Not stated in NPPES — call to verify,CMS NPPES via Affine
1801171871,"Dr. Nicole Helen Gerard, N.D.",Other care,,"4657 S LAKESHORE DR, SUITE 1",Tempe,AZ,85282,4802848155,2011-10-20,Not stated in NPPES — call to verify,CMS NPPES via Affine
1184815896,"Dr. Nicolle Muschinski, Pharmd, Rph",Pharmacy,,,Tempe,AZ,85281,8778827820,2007-08-07,Not stated in NPPES — call to verify,CMS NPPES via Affine
1588034011,"Dr. Nina Xan Simonson, Nmd",Other care,,,Tempe,AZ,85282,4805843224,2021-09-16,Not stated in NPPES — call to verify,CMS NPPES via Affine
1558289918,"Dr. Nolan Kent Solomon, Pharmd",Pharmacy,,,Tempe,AZ,85284,8003451036,2026-07-06,Not stated in NPPES — call to verify,CMS NPPES via Affine
1427279744,"Dr. Nora B Tahmassian, Pharmd",Pharmacy,,"51 WEST 3RD STREET, SUITE 501",Tempe,AZ,85281,4803176780,2007-07-08,Not stated in NPPES — call to verify,CMS NPPES via Affine
1962565101,"Dr. Norma June Leslie, Rnnp, Lmft,",Clinic / primary care,Women''s Health,,Tempe,AZ,85283,6025407670,2007-07-08,Not stated in NPPES — call to verify,CMS NPPES via Affine
1922518117,"Dr. Odessa Arianna Rodriguez, Nd",Other care,,,Tempe,AZ,85282,4809700000,2017-10-03,Not stated in NPPES — call to verify,CMS NPPES via Affine
1417095811,"Dr. Pamela M Traum, D.C.",Other care,,,Tempe,AZ,85282,4804563703,2012-11-09,Not stated in NPPES — call to verify,CMS NPPES via Affine
1750920799,"Dr. Pamela Robinson, Dnp, Psyd",Clinic / primary care,Family,,Tempe,AZ,85281,6233352628,2020-05-06,Not stated in NPPES — call to verify,CMS NPPES via Affine
1609387919,"Dr. Paola Tapia, Nd",Other care,,,Tempe,AZ,85282,4809700000,2017-10-13,Not stated in NPPES — call to verify,CMS NPPES via Affine
1881688539,"Dr. Patricia Anne Abbott, Psy.D.",Behavioral health,Clinical,"6625 S RURAL RD, SUITE 111",Tempe,AZ,85283,4803459888,2026-07-13,Not stated in NPPES — call to verify,CMS NPPES via Affine
1912193053,"Dr. Patricia Carlen Marquez, D.C.",Other care,,"227 E BASELINE RD, J-1",Tempe,AZ,85283,4802646181,2013-09-10,Not stated in NPPES — call to verify,CMS NPPES via Affine
1912126327,"Dr. Patricia S Gaines, N.D.",Other care,,,Tempe,AZ,85282,4809700000,2013-04-11,Not stated in NPPES — call to verify,CMS NPPES via Affine
1497890446,"Dr. Patti Ann Taylor, Ed.D.",Behavioral health,School,,Tempe,AZ,85284,4807834000,2025-09-11,Not stated in NPPES — call to verify,CMS NPPES via Affine
1013941459,"Dr. Paul Anderson Lines, D.D.S.",Dental,Orthodontics and Dentofacial Orthopedics,"2415 S RURAL RD, SUITE B",Tempe,AZ,85282,4809683848,2025-09-11,Not stated in NPPES — call to verify,CMS NPPES via Affine
1881056612,"Dr. Paul Diamond, D.M.D.",Dental,General Practice,"1835 E GUADALUPE RD, STE C-107",Tempe,AZ,85283,4803454017,2016-11-29,Not stated in NPPES — call to verify,CMS NPPES via Affine
1922144005,"Dr. Paul Edward Frame, Dc",Other care,,,Tempe,AZ,85282,4803452080,2012-04-30,Not stated in NPPES — call to verify,CMS NPPES via Affine
1669634044,"Dr. Paul Singh Sraow, M.D.",Other care,Interventional Pain Medicine,"2600 E SOUTHERN AVE, STE I-1",Tempe,AZ,85282,4804203600,2021-01-05,Not stated in NPPES — call to verify,CMS NPPES via Affine
1942241047,"Dr. Paul Y Thomas, Dds",Dental,,"7350 SOUTH MCCLINTOCK, SUITE 104",Tempe,AZ,85283,4808383233,2026-07-13,Not stated in NPPES — call to verify,CMS NPPES via Affine
1528551595,"Dr. Paula D Brungardt, Aprn",Behavioral health,Psychiatric/Mental Health,,Tempe,AZ,85284,3082244101,2025-03-31,Not stated in NPPES — call to verify,CMS NPPES via Affine
1487706123,"Dr. Payman Tasvibi-Tanha, Dds,Ms",Dental,General Practice,"1455 E GUADALUPE RD, SUITE 3",Tempe,AZ,85283,4803451605,2007-07-08,Not stated in NPPES — call to verify,CMS NPPES via Affine
1326184292,"Dr. Pervaiz Akhter, M.D.",Other care,Psychiatry,,Tempe,AZ,85283,4804911898,2022-07-21,Not stated in NPPES — call to verify,CMS NPPES via Affine
1760506471,"Dr. Peter Grant Churgin, M.D.",Clinic / primary care,,"1840 E WARNER RD, SUITE A105 - 158",Tempe,AZ,85284,4802294844,2007-07-08,Not stated in NPPES — call to verify,CMS NPPES via Affine
1588080329,"Dr. Peter Hughes, Dc",Other care,,"1855 E GUADALUPE RD, SUITE 112",Tempe,AZ,85283,4808398552,2014-03-17,Not stated in NPPES — call to verify,CMS NPPES via Affine
1134409782,"Dr. Philip Mathew, Mbbs, Md",Clinic / primary care,,,Tempe,AZ,85283,6024370097,2019-05-07,Not stated in NPPES — call to verify,CMS NPPES via Affine
1497158562,"Dr. Phillip Williamson, N.M.D.",Other care,,,Tempe,AZ,85282,4808205026,2014-10-07,Not stated in NPPES — call to verify,CMS NPPES via Affine
1902953177,"Dr. Pilar Vargas-Brya, Psy.D., Lisac",Behavioral health,Mental Health,"1232 E BROADWAY RD, SUITE 120",Tempe,AZ,85282,4807841514,2007-07-08,Not stated in NPPES — call to verify,CMS NPPES via Affine
1073562344,"Dr. Polly J Turner, Md",Clinic / primary care,,"1855 E SOUTHERN AVE, SUITE 4",Tempe,AZ,85282,4808387065,2008-04-20,Not stated in NPPES — call to verify,CMS NPPES via Affine
1780754804,"Dr. Prashanthi Baddam, D.M.D",Dental,Oral and Maxillofacial Surgery,"6601 S. RURAL RD., SUITE 1",Tempe,AZ,85283,4807301857,2007-07-08,Not stated in NPPES — call to verify,CMS NPPES via Affine
1417211632,"Dr. Preet Gurinder Kaur Mangat, M.D",Clinic / primary care,Adolescent Medicine,"1492 S. MILL AVE, SUITE NO. 312",Tempe,AZ,85281,6022437277,2015-06-30,Not stated in NPPES — call to verify,CMS NPPES via Affine
1073165775,"Dr. Rachael Noelle Rowe, Psy. D.",Behavioral health,Clinical,,Tempe,AZ,85288,9283262008,2025-12-03,Not stated in NPPES — call to verify,CMS NPPES via Affine
1932268752,"Dr. Rachel K Sy, Do",Clinic / primary care,,"1492 SOUTH MILL AVENUE, SUITE 312",Tempe,AZ,85281,6022437277,2011-12-22,Not stated in NPPES — call to verify,CMS NPPES via Affine
1508854563,"Dr. Rahul Bhatia, Md",Other care,,,Tempe,AZ,85283,6026107337,2022-01-31,Not stated in NPPES — call to verify,CMS NPPES via Affine
1376881177,"Dr. Rajan Kapoor, Mbbs",Clinic / primary care,Nephrology,,Tempe,AZ,85284,8046106100,2023-03-07,Not stated in NPPES — call to verify,CMS NPPES via Affine
1255389953,"Dr. Rajiv M Ashar, M.D.",Clinic / primary care,Interventional Cardiology,"2149 E BASELINE RD, SUITE #103",Tempe,AZ,85283,4803450034,2020-03-11,Not stated in NPPES — call to verify,CMS NPPES via Affine
1811961774,"Dr. Rajiv Parikh, M.D.",Clinic / primary care,,"1964 E BASELINE RD, #103",Tempe,AZ,85283,4808971725,2012-05-21,Not stated in NPPES — call to verify,CMS NPPES via Affine
1366599656,"Dr. Randall Howard Monroe, Dds",Dental,General Practice,,Tempe,AZ,85282,4809673303,2007-07-08,Not stated in NPPES — call to verify,CMS NPPES via Affine
1518188069,"Dr. Randall Munro Dale, Dds",Dental,General Practice,"2210 S MILL AVE, #2",Tempe,AZ,85282,4809212434,2016-10-10,Not stated in NPPES — call to verify,CMS NPPES via Affine
1053409078,"Dr. Rashad A. Aboul-Nasr, Md",Other care,Anatomic Pathology & Clinical Pathology,,Tempe,AZ,85281,6026855211,2010-10-15,Not stated in NPPES — call to verify,CMS NPPES via Affine
1093845927,"Dr. Rebecca Dawn Carlson Bell, D.C.",Other care,,,Tempe,AZ,85282,6027129444,2018-07-09,Not stated in NPPES — call to verify,CMS NPPES via Affine
1255452652,"Dr. Rebecca Lynn Carpenter, N.M.D.",Other care,,"1615 E WARNER RD, SUITE 1",Tempe,AZ,85284,4808315370,2008-10-01,Not stated in NPPES — call to verify,CMS NPPES via Affine
1548500101,"Dr. Rebecca Pawlowski, Bcba, Lba",Behavioral health,,,Tempe,AZ,85284,6029098630,2024-01-12,Not stated in NPPES — call to verify,CMS NPPES via Affine
1457583221,"Dr. Rehab M Shabana, M.D.",Other care,,,Tempe,AZ,85281,4802572777,2022-09-07,Not stated in NPPES — call to verify,CMS NPPES via Affine
1508830431,"Dr. Rekha Shah, Md",Clinic / primary care,Gastroenterology,,Tempe,AZ,85282,4807043446,2016-12-26,Not stated in NPPES — call to verify,CMS NPPES via Affine
1700813433,"Dr. Renee Mccoy, Md",Other care,,,Tempe,AZ,85283,4803455085,2025-04-02,Not stated in NPPES — call to verify,CMS NPPES via Affine
1942489752,"Dr. Reynaldo Perez Jr., D.D.S.",Dental,General Practice,"2039 S MILL AVE, SUITE F",Tempe,AZ,85282,4809673493,2007-10-29,Not stated in NPPES — call to verify,CMS NPPES via Affine
1942607205,"Dr. Rhonda Soledad Casillas, Ph.D.",Behavioral health,,,Tempe,AZ,85287,4809656146,2014-12-02,Not stated in NPPES — call to verify,CMS NPPES via Affine
1588656276,"Dr. Richard Leslie Sherry, M.D.",Other care,,,Tempe,AZ,85282,4808390206,2026-02-05,Not stated in NPPES — call to verify,CMS NPPES via Affine
1992704647,"Dr. Rima H Peters, D.M.D.",Dental,,"8675 S PRIEST DR, STE.101",Tempe,AZ,85284,4809610600,2016-02-09,Not stated in NPPES — call to verify,CMS NPPES via Affine
1427222157,"Dr. Robb Bird, N.M.D.",Other care,,"4515 S MCCLINTOCK DR, SUITE 120",Tempe,AZ,85282,4804130586,2008-04-14,Not stated in NPPES — call to verify,CMS NPPES via Affine
1144306234,"Dr. Robbie Lynne Adler-Tapia, Ph.D.",Behavioral health,,"1615 E WARNER RD, SUITE 2",Tempe,AZ,85284,4807531655,2013-08-27,Not stated in NPPES — call to verify,CMS NPPES via Affine
1033902598,"Dr. Robert Billings, Psy.D.",Behavioral health,,,Tempe,AZ,85282,7182888348,2025-05-27,Not stated in NPPES — call to verify,CMS NPPES via Affine
1912126145,"Dr. Robert Efrem Moore, Pharmd, Mba",Pharmacy,,,Tempe,AZ,85281,8778827822,2007-07-08,Not stated in NPPES — call to verify,CMS NPPES via Affine
1952375362,"Dr. Robert Joseph Bloomberg, Md",Clinic / primary care,,"6301 S MCCLINTOCK DR, SUITE 201",Tempe,AZ,85283,4808383100,2011-03-22,Not stated in NPPES — call to verify,CMS NPPES via Affine
1336297670,"Dr. Robert Joseph Glass, Ph.D.",Behavioral health,,,Tempe,AZ,85282,6028095697,2007-07-09,Not stated in NPPES — call to verify,CMS NPPES via Affine
1932240736,"Dr. Robert Otto Endres, Phd, D.Abhi",Other care,,"BLOOD SYSTEMS LABORATORIES, 2424 W ERIE DR",Tempe,AZ,85282,6023437092,2007-07-08,Not stated in NPPES — call to verify,CMS NPPES via Affine
1346390275,"Dr. Robert Scott Miner, D C",Other care,,"414 S MILL AVE, SUITE 109",Tempe,AZ,85281,4808942626,2012-06-13,Not stated in NPPES — call to verify,CMS NPPES via Affine
1952531022,"Dr. Robert Waldrop Iii, M.D.",Other care,Orthopaedic Surgery of the Spine,"1255 W RIO SALADO PKWY, SUITE 107",Tempe,AZ,85281,4809620071,2017-05-10,Not stated in NPPES — call to verify,CMS NPPES via Affine
1821067117,"Dr. Roberto Narvaiz, Md",Other care,Psychiatry,"1050 E SOUTHERN AVE, #A1",Tempe,AZ,85282,4805577982,2017-03-02,Not stated in NPPES — call to verify,CMS NPPES via Affine
1336244409,"Dr. Roddy Arnold Gardner, D.O.",Clinic / primary care,,,Tempe,AZ,85281,4809677821,2026-08-24,Not stated in NPPES — call to verify,CMS NPPES via Affine
1982679155,"Dr. Roger B Seymann, M.D.",Other care,,"6301 S MCCLINTOCK DR, SUITE 215",Tempe,AZ,85283,4808206657,2014-11-18,Not stated in NPPES — call to verify,CMS NPPES via Affine
1710804422,"Dr. Roger Parker Alexander, Phd",Other care,,,Tempe,AZ,85288,4809151923,2026-07-02,Not stated in NPPES — call to verify,CMS NPPES via Affine
1639138084,"Dr. Roger Ryan Roybal, Dds",Dental,General Practice,,Tempe,AZ,85282,6232998799,2026-01-07,Not stated in NPPES — call to verify,CMS NPPES via Affine
1912103961,"Dr. Ronald Dewey Cox, Md",Other care,,,Tempe,AZ,85282,4807308188,2016-07-17,Not stated in NPPES — call to verify,CMS NPPES via Affine
1669635322,"Dr. Rosalyn Denise Keith, D.D.S.",Dental,General Practice,"1700 E ELLIOT RD, SUITE 12",Tempe,AZ,85284,4807301700,2008-07-02,Not stated in NPPES — call to verify,CMS NPPES via Affine
1093008914,"Dr. Rosangela Salomon, Mapc, Psyd, Lac",Behavioral health,Professional,,Tempe,AZ,85281,4802481726,2025-07-10,Not stated in NPPES — call to verify,CMS NPPES via Affine
1518037761,"Dr. Roxane Marie Huber, Dds",Dental,,"1712 E GUADALUPE RD, SUITE 109",Tempe,AZ,85283,4808298200,2012-04-26,Not stated in NPPES — call to verify,CMS NPPES via Affine
1679532998,"Dr. Roxane Renee Thorstad, Psyd",Behavioral health,Clinical,,Tempe,AZ,85284,4806560500,2025-03-20,Not stated in NPPES — call to verify,CMS NPPES via Affine
1124669296,"Dr. Roxanna Marie Garcia, Nd",Other care,,,Tempe,AZ,85281,5204607890,2019-09-30,Not stated in NPPES — call to verify,CMS NPPES via Affine
1932412756,"Dr. Ryan Albert Kocak, Pharmd",Pharmacy,,,Tempe,AZ,85284,4808209984,2010-07-21,Not stated in NPPES — call to verify,CMS NPPES via Affine
1124460522,"Dr. Ryan K Flygare, Pharmd",Pharmacy,,"1800 E RIO SALADO PKWY, SUITE 120",Tempe,AZ,85281,4802142668,2013-07-25,Not stated in NPPES — call to verify,CMS NPPES via Affine
1801560396,"Dr. Ryan Mckiernan, Pharmd",Pharmacy,Pharmacist Clinician (PhC)/ Clinical Pharmacy Specialist,,Tempe,AZ,85284,4807836233,2026-06-15,Not stated in NPPES — call to verify,CMS NPPES via Affine
1093538951,"Dr. Ryan Nicholas Coon, Nd",Other care,,,Tempe,AZ,85288,5189295311,2024-11-07,Not stated in NPPES — call to verify,CMS NPPES via Affine
1083995633,"Dr. Ryan Sorbonne Holbrook, Dmd, Ms",Dental,Periodontics,,Tempe,AZ,85283,4808390841,2016-10-19,Not stated in NPPES — call to verify,CMS NPPES via Affine
1083840748,"Dr. Ryan T Stanger, Dmd",Dental,,"6601 S RURAL RD, STE #120",Tempe,AZ,85283,4804560821,2010-07-21,Not stated in NPPES — call to verify,CMS NPPES via Affine
1083646574,"Dr. Salaheddine Tomeh, Md",Other care,,,Tempe,AZ,85288,4806106100,2024-06-11,Not stated in NPPES — call to verify,CMS NPPES via Affine
1144915364,"Dr. Sally Noel Willey, Nd",Other care,,,Tempe,AZ,85284,4807127499,2025-03-08,Not stated in NPPES — call to verify,CMS NPPES via Affine
1275213084,"Dr. Samantha L Dulak, Nd",Other care,,,Tempe,AZ,85282,4809700000,2023-07-18,Not stated in NPPES — call to verify,CMS NPPES via Affine
1568040418,"Dr. Samantha Levy, Nmd",Other care,,,Tempe,AZ,85283,6026076200,2021-03-31,Not stated in NPPES — call to verify,CMS NPPES via Affine
1871631002,"Dr. Sameer S Talwalkar, M.D.",Other care,Anatomic Pathology & Clinical Pathology,,Tempe,AZ,85281,6026855211,2020-02-10,Not stated in NPPES — call to verify,CMS NPPES via Affine
1679508907,"Dr. Sandra R Harris, Ph.D.",Behavioral health,,,Tempe,AZ,85287,4809656147,2008-06-05,Not stated in NPPES — call to verify,CMS NPPES via Affine
1669418331,"Dr. Sanjay Patel, Do",Clinic / primary care,,,Tempe,AZ,85281,8884020202,2024-10-21,Not stated in NPPES — call to verify,CMS NPPES via Affine
1619232659,"Dr. Sara Bulson, Nd, Lmt",Other care,,,Tempe,AZ,85283,3038189575,2023-12-26,Not stated in NPPES — call to verify,CMS NPPES via Affine
1396050233,"Dr. Sarah Jean Preston Hesler, N.D.",Other care,,"1522 E SOUTHERN AVE, APT. 2076",Tempe,AZ,85282,4802842690,2010-10-01,Not stated in NPPES — call to verify,CMS NPPES via Affine
1538359898,"Dr. Sasha Mehra, M.D.",Hospital,,,Tempe,AZ,85281,6022518316,2021-12-17,Not stated in NPPES — call to verify,CMS NPPES via Affine
1275187726,"Dr. Satbir Khara, Dmd",Dental,General Practice,,Tempe,AZ,85284,4804390058,2019-08-01,Not stated in NPPES — call to verify,CMS NPPES via Affine
1851459747,"Dr. Scott E Solomon, M.D.",Other care,,,Tempe,AZ,85282,4804252160,2022-11-30,Not stated in NPPES — call to verify,CMS NPPES via Affine
1881715340,"Dr. Scott H Carrell, D.C.",Other care,,"2741 W SOUTHERN AVE, SUITE 13",Tempe,AZ,85282,6024388722,2007-07-08,Not stated in NPPES — call to verify,CMS NPPES via Affine
1467665661,"Dr. Scott K Lee, Dds",Dental,,,Tempe,AZ,85282,4807371787,2021-02-03,Not stated in NPPES — call to verify,CMS NPPES via Affine
1518101534,"Dr. Scott Leffler, Md",Other care,,,Tempe,AZ,85283,4402413876,2019-09-23,Not stated in NPPES — call to verify,CMS NPPES via Affine
1194893453,"Dr. Scott Robert Hendrickson, Phd",Behavioral health,,,Tempe,AZ,85283,4803459888,2007-07-08,Not stated in NPPES — call to verify,CMS NPPES via Affine
1417472184,"Dr. Sean Southland, Phd, Mdast, Cbis",Other care,EEG,,Tempe,AZ,85281,4806965796,2019-06-11,Not stated in NPPES — call to verify,CMS NPPES via Affine
1699084095,"Dr. Sean Xavier Hesler, Nd",Other care,,,Tempe,AZ,85282,9252908610,2016-02-05,Not stated in NPPES — call to verify,CMS NPPES via Affine
1639168867,"Dr. Sean Ziaei, D.M.D",Dental,,"2747 W SOUTHERN AVE, SUIT 2A",Tempe,AZ,85282,6024549040,2026-07-13,Not stated in NPPES — call to verify,CMS NPPES via Affine
1649860453,"Dr. Shanda R Cook, Pharmd",Pharmacy,,,Tempe,AZ,85282,4803456328,2021-02-24,Not stated in NPPES — call to verify,CMS NPPES via Affine
1023179868,"Dr. Shanni Dover, Ph.D.",Behavioral health,,,Tempe,AZ,85281,4809412220,2007-07-08,Not stated in NPPES — call to verify,CMS NPPES via Affine
1750752861,"Dr. Shannon King, Dnp Fnp-Bc",Clinic / primary care,Family,,Tempe,AZ,85283,4808971725,2016-06-30,Not stated in NPPES — call to verify,CMS NPPES via Affine
1528180056,"Dr. Shannon Lynne Mehr, Ph.D.",Other care,,,Tempe,AZ,85284,4807833185,2007-07-08,Not stated in NPPES — call to verify,CMS NPPES via Affine
1306474416,"Dr. Shantele Johnston, Nmd",Other care,,,Tempe,AZ,85282,6027621205,2020-04-01,Not stated in NPPES — call to verify,CMS NPPES via Affine
1891816203,"Dr. Sharon Kay Frick, Ph. D.",Behavioral health,Professional,"6625 S RURAL RD, SUITE 111",Tempe,AZ,85283,4803459888,2007-07-08,Not stated in NPPES — call to verify,CMS NPPES via Affine
1245617729,"Dr. Sharzad Green, Pharm.D.",Pharmacy,,,Tempe,AZ,85284,4802647600,2015-05-04,Not stated in NPPES — call to verify,CMS NPPES via Affine
1568869774,"Dr. Shawn Steinborn, Nmd",Other care,,,Tempe,AZ,85282,5207750778,2015-03-10,Not stated in NPPES — call to verify,CMS NPPES via Affine
1558789529,"Dr. Shawna Lee Mccann, Pharm D",Pharmacy,,,Tempe,AZ,85281,4809666271,2014-04-07,Not stated in NPPES — call to verify,CMS NPPES via Affine
1316583354,"Dr. Shenice Wright, Nmd",Other care,,,Tempe,AZ,85282,6025758869,2019-11-25,Not stated in NPPES — call to verify,CMS NPPES via Affine
1851385876,"Dr. Shilpa Bhatnagar, M. D.",Clinic / primary care,,"2153 E BASELINE RD, SUITE 101",Tempe,AZ,85283,4808201855,2026-07-13,Not stated in NPPES — call to verify,CMS NPPES via Affine
1851385868,"Dr. Shobha Parvathala, M. D.",Clinic / primary care,,"2153 E BASELINE RD, SUITE 101",Tempe,AZ,85283,4808201855,2026-07-13,Not stated in NPPES — call to verify,CMS NPPES via Affine
1972507333,"Dr. Shunyu Nieh, D.D.S",Dental,General Practice,,Tempe,AZ,85282,4804915000,2013-02-22,Not stated in NPPES — call to verify,CMS NPPES via Affine
1568174639,"Dr. Sierra Kneller, Nmd",Other care,,,Tempe,AZ,85282,4805905428,2022-12-20,Not stated in NPPES — call to verify,CMS NPPES via Affine
1295260180,"Dr. Sondema Nkipmo Tarr, Dpm",Other care,,,Tempe,AZ,85282,6026382718,2023-02-15,Not stated in NPPES — call to verify,CMS NPPES via Affine
1205551207,"Dr. Spencer Elizabeth Warren, Nmd",Other care,,,Tempe,AZ,85283,4809140521,2026-01-05,Not stated in NPPES — call to verify,CMS NPPES via Affine
1134110885,"Dr. Stacey L Remchuk Feuer, Md",Other care,,,Tempe,AZ,85282,4804252160,2023-05-08,Not stated in NPPES — call to verify,CMS NPPES via Affine
1760775357,"Dr. Stacey Louise Dault, Do",Clinic / primary care,Sports Medicine,,Tempe,AZ,85283,4808460688,2026-05-07,Not stated in NPPES — call to verify,CMS NPPES via Affine
1184085813,"Dr. Stacey Smith, Phd",Behavioral health,,,Tempe,AZ,85282,2142806446,2017-02-07,Not stated in NPPES — call to verify,CMS NPPES via Affine
1780149468,Dr. Stacy Barkin,Behavioral health,Professional,,Tempe,AZ,85282,4804090322,2021-04-15,Not stated in NPPES — call to verify,CMS NPPES via Affine
1689631160,"Dr. Stacy Tracy, D.D.S.",Dental,General Practice,"1712 E GUADALUPE RD, SUITE 109",Tempe,AZ,85283,4808298200,2012-04-26,Not stated in NPPES — call to verify,CMS NPPES via Affine
1487870267,"Dr. Stephanie Janene Counts, Pharmd",Pharmacy,,"51 W 3RD ST, STE 501",Tempe,AZ,85281,8778827820,2007-07-08,Not stated in NPPES — call to verify,CMS NPPES via Affine
1851779607,"Dr. Stephanie Joan Derusso, D.O.",Other care,,,Tempe,AZ,85281,4808213600,2024-05-30,Not stated in NPPES — call to verify,CMS NPPES via Affine
1679877989,"Dr. Stephanie Seitz, Nd",Other care,,"7581 S WILLOW DR, #101",Tempe,AZ,85283,4804611255,2010-12-29,Not stated in NPPES — call to verify,CMS NPPES via Affine
1881036044,"Dr. Stephen D. Czar, D.D.S.",Dental,,,Tempe,AZ,85282,4808316333,2013-07-29,Not stated in NPPES — call to verify,CMS NPPES via Affine
1942296835,"Dr. Stephen David Chakmakian, D.O.",Clinic / primary care,,"1600 W BROADWAY RD, SUITE 260",Tempe,AZ,85282,4809686866,2026-07-13,Not stated in NPPES — call to verify,CMS NPPES via Affine
1285850487,"Dr. Stephen Jay Hill, D.C.",Other care,,,Tempe,AZ,85282,4808971788,2007-07-08,Not stated in NPPES — call to verify,CMS NPPES via Affine
1306050356,"Dr. Stephen L Carson, Phd",Behavioral health,Cognitive & Behavioral,,Tempe,AZ,85283,4803452292,2007-07-08,Not stated in NPPES — call to verify,CMS NPPES via Affine
1841231867,"Dr. Stephen P Thomas, Dmd",Dental,,"7350 S MCCLINTOCK DR, SUITE 104",Tempe,AZ,85283,4808383233,2026-07-13,Not stated in NPPES — call to verify,CMS NPPES via Affine
1326137670,"Dr. Stevan Karl Forney, Dds",Dental,General Practice,"2074 E SOUTHERN AVE, STE B102",Tempe,AZ,85282,4808383355,2007-07-08,Not stated in NPPES — call to verify,CMS NPPES via Affine
1003888546,"Dr. Steven Alex Baldwin, Md",Hospital,,,Tempe,AZ,85282,4808380068,2015-09-25,Not stated in NPPES — call to verify,CMS NPPES via Affine
1437154549,"Dr. Steven C Burns, M.D.",Clinic / primary care,,"2034 E SOUTHERN AVE, STE O",Tempe,AZ,85282,4807770077,2010-07-28,Not stated in NPPES — call to verify,CMS NPPES via Affine
1205987732,"Dr. Steven Norman Shively, Ph.D.",Behavioral health,Counseling,,Tempe,AZ,85284,6025613058,2007-07-08,Not stated in NPPES — call to verify,CMS NPPES via Affine
1639227242,"Dr. Susan Ailene Reed, D.C.",Other care,Sports Physician,"700 E BASELINE RD, SUITE A-1",Tempe,AZ,85283,4807560609,2007-07-08,Not stated in NPPES — call to verify,CMS NPPES via Affine
1528035508,"Dr. Susan F Sandmann-Uy, Md",Clinic / primary care,,"1492 SOUTH MILL AVENUE, SUITE 312",Tempe,AZ,85281,6022437277,2011-12-21,Not stated in NPPES — call to verify,CMS NPPES via Affine
1457440794,"Dr. Susan M Flores-Downs, D.D.S",Dental,General Practice,"1842 E BASELINE RD, STE B1",Tempe,AZ,85283,4808201400,2007-07-08,Not stated in NPPES — call to verify,CMS NPPES via Affine
1033441340,"Dr. Susan Williamson Weirick, N.M.D.",Other care,,"3231 S COUNTRY CLUB WAY, SUITE 106",Tempe,AZ,85282,4808205026,2016-02-03,Not stated in NPPES — call to verify,CMS NPPES via Affine
1285210583,"Dr. Sydney Judith Schroeder, Nmd",Other care,,,Tempe,AZ,85281,4804855634,2021-03-18,Not stated in NPPES — call to verify,CMS NPPES via Affine
1417970278,"Dr. Sydney N. Palmer, Ph.D.",Behavioral health,,"1972 E BASELINE RD, B-102",Tempe,AZ,85283,4808202058,2010-05-19,Not stated in NPPES — call to verify,CMS NPPES via Affine
1427699594,"Dr. Sydney Rose Sharaf, Nmd",Other care,,,Tempe,AZ,85282,4809700000,2019-09-30,Not stated in NPPES — call to verify,CMS NPPES via Affine
1891001988,"Dr. Tanya Sophia Herman, Dpt",Other care,,"1221 W WARNER RD, SUITE 102",Tempe,AZ,85284,4807350124,2010-08-26,Not stated in NPPES — call to verify,CMS NPPES via Affine
1609066752,"Dr. Teresa Paige Mcbride, Nmd",Other care,,"1250 E BASELINE RD, SUITE 104",Tempe,AZ,85283,4804560402,2007-07-25,Not stated in NPPES — call to verify,CMS NPPES via Affine
1558304121,"Dr. Terry John Hanley, D.M.D.",Dental,,"1050 E SOUTHERN AVE, SUITE #6",Tempe,AZ,85282,4808291466,2026-07-13,Not stated in NPPES — call to verify,CMS NPPES via Affine
1457609109,"Dr. Tessina Tressa Thomas, Pharm D",Pharmacy,,,Tempe,AZ,85282,4808944138,2012-08-28,Not stated in NPPES — call to verify,CMS NPPES via Affine
1083667943,"Dr. Thomas A. Eccles, Md",Other care,Adolescent Medicine,,Tempe,AZ,85281,4809653349,2021-12-15,Not stated in NPPES — call to verify,CMS NPPES via Affine
1356659031,"Dr. Thomas Buddensick, M.D.",Other care,,,Tempe,AZ,85282,4807126000,2023-02-14,Not stated in NPPES — call to verify,CMS NPPES via Affine
1235134552,"Dr. Thomas C Fiel, D.O.",Clinic / primary care,Sports Medicine,"1840 EAST BASELINE ROAD, SUITE C-2",Tempe,AZ,85283,4807513777,2023-12-28,Not stated in NPPES — call to verify,CMS NPPES via Affine
1134178015,"Dr. Thomas J Krolick, Md",Other care,,,Tempe,AZ,85282,4804252160,2022-12-12,Not stated in NPPES — call to verify,CMS NPPES via Affine
1083788905,"Dr. Thomas Joesph Cipriano, Dds,Ms",Dental,Endodontics,,Tempe,AZ,85283,4807301857,2007-07-08,Not stated in NPPES — call to verify,CMS NPPES via Affine
1184722480,"Dr. Thuan Nguyen, Md",Other care,,"1500 S MILL AVE, EMERGENCY DEPARTMENT",Tempe,AZ,85281,4807845533,2007-07-08,Not stated in NPPES — call to verify,CMS NPPES via Affine
1366912552,"Dr. Tien Ho, Nd",Other care,,,Tempe,AZ,85282,8134206991,2019-01-27,Not stated in NPPES — call to verify,CMS NPPES via Affine
1821385592,"Dr. Tommy Nguyen, Md",Clinic / primary care,,,Tempe,AZ,85282,4804568981,2025-04-07,Not stated in NPPES — call to verify,CMS NPPES via Affine
1699896027,"Dr. Tracey Lynn Knott, D.O.",Other care,Plastic Surgery within the Head & Neck,,Tempe,AZ,85282,4805394000,2025-03-04,Not stated in NPPES — call to verify,CMS NPPES via Affine
1730397027,"Dr. Traci Williams, Ph.D.",Behavioral health,School,,Tempe,AZ,85282,4809219003,2007-07-08,Not stated in NPPES — call to verify,CMS NPPES via Affine
1356403760,"Dr. Trent Wisley Smallwood, D.D.S.",Dental,General Practice,"420 W WARNER RD, ST. #101",Tempe,AZ,85284,4808948101,2024-11-05,Not stated in NPPES — call to verify,CMS NPPES via Affine
1053761593,"Dr. Trisha Lehto, N.M.D.",Other care,,"2525 S RURAL RD, 4N",Tempe,AZ,85282,4804285328,2016-06-15,Not stated in NPPES — call to verify,CMS NPPES via Affine
1255485785,"Dr. Troy Allyn Freiheit, D.C.",Other care,,"6625 S RURAL RD, SUITE 104",Tempe,AZ,85283,4803457650,2007-07-08,Not stated in NPPES — call to verify,CMS NPPES via Affine
1326617473,"Dr. Tuwana T Wingfield, Lcsw",Behavioral health,Clinical,,Tempe,AZ,85282,6233238962,2024-08-24,Not stated in NPPES — call to verify,CMS NPPES via Affine
1972988525,"Dr. Tyler Xavier De Souza, O.D.",Other care,,,Tempe,AZ,85284,9293351243,2019-05-30,Not stated in NPPES — call to verify,CMS NPPES via Affine
1982678843,"Dr. Umaima Fatima, M.D.",Clinic / primary care,Cardiovascular Disease,"2157 E BASELINE RD, SUITE 101",Tempe,AZ,85283,4809629494,2026-07-13,Not stated in NPPES — call to verify,CMS NPPES via Affine
1033857164,"Dr. Valentina Leonett Serrano, Dmd",Dental,General Practice,,Tempe,AZ,85282,4804915000,2023-08-01,Not stated in NPPES — call to verify,CMS NPPES via Affine
1902350044,"Dr. Van Hoan Ho, Pharmd.",Pharmacy,,"1811 E APACHE BLVD, APT 3078",Tempe,AZ,85281,8583809641,2016-08-05,Not stated in NPPES — call to verify,CMS NPPES via Affine
1295109288,"Dr. Vanessa Ferreira, Nd",Other care,,,Tempe,AZ,85282,4809700000,2015-11-18,Not stated in NPPES — call to verify,CMS NPPES via Affine
1053757195,"Dr. Vanessa Joyce Tang, M.D.",Clinic / primary care,,,Tempe,AZ,85283,4804535000,2021-05-04,Not stated in NPPES — call to verify,CMS NPPES via Affine
1821541400,"Dr. Vanya Jaitly, Md",Other care,Anatomic Pathology & Clinical Pathology,,Tempe,AZ,85282,6026855211,2021-11-08,Not stated in NPPES — call to verify,CMS NPPES via Affine
1528140605,"Dr. Vasvi Amin Babu, Od",Other care,,,Tempe,AZ,85282,4809675710,2016-08-27,Not stated in NPPES — call to verify,CMS NPPES via Affine
1679540074,"Dr. Victoria A Lee, Md",Other care,,,Tempe,AZ,85283,4803455085,2014-03-28,Not stated in NPPES — call to verify,CMS NPPES via Affine
1518216506,Dr. Virginia Agha,Pharmacy,,,Tempe,AZ,85284,4808939027,2012-09-05,Not stated in NPPES — call to verify,CMS NPPES via Affine
1639217813,"Dr. Wayne F Lesueur, D.M.D",Dental,General Practice,,Tempe,AZ,85283,4808383103,2007-07-08,Not stated in NPPES — call to verify,CMS NPPES via Affine
1275599037,"Dr. Wendy M. Orm, M.D.",Clinic / primary care,,,Tempe,AZ,85281,4808779106,2020-01-06,Not stated in NPPES — call to verify,CMS NPPES via Affine
1811957699,"Dr. William B Rainey, Od",Other care,,,Tempe,AZ,85284,6026064498,2025-03-14,Not stated in NPPES — call to verify,CMS NPPES via Affine
1396744017,"Dr. William M Ormiston, D.C.",Other care,,,Tempe,AZ,85282,4809687767,2010-03-02,Not stated in NPPES — call to verify,CMS NPPES via Affine
1215993902,"Dr. William Silverman, Md",Other care,Psychiatry,"1232 E BROADWAY RD, STE 120",Tempe,AZ,85282,4807841514,2023-03-07,Not stated in NPPES — call to verify,CMS NPPES via Affine
1386846442,"Dr. Won-Woo Park, D.M.D., M.S.",Dental,Orthodontics and Dentofacial Orthopedics,"6200 S MCCLINTOCK DR, SUITE #4",Tempe,AZ,85283,4807777759,2007-07-08,Not stated in NPPES — call to verify,CMS NPPES via Affine
1215142740,"Dr. Young B. Lee, Ph.D.",Behavioral health,Cognitive & Behavioral,,Tempe,AZ,85283,4803456083,2007-07-08,Not stated in NPPES — call to verify,CMS NPPES via Affine
1811249212,"Dr. Youssef Al Sheikh, Phd",Other care,"Clinical Laboratory Director, Non-physician",,Tempe,AZ,85282,8017397395,2017-04-11,Not stated in NPPES — call to verify,CMS NPPES via Affine
1538922166,"Dr. Zachary Erickson, Dc",Other care,,,Tempe,AZ,85283,7633814821,2026-02-12,Not stated in NPPES — call to verify,CMS NPPES via Affine
1134691728,"Dr. Zachary Hadden, Dpt",Other care,,,Tempe,AZ,85284,4807568617,2021-02-05,Not stated in NPPES — call to verify,CMS NPPES via Affine
1306577283,"Dr. Zack Walton, Dmd",Dental,General Practice,,Tempe,AZ,85284,4803609170,2022-06-30,Not stated in NPPES — call to verify,CMS NPPES via Affine
1972333912,"Dr. Zaina Alomran, Pharmd",Pharmacy,,,Tempe,AZ,85288,4804658047,2024-09-08,Not stated in NPPES — call to verify,CMS NPPES via Affine
1255377289,"Dr. Zarin Mehta, Ph.D.",Other care,,"ARIZONA STATE UNIVERSITY, SPEECH AND HEARING CLINIC, COOR HALL 2211",Tempe,AZ,85287,4809654303,2007-07-08,Not stated in NPPES — call to verify,CMS NPPES via Affine
1144346727,"Dr.Zelda Hittel, P.C.",Behavioral health,,,Tempe,AZ,85282,4808318330,2020-08-22,Not stated in NPPES — call to verify,CMS NPPES via Affine
1811662687,Drgwag Pllc,Other care,,,Tempe,AZ,85282,4804252160,2021-08-12,Not stated in NPPES — call to verify,CMS NPPES via Affine
1336387349,Driving To Independence,Other care,Driving and Community Mobility,"1414 W BROADWAY RD, SUITE 218",Tempe,AZ,85282,4804493331,2009-01-29,Not stated in NPPES — call to verify,CMS NPPES via Affine
1144406406,"Druce Fu, Md",Other care,,,Tempe,AZ,85284,4807737756,2010-03-04,Not stated in NPPES — call to verify,CMS NPPES via Affine
1154796050,Dsfd,Dental,General Practice,,Tempe,AZ,85284,4808397996,2015-12-03,Not stated in NPPES — call to verify,CMS NPPES via Affine
1760437909,Dsi Renal Inc,Clinic / primary care,End-Stage Renal Disease (ESRD) Treatment,,Tempe,AZ,85284,4808932299,2008-02-06,Not stated in NPPES — call to verify,CMS NPPES via Affine
1376613794,"Duane Ostler, D.C.",Other care,,"2741 W SOUTHERN AVE, SUITE 13",Tempe,AZ,85282,6024388722,2009-10-30,Not stated in NPPES — call to verify,CMS NPPES via Affine
1750895975,Durable Medical Equipment Llc,Other care,,,Tempe,AZ,85283,4809304500,2023-03-02,Not stated in NPPES — call to verify,CMS NPPES via Affine
1518426808,Dustin Johnson,Behavioral health,,,Tempe,AZ,85282,4805675617,2019-03-15,Not stated in NPPES — call to verify,CMS NPPES via Affine
1801400197,Duy Trong Pham,Pharmacy,,,Tempe,AZ,85282,8558574701,2021-08-05,Not stated in NPPES — call to verify,CMS NPPES via Affine
1215501804,"Dylan Michael Hannah, Pt, Dpt",Other care,Pediatrics,,Tempe,AZ,85282,3804560719,2021-05-18,Not stated in NPPES — call to verify,CMS NPPES via Affine
1679635072,Dyna Care Arizona Llc,Other care,,"1553 W TODD DR, SUITE 101",Tempe,AZ,85283,4808839295,2008-12-02,Not stated in NPPES — call to verify,CMS NPPES via Affine
1184495269,Dynamic Living Counseling,Other care,,,Tempe,AZ,85282,6022772112,2024-01-10,Not stated in NPPES — call to verify,CMS NPPES via Affine
1396437901,E&H Trans Llc,Other care,,,Tempe,AZ,85288,6024635854,2023-05-23,Not stated in NPPES — call to verify,CMS NPPES via Affine
1255965901,"Earle & Earle, Pllc",Behavioral health,Psychiatric/Mental Health,,Tempe,AZ,85281,6028881447,2021-10-29,Not stated in NPPES — call to verify,CMS NPPES via Affine
1609264944,Earnell Battle,Other care,,,Tempe,AZ,85282,6028082800,2015-01-08,Not stated in NPPES — call to verify,CMS NPPES via Affine
1225742505,East Harmony Point,Behavioral health,Adult Mental Health,,Tempe,AZ,85282,6028891519,2023-03-20,Not stated in NPPES — call to verify,CMS NPPES via Affine
1659371219,East Valley Children's Ctr,Other care,,,Tempe,AZ,85282,4808399097,2022-07-21,Not stated in NPPES — call to verify,CMS NPPES via Affine
1285598029,East Valley Feeding Therapy Llc,Other care,,,Tempe,AZ,85284,6026976523,2025-12-15,Not stated in NPPES — call to verify,CMS NPPES via Affine
1346211851,East Valley Internists Ltd,Clinic / primary care,,,Tempe,AZ,85282,4808380068,2010-08-16,Not stated in NPPES — call to verify,CMS NPPES via Affine
1073569182,East Valley Orthopedic And Spine Assoc,Other care,Orthopaedic Surgery of the Spine,"1492 S MILL AVE, 1492 S MILL AVE #212",Tempe,AZ,85281,4804493867,2020-08-22,Not stated in NPPES — call to verify,CMS NPPES via Affine
1700555893,East Valley Premier Family Practice,Clinic / primary care,Family,,Tempe,AZ,85282,4802422953,2021-09-10,Not stated in NPPES — call to verify,CMS NPPES via Affine
1023014883,East Valley Primary Care Physicians,Clinic / primary care,Primary Care,"4515 S MCCLINTOCK DR, STE 100",Tempe,AZ,85282,4808201133,2020-08-22,Not stated in NPPES — call to verify,CMS NPPES via Affine
1538177449,East Valley Primary Care Physicians Plc,Clinic / primary care,Adult Medicine,"4515 S MCCLINTOCK DR, #100",Tempe,AZ,85282,4808201133,2010-10-05,Not stated in NPPES — call to verify,CMS NPPES via Affine
1932406105,East Valley Pulmonary Associates,Clinic / primary care,Pulmonary Disease,"2600 E SOUTHERN AVE, STE I-3",Tempe,AZ,85282,4806268737,2013-07-22,Not stated in NPPES — call to verify,CMS NPPES via Affine
1619597218,"East Valley Senior Care, Llc",Other care,,,Tempe,AZ,85283,4807452493,2020-08-24,Not stated in NPPES — call to verify,CMS NPPES via Affine
1922335801,"East Valley Surgery Center, Llc",Clinic / primary care,Ambulatory Surgical,,Tempe,AZ,85282,4808296100,2019-09-19,Not stated in NPPES — call to verify,CMS NPPES via Affine
1174183636,East Valley Surgical Center,Clinic / primary care,Ambulatory Surgical,,Tempe,AZ,85283,4809304018,2019-06-17,Not stated in NPPES — call to verify,CMS NPPES via Affine
1710222419,"East Valley Urgent Care,Llc",Clinic / primary care,Urgent Care,"931 E ELLIOT RD, SUITE 115",Tempe,AZ,85284,4808403075,2012-12-06,Not stated in NPPES — call to verify,CMS NPPES via Affine
1528310448,"East Valley Urgent Care,Llc",Clinic / primary care,Urgent Care,"6323 S RURAL RD, STE 107",Tempe,AZ,85283,4808403075,2012-10-03,Not stated in NPPES — call to verify,CMS NPPES via Affine
1033066063,"Ebony Simone Rollins, Nd",Other care,,,Tempe,AZ,85283,2167896376,2026-03-10,Not stated in NPPES — call to verify,CMS NPPES via Affine
1952053258,Eddy Elkassis,Clinic / primary care,,,Tempe,AZ,85283,8108135550,2024-11-02,Not stated in NPPES — call to verify,CMS NPPES via Affine
1538829858,"Eden Elizabeth Barnett, Lac",Behavioral health,Mental Health,,Tempe,AZ,85283,4802337529,2021-12-28,Not stated in NPPES — call to verify,CMS NPPES via Affine
1861264848,Edith Marie Horst,Other care,,,Tempe,AZ,85282,4809678933,2023-10-24,Not stated in NPPES — call to verify,CMS NPPES via Affine
1376650770,Eduardo S Alcantar Md Pc,Clinic / primary care,,,Tempe,AZ,85282,4809689890,2025-09-11,Not stated in NPPES — call to verify,CMS NPPES via Affine
1437698107,Edward A Carrington Md Pllc,Clinic / primary care,Adult Medicine,,Tempe,AZ,85282,4806595015,2017-02-14,Not stated in NPPES — call to verify,CMS NPPES via Affine
1245290766,"Edward D Szmuc, M.D., P.C.",Other care,,"2034 E SOUTHERN AVE, SUITE T",Tempe,AZ,85282,4808209722,2008-02-22,Not stated in NPPES — call to verify,CMS NPPES via Affine
1083659114,"Edward G Blankstein, Md",Other care,Psychiatry,,Tempe,AZ,85282,4809661174,2007-07-08,Not stated in NPPES — call to verify,CMS NPPES via Affine
1386931418,Edward James Berki,Pharmacy,,,Tempe,AZ,85282,4808589044,2011-07-10,Not stated in NPPES — call to verify,CMS NPPES via Affine
1497783971,"Edward Y Park, Do",Clinic / primary care,Nephrology,,Tempe,AZ,85284,4806106100,2017-01-19,Not stated in NPPES — call to verify,CMS NPPES via Affine
1407492408,Efrem Miller Md Pc,Other care,,,Tempe,AZ,85282,4804252160,2022-01-25,Not stated in NPPES — call to verify,CMS NPPES via Affine
1982672176,"Efrem Miller, Md",Other care,,"2421 E SOUTHERN AVE, STE 7",Tempe,AZ,85282,4804252160,2026-07-13,Not stated in NPPES — call to verify,CMS NPPES via Affine
1598218281,"Eh Home Health Of The West, Llc",Other care,,,Tempe,AZ,85282,4807558888,2026-08-26,Not stated in NPPES — call to verify,CMS NPPES via Affine
1184825267,"Eicon Dental, Llc",Dental,General Practice,"2210 S MILL AVE, SUITE 2",Tempe,AZ,85282,4809212434,2016-10-21,Not stated in NPPES — call to verify,CMS NPPES via Affine
1134629454,"Eileen Florence Dohse, Rn",Other care,School,,Tempe,AZ,85281,4809669934,2018-02-13,Not stated in NPPES — call to verify,CMS NPPES via Affine
1487603627,Elan Medical Associates Llc,Clinic / primary care,,"6301 S MCCLINTOCK DR, SUITE 201",Tempe,AZ,85283,4808383100,2007-10-10,Not stated in NPPES — call to verify,CMS NPPES via Affine
1982398822,Eleanor Barnes,Other care,,,Tempe,AZ,85283,4807818443,2023-06-05,Not stated in NPPES — call to verify,CMS NPPES via Affine
1497486518,"Elena Berry, Fnp-Bc",Clinic / primary care,,,Tempe,AZ,85281,8886636331,2025-03-17,Not stated in NPPES — call to verify,CMS NPPES via Affine
1821769266,Elena Kallas,Behavioral health,,,Tempe,AZ,85283,4802834674,2021-09-24,Not stated in NPPES — call to verify,CMS NPPES via Affine
1396604419,Elephant Sounds 432 Llc,Other care,,,Tempe,AZ,85281,4808039195,2026-01-16,Not stated in NPPES — call to verify,CMS NPPES via Affine
1710595962,Elevate Health Clinics Llc,Other care,,,Tempe,AZ,85283,4807378806,2020-07-14,Not stated in NPPES — call to verify,CMS NPPES via Affine
1861997207,"Elevate Peer Support, Llc.",Behavioral health,Mental Health (Including Community Mental Health Center),,Tempe,AZ,85282,4805501201,2021-12-29,Not stated in NPPES — call to verify,CMS NPPES via Affine
1871235408,"Elieana Herrera, Bs",Behavioral health,,,Tempe,AZ,85283,4804893925,2022-04-13,Not stated in NPPES — call to verify,CMS NPPES via Affine
1235772336,Elisa Beth Pavlet,Other care,,,Tempe,AZ,85281,6025618711,2019-12-17,Not stated in NPPES — call to verify,CMS NPPES via Affine
1306708128,Elisa Hernandez,Behavioral health,,,Tempe,AZ,85282,4806397504,2025-12-01,Not stated in NPPES — call to verify,CMS NPPES via Affine
1316805658,"Elisabeth Mckay, Rd",Other care,,,Tempe,AZ,85282,6233996825,2026-01-14,Not stated in NPPES — call to verify,CMS NPPES via Affine
1881427318,Elise Cheri Skidmore,Behavioral health,,,Tempe,AZ,85281,4808630763,2024-12-23,Not stated in NPPES — call to verify,CMS NPPES via Affine
1609036318,"Elisha N Au, M.C.",Behavioral health,,"1232 E BROADWAY RD, SUITE#120",Tempe,AZ,85282,4807841514,2008-06-16,Not stated in NPPES — call to verify,CMS NPPES via Affine
1760147359,Elite Banding Pllc,Clinic / primary care,Gastroenterology,,Tempe,AZ,85281,6026253036,2021-11-08,Not stated in NPPES — call to verify,CMS NPPES via Affine
1598878407,Elite Chiropractic Llc,Other care,,"4435 S RURAL RD, SUITE 4",Tempe,AZ,85282,4804917241,2012-05-07,Not stated in NPPES — call to verify,CMS NPPES via Affine
1538743232,Elite Home Care Services Llc,Other care,,,Tempe,AZ,85282,4803787050,2024-05-20,Not stated in NPPES — call to verify,CMS NPPES via Affine
1124739909,Elite Integrated Health Llc,Other care,,,Tempe,AZ,85282,3146291828,2022-12-12,Not stated in NPPES — call to verify,CMS NPPES via Affine
1194567230,Elite Medical Aesthetics Pllc,Clinic / primary care,,,Tempe,AZ,85283,4805228875,2025-08-12,Not stated in NPPES — call to verify,CMS NPPES via Affine
1235979881,Elite Selection Llc,Behavioral health,Mental Health (Including Community Mental Health Center),,Tempe,AZ,85283,7606051799,2024-05-30,Not stated in NPPES — call to verify,CMS NPPES via Affine
1659112761,Elite Selection Llc,Behavioral health,Mental Health (Including Community Mental Health Center),,Tempe,AZ,85283,7606051799,2024-06-03,Not stated in NPPES — call to verify,CMS NPPES via Affine
1255058566,"Elizabeth Andronic, Lmsw",Behavioral health,Clinical,,Tempe,AZ,85288,8337190886,2022-10-26,Not stated in NPPES — call to verify,CMS NPPES via Affine
1912463217,"Elizabeth Ann Hightower, Lac",Behavioral health,Professional,,Tempe,AZ,85284,6233352007,2024-02-05,Not stated in NPPES — call to verify,CMS NPPES via Affine
1295065258,"Elizabeth Ann Smith, Rph",Pharmacy,,,Tempe,AZ,85283,4808201990,2023-10-02,Not stated in NPPES — call to verify,CMS NPPES via Affine
1114635158,Elizabeth Boomer,Behavioral health,Clinical,,Tempe,AZ,85283,6232821646,2022-11-08,Not stated in NPPES — call to verify,CMS NPPES via Affine
1962081620,Elizabeth Bree Jauregui,Behavioral health,,,Tempe,AZ,85284,6026665101,2021-04-07,Not stated in NPPES — call to verify,CMS NPPES via Affine
1134406226,"Elizabeth Danette Weber, Rn, Fnp",Clinic / primary care,Family,,Tempe,AZ,85284,4809825267,2011-11-03,Not stated in NPPES — call to verify,CMS NPPES via Affine
1902450539,"Elizabeth Eaton Stone, M.S., Ccc-Slp",Other care,,,Tempe,AZ,85284,4805411000,2019-07-31,Not stated in NPPES — call to verify,CMS NPPES via Affine
1396484838,"Elizabeth Ewing, Bht",Behavioral health,Addiction (Substance Use Disorder),,Tempe,AZ,85282,4805424668,2022-06-02,Not stated in NPPES — call to verify,CMS NPPES via Affine
1982312286,Elizabeth Hingtgen,Behavioral health,,,Tempe,AZ,85281,8552237123,2022-11-07,Not stated in NPPES — call to verify,CMS NPPES via Affine
1669204285,Elizabeth Jane Wilson,Behavioral health,,,Tempe,AZ,85281,4808630763,2024-12-23,Not stated in NPPES — call to verify,CMS NPPES via Affine
1417092891,Elizabeth L Kineyko,Other care,,,Tempe,AZ,85284,4807598000,2007-07-08,Not stated in NPPES — call to verify,CMS NPPES via Affine
1194305797,"Elizabeth Maly, Nmd",Other care,,,Tempe,AZ,85282,4804420011,2026-07-16,Not stated in NPPES — call to verify,CMS NPPES via Affine
1013827039,Elizabeth Marie Edsinga,Behavioral health,,,Tempe,AZ,85283,4809020771,2026-09-10,Not stated in NPPES — call to verify,CMS NPPES via Affine
1013002807,"Elizabeth Marie Patterson, P.A.",Clinic / primary care,,,Tempe,AZ,85283,4808977070,2020-02-27,Not stated in NPPES — call to verify,CMS NPPES via Affine
1174828842,"Elizabeth Markwalder, Rn",Clinic / primary care,Obstetrics & Gynecology,"2034 E SOUTHERN AVE, SUITE T",Tempe,AZ,85282,4808209722,2011-01-11,Not stated in NPPES — call to verify,CMS NPPES via Affine
1700597473,Elizabeth Meitamei,Behavioral health,,,Tempe,AZ,85282,6022791427,2022-12-13,Not stated in NPPES — call to verify,CMS NPPES via Affine
1861352098,Elizabeth Morales,Behavioral health,Mental Health,,Tempe,AZ,85282,4806749220,2025-11-12,Not stated in NPPES — call to verify,CMS NPPES via Affine
1760621064,"Elizabeth Petrissans, Ccc-Slp",Other care,,,Tempe,AZ,85282,4804560719,2011-04-06,Not stated in NPPES — call to verify,CMS NPPES via Affine
1326167974,"Elizabeth S Kozura, Pt",Other care,,,Tempe,AZ,85282,4804560719,2009-09-14,Not stated in NPPES — call to verify,CMS NPPES via Affine
1124176532,"Elizabeth Suzanne Sheldon, Rn",Other care,School,,Tempe,AZ,85282,4804918871,2007-07-08,Not stated in NPPES — call to verify,CMS NPPES via Affine
1215594429,"Elizabeth Titus, Rn",Other care,Community Health,,Tempe,AZ,85282,5202337111,2019-05-22,Not stated in NPPES — call to verify,CMS NPPES via Affine
1427358969,Elizabeth Trueba,Other care,,,Tempe,AZ,85282,4806345440,2018-03-27,Not stated in NPPES — call to verify,CMS NPPES via Affine
1497815492,"Elizabeth Walmer, R.N.",Other care,School,,Tempe,AZ,85283,4808977122,2007-07-08,Not stated in NPPES — call to verify,CMS NPPES via Affine
1427527399,"Elizabeth Whittier, Ms, Bcba, Lba",Behavioral health,,,Tempe,AZ,85283,6029267200,2026-04-13,Not stated in NPPES — call to verify,CMS NPPES via Affine
1023679081,Elizabeth Zankel Danbury,Behavioral health,Mental Health,,Tempe,AZ,85283,9282022801,2019-06-21,Not stated in NPPES — call to verify,CMS NPPES via Affine
1730326331,"Ellen Stellburg, M.S. Ccc-Slp",Other care,,,Tempe,AZ,85284,4807832300,2009-01-19,Not stated in NPPES — call to verify,CMS NPPES via Affine
1205888427,"Ellen Weiss Williams, Ph.D.",Behavioral health,Clinical,,Tempe,AZ,85284,4803457031,2007-10-26,Not stated in NPPES — call to verify,CMS NPPES via Affine
1588207591,Elliot Road Dental Pllc,Dental,General Practice,,Tempe,AZ,85284,4808397996,2019-10-31,Not stated in NPPES — call to verify,CMS NPPES via Affine
1548958275,Elmoiz Ismail Abdoun,Other care,,,Tempe,AZ,85283,6024190888,2023-05-01,Not stated in NPPES — call to verify,CMS NPPES via Affine
1952812786,"Elodia M Williams, Lpc",Behavioral health,Professional,,Tempe,AZ,85282,4808040326,2017-10-19,Not stated in NPPES — call to verify,CMS NPPES via Affine
1124728332,Elsadig A Eltahir,Other care,,,Tempe,AZ,85282,4803839443,2023-03-06,Not stated in NPPES — call to verify,CMS NPPES via Affine
1770340333,"Elwin Kollanur Kuriyakose, Ms, Bcba",Behavioral health,,,Tempe,AZ,85284,4806720536,2024-02-29,Not stated in NPPES — call to verify,CMS NPPES via Affine
1871831487,"Elyse S Snow, Ot",Other care,,,Tempe,AZ,85282,4804560719,2013-01-28,Not stated in NPPES — call to verify,CMS NPPES via Affine
1487999405,"Emblem Healthcare, Inc.",Other care,,,Tempe,AZ,85282,4804447800,2025-01-16,Not stated in NPPES — call to verify,CMS NPPES via Affine
1790183895,"Emblem Healthcare, Inc.",Other care,,,Tempe,AZ,85282,4804447800,2025-01-16,Not stated in NPPES — call to verify,CMS NPPES via Affine
1962391813,"Emblem Healthcare, Inc.",Other care,,,Tempe,AZ,85282,4807501440,2025-07-02,Not stated in NPPES — call to verify,CMS NPPES via Affine
1881405660,"Embodied Empowerment, Pllc",Behavioral health,Adult Mental Health,,Tempe,AZ,85284,9287190009,2025-01-20,Not stated in NPPES — call to verify,CMS NPPES via Affine
1831780402,Embry Laboratories Llc,Clinic / primary care,,,Tempe,AZ,85281,4803762170,2022-08-09,Not stated in NPPES — call to verify,CMS NPPES via Affine
1962177022,"Embry Testing And Vaccine Services Of Arizona, Llc",Clinic / primary care,,,Tempe,AZ,85282,4803762170,2022-09-06,Not stated in NPPES — call to verify,CMS NPPES via Affine
1952035586,Emelia Block,Other care,,,Tempe,AZ,85284,4341480374,2022-07-11,Not stated in NPPES — call to verify,CMS NPPES via Affine
1366044240,Emerged Llc,Other care,,,Tempe,AZ,85283,6022288818,2020-11-15,Not stated in NPPES — call to verify,CMS NPPES via Affine
1558348854,Emergency Medical Transport Inc,Other care,,,Tempe,AZ,85282,6024371431,2008-08-15,Not stated in NPPES — call to verify,CMS NPPES via Affine
1003761669,Emiko Grace Matsumoto,Other care,,,Tempe,AZ,85282,4804356370,2026-02-28,Not stated in NPPES — call to verify,CMS NPPES via Affine
1427790070,Emilee Zawatski,Other care,,,Tempe,AZ,85284,4803744341,2022-04-12,Not stated in NPPES — call to verify,CMS NPPES via Affine
1235972548,"Emilie A Duell, Fnp-C",Clinic / primary care,Family,,Tempe,AZ,85284,4807836257,2024-06-18,Not stated in NPPES — call to verify,CMS NPPES via Affine
1184159659,"Emilie Dupuis, Mt-Bc",Other care,,,Tempe,AZ,85281,4809651082,2017-04-21,Not stated in NPPES — call to verify,CMS NPPES via Affine
1437760279,"Emilio Tapia, Dds",Dental,,,Tempe,AZ,85282,4803393535,2020-08-14,Not stated in NPPES — call to verify,CMS NPPES via Affine
1790281855,"Emily A Eckley, Lcsw",Behavioral health,Clinical,,Tempe,AZ,85282,4808040326,2022-08-26,Not stated in NPPES — call to verify,CMS NPPES via Affine
1932745403,"Emily Ann Parrillo, Rn",Other care,School,,Tempe,AZ,85282,4808972744,2019-11-20,Not stated in NPPES — call to verify,CMS NPPES via Affine
1942908140,"Emily Anne Mcconnell, Lmsw",Behavioral health,,,Tempe,AZ,85288,8337190886,2023-02-17,Not stated in NPPES — call to verify,CMS NPPES via Affine
1083073290,"Emily Davis, Bcba",Behavioral health,,,Tempe,AZ,85283,6029267200,2016-02-16,Not stated in NPPES — call to verify,CMS NPPES via Affine
1104495571,Emily Degerness,Other care,,,Tempe,AZ,85284,4806089898,2026-08-19,Not stated in NPPES — call to verify,CMS NPPES via Affine
1093515983,"Emily Fortier, Cnm",Other care,,,Tempe,AZ,85283,4808206657,2025-09-08,Not stated in NPPES — call to verify,CMS NPPES via Affine
1134970965,"Emily Graves, Np",Clinic / primary care,Adult Health,,Tempe,AZ,85281,8302858882,2024-05-13,Not stated in NPPES — call to verify,CMS NPPES via Affine
1114875614,"Emily J Danielson, Fnp-Bc",Clinic / primary care,Primary Care,,Tempe,AZ,85282,6022830080,2026-08-17,Not stated in NPPES — call to verify,CMS NPPES via Affine
1346594934,"Emily Lundeen, Pharmd",Pharmacy,,,Tempe,AZ,85282,4809218013,2012-11-03,Not stated in NPPES — call to verify,CMS NPPES via Affine
1467807875,"Emily Marie Johnson, M.S.Ed., Ccc-Slp",Other care,,,Tempe,AZ,85284,4803744341,2024-08-21,Not stated in NPPES — call to verify,CMS NPPES via Affine
1750710422,"Emily Marie Padilla, Ccc-Slp",Other care,,,Tempe,AZ,85282,4804560719,2018-02-23,Not stated in NPPES — call to verify,CMS NPPES via Affine
1386336097,"Emily N Bohn, Bs, Rbt",Behavioral health,,,Tempe,AZ,85284,4806720536,2023-05-22,Not stated in NPPES — call to verify,CMS NPPES via Affine
1962650051,"Emily Porter Pringle, M.A.",Other care,,,Tempe,AZ,85284,4807831400,2008-09-03,Not stated in NPPES — call to verify,CMS NPPES via Affine
1699804112,"Emily Sumiko Oandasan, M.A. Education, Coun",Behavioral health,School,,Tempe,AZ,85283,3105284306,2007-07-08,Not stated in NPPES — call to verify,CMS NPPES via Affine
1184923914,"Emma C Hertzel, Lcsw",Behavioral health,Clinical,"6197 S RURAL RD, SUITE 101",Tempe,AZ,85283,4802737110,2015-06-29,Not stated in NPPES — call to verify,CMS NPPES via Affine
1114462314,Emma Hertzel Lcsw Llc,Behavioral health,Clinical,,Tempe,AZ,85283,4802042477,2016-12-23,Not stated in NPPES — call to verify,CMS NPPES via Affine
1780467654,Emma Lauer,Behavioral health,Clinical,,Tempe,AZ,85283,6029357815,2023-08-15,Not stated in NPPES — call to verify,CMS NPPES via Affine
1063051381,Emma Voron,Behavioral health,,,Tempe,AZ,85282,8667278274,2020-01-03,Not stated in NPPES — call to verify,CMS NPPES via Affine
1376749184,"Emmanuel Harold Kai-Lewis, M.D.",Other care,,,Tempe,AZ,85282,4808390206,2026-08-17,Not stated in NPPES — call to verify,CMS NPPES via Affine
1023445541,Emmanuel Jagdon,Pharmacy,,,Tempe,AZ,85283,4808204478,2013-09-29,Not stated in NPPES — call to verify,CMS NPPES via Affine
1184792475,Empact,Other care,,"1232 E BROADWAY RD, STE 120",Tempe,AZ,85282,4807841514,2020-08-22,Not stated in NPPES — call to verify,CMS NPPES via Affine
1164972485,Empact - Suicide Prevention Center,Other care,,,Tempe,AZ,85281,4807841514,2025-07-28,Not stated in NPPES — call to verify,CMS NPPES via Affine
1194245449,Empact - Suicide Prevention Center,Other care,,,Tempe,AZ,85281,4807841514,2022-07-21,Not stated in NPPES — call to verify,CMS NPPES via Affine
1437694767,Empact - Suicide Prevention Center,Other care,,,Tempe,AZ,85281,4807841514,2016-12-22,Not stated in NPPES — call to verify,CMS NPPES via Affine
1023553211,Empact - Suicide Prevention Center,Other care,,,Tempe,AZ,85281,4807841514,2025-07-28,Not stated in NPPES — call to verify,CMS NPPES via Affine
1003982133,Empact-Suicide Prevention Center,Other care,,,Tempe,AZ,85281,4807841514,2026-01-20,Not stated in NPPES — call to verify,CMS NPPES via Affine
1609071646,Empact-Suicide Prevention Center,Other care,,,Tempe,AZ,85281,4807841514,2021-02-23,Not stated in NPPES — call to verify,CMS NPPES via Affine
1568167799,Empower Wellness Endocrinology & Metabolism P.A.,Clinic / primary care,Health Service,,Tempe,AZ,85284,6023266703,2023-07-05,Not stated in NPPES — call to verify,CMS NPPES via Affine
1174013254,"Empowering Change Counseling Services, Llc",Behavioral health,Mental Health (Including Community Mental Health Center),,Tempe,AZ,85283,6026995750,2020-07-10,Not stated in NPPES — call to verify,CMS NPPES via Affine
1538050307,Empowering Solutions Pllc,Behavioral health,Professional,,Tempe,AZ,85281,4802481726,2025-07-10,Not stated in NPPES — call to verify,CMS NPPES via Affine
1467017848,Empowering You Therapy Llc,Behavioral health,Clinical,,Tempe,AZ,85281,4804429089,2019-05-01,Not stated in NPPES — call to verify,CMS NPPES via Affine
1497283642,Enhanced Medical Centers Inc,Clinic / primary care,,,Tempe,AZ,85282,4809684642,2022-07-21,Not stated in NPPES — call to verify,CMS NPPES via Affine
1538115662,"Ent Specialists Of Arizona, P.C.",Other care,,"1492 S MILL AVE, STE. 301",Tempe,AZ,85281,4808945550,2020-08-22,Not stated in NPPES — call to verify,CMS NPPES via Affine
1922191543,"Envolve Peoplecare, Inc.",Other care,,"1501 WEST FOUNTAINHEAD PARKWAY, SUITE #201",Tempe,AZ,85282,4803172141,2016-05-11,Not stated in NPPES — call to verify,CMS NPPES via Affine
1285193417,Eric A Heap Dds Pc,Other care,,,Tempe,AZ,85284,4808311700,2019-03-18,Not stated in NPPES — call to verify,CMS NPPES via Affine
1265926695,"Eric Braha, Lmt",Other care,,,Tempe,AZ,85282,6023707336,2018-06-19,Not stated in NPPES — call to verify,CMS NPPES via Affine
1770321614,"Eric Straub, Mc, Lpc",Behavioral health,Professional,,Tempe,AZ,85282,4808040326,2024-08-27,Not stated in NPPES — call to verify,CMS NPPES via Affine
1891162087,Eric Torgerson,Other care,,"1400 E SOUTHERN AVE, 310",Tempe,AZ,85282,6025679881,2015-08-24,Not stated in NPPES — call to verify,CMS NPPES via Affine
1811301526,"Erica Arlene Zadakis, Lmft",Behavioral health,,,Tempe,AZ,85282,4804624277,2025-12-17,Not stated in NPPES — call to verify,CMS NPPES via Affine
1104370949,"Erica Brown, Nmd",Other care,,,Tempe,AZ,85282,6096943151,2025-10-27,Not stated in NPPES — call to verify,CMS NPPES via Affine
1427732791,"Erica Glaze, Ibclc",Other care,,,Tempe,AZ,85283,6026915862,2026-04-08,Not stated in NPPES — call to verify,CMS NPPES via Affine
1427431089,"Erica Illium, Atc",Other care,Athletic Trainer,,Tempe,AZ,85281,9163653600,2015-07-01,Not stated in NPPES — call to verify,CMS NPPES via Affine
1376258251,Erica Zambrano,Behavioral health,,,Tempe,AZ,85284,4806720536,2023-01-16,Not stated in NPPES — call to verify,CMS NPPES via Affine
1982611893,"Erik David Spletter, Pa",Clinic / primary care,,"2034 E SOUTHERN, 4",Tempe,AZ,85282,6022522133,2025-07-25,Not stated in NPPES — call to verify,CMS NPPES via Affine
1093141012,"Erik Markoff, Otr/L",Other care,Hand,"2520 E UNIVERSITY DR, SUITE 107",Tempe,AZ,85281,4805078080,2013-09-23,Not stated in NPPES — call to verify,CMS NPPES via Affine
1679076749,Erik Prossen,Other care,,,Tempe,AZ,85283,4807770607,2018-03-14,Not stated in NPPES — call to verify,CMS NPPES via Affine
1598553687,Erik R Dong Do Pllc,Other care,,,Tempe,AZ,85282,4804252160,2025-04-28,Not stated in NPPES — call to verify,CMS NPPES via Affine
1730810607,"Erika Barrios, Rbt",Behavioral health,,,Tempe,AZ,85284,4806720536,2022-06-22,Not stated in NPPES — call to verify,CMS NPPES via Affine
1013386242,Erika Bintz,Behavioral health,Clinical,,Tempe,AZ,85282,4808040326,2025-04-08,Not stated in NPPES — call to verify,CMS NPPES via Affine
1871873158,"Erika Danielle Collins-Frazier, Lac",Behavioral health,Mental Health,"2120 S MCCLINTOCK DR, STE. 105",Tempe,AZ,85282,4808040326,2016-01-19,Not stated in NPPES — call to verify,CMS NPPES via Affine
1871461319,Erika Gonzalez,Behavioral health,,,Tempe,AZ,85283,4804855001,2025-10-27,Not stated in NPPES — call to verify,CMS NPPES via Affine
1114120862,"Erika Lawrence, M.D.",Other care,,"2421 E SOUTHERN AVE, STE 1",Tempe,AZ,85282,4804252160,2016-02-15,Not stated in NPPES — call to verify,CMS NPPES via Affine
1043048895,Erika N Valdes,Other care,Speech-Language Assistant,"1 W ELLIOT RD, #109",Tempe,AZ,85284,4803744341,2024-07-23,Not stated in NPPES — call to verify,CMS NPPES via Affine
1518509405,"Erika T Johnson, Lac",Behavioral health,,,Tempe,AZ,85282,4808396264,2023-06-16,Not stated in NPPES — call to verify,CMS NPPES via Affine
1740125293,"Erin Clapp, Lmsw",Behavioral health,Clinical,,Tempe,AZ,85282,4808040326,2026-04-21,Not stated in NPPES — call to verify,CMS NPPES via Affine
1396309050,Erin Keena,Behavioral health,,,Tempe,AZ,85284,6086665104,2019-04-29,Not stated in NPPES — call to verify,CMS NPPES via Affine
1942423348,"Erin Leigh Dewan, Ed.S.",Behavioral health,School,,Tempe,AZ,85284,4807832000,2007-07-08,Not stated in NPPES — call to verify,CMS NPPES via Affine
1811606353,"Erin Mcdevitt, Pharmd",Pharmacy,,,Tempe,AZ,85282,4805906881,2022-11-22,Not stated in NPPES — call to verify,CMS NPPES via Affine
1518324755,"Erin Otoole, Lmsw",Behavioral health,,"2120 S MCCLINTOCK DR, SUITE 105",Tempe,AZ,85282,4808040326,2017-04-23,Not stated in NPPES — call to verify,CMS NPPES via Affine
1346813292,Erin Sullivan,Other care,,,Tempe,AZ,85284,4803514454,2021-07-20,Not stated in NPPES — call to verify,CMS NPPES via Affine
1710485941,"Erin Sweeney, Ctrs",Other care,,,Tempe,AZ,85282,6022775551,2018-01-23,Not stated in NPPES — call to verify,CMS NPPES via Affine
1023345014,"Erin Trujillo, Lpc",Behavioral health,Professional,"1150 S FOREST AVE, SSV 334",Tempe,AZ,85287,4809656146,2010-11-15,Not stated in NPPES — call to verify,CMS NPPES via Affine
1366038465,Ernest Constantine Esteban,Other care,,,Tempe,AZ,85283,4804667473,2020-12-14,Not stated in NPPES — call to verify,CMS NPPES via Affine
1649352006,Esi Mail Pharmacy Service Inc,Pharmacy,Mail Order Pharmacy,"7909 S HARDY DR, SUITE 106",Tempe,AZ,85284,8009551171,2025-12-05,Not stated in NPPES — call to verify,CMS NPPES via Affine
1730261199,Esi Mail Pharmacy Service Inc,Pharmacy,Mail Order Pharmacy,,Tempe,AZ,85284,4802818897,2025-12-05,Not stated in NPPES — call to verify,CMS NPPES via Affine
1588366777,Essential Health And Wellness Center Llc,Other care,,,Tempe,AZ,85282,4808313057,2023-03-20,Not stated in NPPES — call to verify,CMS NPPES via Affine
1154821718,Esteban Magana Md Pllc,Other care,,,Tempe,AZ,85282,4804252160,2022-12-05,Not stated in NPPES — call to verify,CMS NPPES via Affine
1720184757,"Esteban Magana, M.D.",Other care,,,Tempe,AZ,85282,4804252160,2022-12-05,Not stated in NPPES — call to verify,CMS NPPES via Affine
1942984976,"Estefania Chavez, Slp",Other care,,,Tempe,AZ,85282,4804560719,2024-06-11,Not stated in NPPES — call to verify,CMS NPPES via Affine
1124614672,Ethan N Lu Md Pllc,Other care,,,Tempe,AZ,85282,4804252162,2020-12-18,Not stated in NPPES — call to verify,CMS NPPES via Affine
1144954488,Ethan Pham,Clinic / primary care,,,Tempe,AZ,85283,4804911898,2023-12-08,Not stated in NPPES — call to verify,CMS NPPES via Affine
1164112116,Ethan Santos,Behavioral health,,,Tempe,AZ,85281,8552237123,2023-05-12,Not stated in NPPES — call to verify,CMS NPPES via Affine
1881758589,"Ethera D. Brown, Phd",Behavioral health,,"4659 S LAKESHORE DR, SUITE A",Tempe,AZ,85282,4804235619,2013-08-28,Not stated in NPPES — call to verify,CMS NPPES via Affine
1881922086,Etipser L.L.C.,Other care,,"405 W SOUTHERN AVE, SUITE #3",Tempe,AZ,85282,4806124985,2009-11-27,Not stated in NPPES — call to verify,CMS NPPES via Affine
1952351561,"Eugene Earl Stevens, Md",Clinic / primary care,,,Tempe,AZ,85281,6022741952,2017-12-28,Not stated in NPPES — call to verify,CMS NPPES via Affine
1114277209,"Eva Aida Crocco, Pharm.D.",Pharmacy,,,Tempe,AZ,85283,4808312292,2012-09-15,Not stated in NPPES — call to verify,CMS NPPES via Affine
1750937991,"Eva Bernaciak, Dmd",Dental,,,Tempe,AZ,85282,4809675788,2024-05-14,Not stated in NPPES — call to verify,CMS NPPES via Affine
1962944421,Eva Guerrero,Other care,,"1001 E PLAYA DEL NORTE DR, UNIT#4127",Tempe,AZ,85281,9287506035,2016-11-14,Not stated in NPPES — call to verify,CMS NPPES via Affine
1902678014,Eva Hu,Behavioral health,,,Tempe,AZ,85282,8667278274,2023-10-23,Not stated in NPPES — call to verify,CMS NPPES via Affine
1598062275,"Eva R Besmanoff, Lcsw",Behavioral health,Clinical,"2120 S MCCLINTOCK DR, STE. 105",Tempe,AZ,85282,4808040326,2016-06-29,Not stated in NPPES — call to verify,CMS NPPES via Affine
1225535297,"Eva T Minaskeian, Associate Lmft",Behavioral health,,,Tempe,AZ,85281,4805200003,2026-01-02,Not stated in NPPES — call to verify,CMS NPPES via Affine
1598530073,Evalyn Vasquez,Behavioral health,Clinical,,Tempe,AZ,85282,6233238962,2026-02-18,Not stated in NPPES — call to verify,CMS NPPES via Affine
1275119661,"Evan Kelton Dackowski, Md",Other care,,,Tempe,AZ,85281,4804802020,2026-09-10,Not stated in NPPES — call to verify,CMS NPPES via Affine
1144904756,"Evelyn A Gomez, Rbt",Behavioral health,,,Tempe,AZ,85284,4806720536,2023-06-14,Not stated in NPPES — call to verify,CMS NPPES via Affine
1750993044,"Evelyn Edith Mendez, Bs",Other care,Speech-Language Assistant,,Tempe,AZ,85282,9283237407,2021-06-24,Not stated in NPPES — call to verify,CMS NPPES via Affine
1922825470,"Evelyn Herrington, Lac",Behavioral health,,,Tempe,AZ,85282,4255822041,2024-09-25,Not stated in NPPES — call to verify,CMS NPPES via Affine
1083644173,"Evelyn Sanchez Tiu, Np",Clinic / primary care,Family,"2149 E WARNER RD STE 102, SUITE 110",Tempe,AZ,85284,4806106100,2023-03-07,Not stated in NPPES — call to verify,CMS NPPES via Affine
1942532312,"Everest Solutions, Inc.",Other care,,,Tempe,AZ,85281,6308368626,2024-10-18,Not stated in NPPES — call to verify,CMS NPPES via Affine
1184426116,Evexia Medical Group Inc,Clinic / primary care,,,Tempe,AZ,85283,6027535155,2025-03-27,Not stated in NPPES — call to verify,CMS NPPES via Affine
1861261943,Evolve Life Services,Other care,,"209 E BASELINE RD STE 102, #2",Tempe,AZ,85283,6025791711,2024-01-23,Not stated in NPPES — call to verify,CMS NPPES via Affine
1326691742,"Excel Sports Performance And Rehabilitation, Llc",Clinic / primary care,Physical Therapy,,Tempe,AZ,85281,4048240697,2019-07-24,Not stated in NPPES — call to verify,CMS NPPES via Affine
1669773826,Express Cab Inc.,Other care,,"1655 E SOUTHERN AVE, SUITE #86",Tempe,AZ,85282,6026969200,2010-11-04,Not stated in NPPES — call to verify,CMS NPPES via Affine
1770820342,Express Medical Imaging Llc,Imaging,Magnetic Resonance Imaging,,Tempe,AZ,85282,4804911774,2013-01-15,Not stated in NPPES — call to verify,CMS NPPES via Affine
1508416918,Exr4 Medical Llc,Clinic / primary care,Ambulatory Surgical,,Tempe,AZ,85283,4802728944,2020-07-15,Not stated in NPPES — call to verify,CMS NPPES via Affine
1942078969,Eye Consultants And Surgeons Of Arizona Llc,Other care,,,Tempe,AZ,85281,4807178580,2023-12-19,Not stated in NPPES — call to verify,CMS NPPES via Affine
1699977793,"Eyetech Digital Systems, Inc.",Other care,,,Tempe,AZ,85282,4807043158,2022-01-20,Not stated in NPPES — call to verify,CMS NPPES via Affine
1437897451,Ezini Ugbisien,Behavioral health,,,Tempe,AZ,85284,4805537153,2022-05-20,Not stated in NPPES — call to verify,CMS NPPES via Affine
1760279392,Faith Cisneros,Behavioral health,,,Tempe,AZ,85282,4805250058,2025-04-25,Not stated in NPPES — call to verify,CMS NPPES via Affine
1710673850,"Faith Marie Edwards, M.S.",Other care,,,Tempe,AZ,85281,4809669934,2023-04-12,Not stated in NPPES — call to verify,CMS NPPES via Affine
1841961182,Family Care Hospice Inc,Other care,,,Tempe,AZ,85282,6028057940,2026-02-27,Not stated in NPPES — call to verify,CMS NPPES via Affine
1952986317,"Family Home Care, Inc",Other care,,,Tempe,AZ,85282,4806348828,2021-03-16,Not stated in NPPES — call to verify,CMS NPPES via Affine
1699011791,Family Resources Inc.,Behavioral health,Clinical,"2101 E BROADWAY RD, STE. 25",Tempe,AZ,85282,4809213711,2012-12-17,Not stated in NPPES — call to verify,CMS NPPES via Affine
1700040078,Family Tree Healthcare,Other care,,,Tempe,AZ,85283,4805291686,2008-07-15,Not stated in NPPES — call to verify,CMS NPPES via Affine
1730382086,"Farhat S Ahmedi, Md",Clinic / primary care,,,Tempe,AZ,85284,4803622983,2018-09-19,Not stated in NPPES — call to verify,CMS NPPES via Affine
1770558124,"Farren Nixon Castelein, Atc",Other care,Athletic Trainer,"500 E. VETERANS WAY, ASU SPORTS MEDICINE",Tempe,AZ,85287,4809656389,2026-07-13,Not stated in NPPES — call to verify,CMS NPPES via Affine
1265153035,"Fast Iv Therapy, Llc",Other care,,"64 E BROADWAY RD, STE 200",Tempe,AZ,85282,4803788000,2022-09-08,Not stated in NPPES — call to verify,CMS NPPES via Affine
1871960229,"Fatima Aziz Alhadi, N.M.D",Other care,,"600 E BASELINE RD, B2",Tempe,AZ,85283,4805680252,2015-09-01,Not stated in NPPES — call to verify,CMS NPPES via Affine
1851182653,"Fatima Michelle Thornton, Hhwc",Other care,,,Tempe,AZ,85282,4806520115,2025-06-24,Not stated in NPPES — call to verify,CMS NPPES via Affine
1306588934,Fatou Jagne,Behavioral health,,,Tempe,AZ,85283,4804893925,2022-04-13,Not stated in NPPES — call to verify,CMS NPPES via Affine
1720248008,"Faynella Tiu, Dpt",Other care,,,Tempe,AZ,85282,4802220655,2024-09-09,Not stated in NPPES — call to verify,CMS NPPES via Affine
1215887591,Fayth V Jones,Behavioral health,,,Tempe,AZ,85281,4808630763,2026-01-28,Not stated in NPPES — call to verify,CMS NPPES via Affine
1295741791,"Fayyaz Ahmad, M.D.",Other care,Psychiatry,,Tempe,AZ,85281,4809295100,2016-12-02,Not stated in NPPES — call to verify,CMS NPPES via Affine
1841819919,"Felicia Ann Hill, Fnp",Clinic / primary care,Family,,Tempe,AZ,85282,4808275650,2020-04-09,Not stated in NPPES — call to verify,CMS NPPES via Affine
1265287015,Felicia Miles,Clinic / primary care,,,Tempe,AZ,85284,4802446322,2024-04-24,Not stated in NPPES — call to verify,CMS NPPES via Affine
1891426540,Felicia Moya,Behavioral health,,,Tempe,AZ,85281,8552237123,2022-06-23,Not stated in NPPES — call to verify,CMS NPPES via Affine
1316928047,"Felipe Dejesus Cruz, Md",Other care,,"2000 E SOUTHERN AVE, SUITE 102",Tempe,AZ,85282,4808209141,2010-07-30,Not stated in NPPES — call to verify,CMS NPPES via Affine
1811376338,"Felisha M Hudson, Lcsw",Behavioral health,Clinical,"2120 S MCCLINTOCK DR, STE. 105",Tempe,AZ,85282,4808040326,2020-06-04,Not stated in NPPES — call to verify,CMS NPPES via Affine
1346875754,Feras Ziadat Dmd Pllc,Clinic / primary care,Dental,,Tempe,AZ,85284,4803457413,2020-03-05,Not stated in NPPES — call to verify,CMS NPPES via Affine
1194164285,"Fernando Trinidad Saldana Jr., Fnp",Clinic / primary care,Family,,Tempe,AZ,85281,4807845533,2016-10-18,Not stated in NPPES — call to verify,CMS NPPES via Affine
1215518873,"Fernie Romo, Ms, Bcba, Lba",Behavioral health,,,Tempe,AZ,85284,4806720536,2025-02-10,Not stated in NPPES — call to verify,CMS NPPES via Affine
1821252859,"Fertility Treatment Center, Llc",Clinic / primary care,Ambulatory Fertility Facility,,Tempe,AZ,85284,4808312445,2023-05-31,Not stated in NPPES — call to verify,CMS NPPES via Affine
1396921367,"Fertility Treatment Center, Llc",Other care,Reproductive Endocrinology,,Tempe,AZ,85284,4808312445,2024-02-07,Not stated in NPPES — call to verify,CMS NPPES via Affine
1912729872,Field Pediatric Speech Therapy Pllc,Other care,,,Tempe,AZ,85283,6028343999,2024-10-30,Not stated in NPPES — call to verify,CMS NPPES via Affine
1629887831,Find Your Shine Therapy,Behavioral health,Professional,,Tempe,AZ,85283,4802292909,2025-01-02,Not stated in NPPES — call to verify,CMS NPPES via Affine
1265641799,First Assistants Pllc,Other care,Registered Nurse First Assistant,"2000 E SOUTHERN AVE, SUITE 102",Tempe,AZ,85282,4808209155,2020-08-22,Not stated in NPPES — call to verify,CMS NPPES via Affine
1023852928,First Person Care Clinic,Clinic / primary care,,,Tempe,AZ,85282,7023808118,2025-01-29,Not stated in NPPES — call to verify,CMS NPPES via Affine
1912712506,First Person Care Clinic,Clinic / primary care,Federally Qualified Health Center (FQHC),,Tempe,AZ,85282,4808679300,2025-02-11,Not stated in NPPES — call to verify,CMS NPPES via Affine
1265375299,First Priority Medical Transport Llc,Other care,,,Tempe,AZ,85283,6024326922,2026-04-13,Not stated in NPPES — call to verify,CMS NPPES via Affine
1346900149,"First Step Weight Loss, Pllc",Other care,"Nutrition, Obesity and Weight Management",,Tempe,AZ,85282,4806895104,2021-12-21,Not stated in NPPES — call to verify,CMS NPPES via Affine
1386985786,"Fizzah Ahmed, Pa-C",Clinic / primary care,Medical,,Tempe,AZ,85283,6024374800,2017-03-14,Not stated in NPPES — call to verify,CMS NPPES via Affine
1306103155,"Flaget Simms Dube, Otr/L",Behavioral health,Clinical,,Tempe,AZ,85282,5026485441,2026-08-19,Not stated in NPPES — call to verify,CMS NPPES via Affine
1639864143,"Flavia Tumora Saxon, Cna",Other care,,,Tempe,AZ,85282,4802286878,2023-04-10,Not stated in NPPES — call to verify,CMS NPPES via Affine
1063610350,Focus Employment Services,Other care,,,Tempe,AZ,85281,6023121045,2010-04-23,Not stated in NPPES — call to verify,CMS NPPES via Affine
1922512466,"Fonta Lena Wenger, Ms, Otr/L",Other care,,,Tempe,AZ,85282,4804560719,2017-11-20,Not stated in NPPES — call to verify,CMS NPPES via Affine
1063508315,Foothills Anesthesiology Pc,Other care,,,Tempe,AZ,85282,4804252160,2022-12-08,Not stated in NPPES — call to verify,CMS NPPES via Affine
1962577544,Foothills Professional Pharmacy Ltd,Pharmacy,Compounding Pharmacy,,Tempe,AZ,85283,4804964444,2024-12-13,Not stated in NPPES — call to verify,CMS NPPES via Affine
1871916973,"Foothills Sports Medicine & Rehabilitation - Tempe, Llc",Other care,,"325 W ELLIOT RD, SUITE 104",Tempe,AZ,85284,4807568617,2016-05-04,Not stated in NPPES — call to verify,CMS NPPES via Affine
1003120536,Forrest Ann Walsh,Other care,,"5440 S LAKESHORE DR, SUITE 101",Tempe,AZ,85283,4806121176,2010-07-26,Not stated in NPPES — call to verify,CMS NPPES via Affine
1477485712,Fortune Wellness Llc,Other care,,,Tempe,AZ,85283,6235945447,2026-06-01,Not stated in NPPES — call to verify,CMS NPPES via Affine
1851335996,Founders Healthcare Llc,Other care,,,Tempe,AZ,85282,4805050038,2026-07-16,Not stated in NPPES — call to verify,CMS NPPES via Affine
1104365477,"Fountain Hills Hospice, Llc",Other care,,,Tempe,AZ,85281,8889004543,2019-10-11,Not stated in NPPES — call to verify,CMS NPPES via Affine
1194479345,Fountains Of Hope Behavioral Health Llc,Behavioral health,Mental Health (Including Community Mental Health Center),,Tempe,AZ,85282,7323221807,2022-02-07,Not stated in NPPES — call to verify,CMS NPPES via Affine
1386840007,Four Peaks Chiropractic,Other care,,,Tempe,AZ,85282,4808299593,2020-08-22,Not stated in NPPES — call to verify,CMS NPPES via Affine
1649111063,Fox Anesthesia Consultants Llc,Other care,,,Tempe,AZ,85282,4804252160,2026-04-01,Not stated in NPPES — call to verify,CMS NPPES via Affine
1811746753,Frances Violante,Other care,,,Tempe,AZ,85284,4803744341,2024-05-14,Not stated in NPPES — call to verify,CMS NPPES via Affine
1376358101,Francesca Gomez,Other care,,,Tempe,AZ,85288,4809657296,2025-02-10,Not stated in NPPES — call to verify,CMS NPPES via Affine
1154863595,"Franchesca V Johnson, Lmsw",Behavioral health,,"2120 S MCCLINTOCK DR, SUITE 105",Tempe,AZ,85282,4808040326,2017-04-23,Not stated in NPPES — call to verify,CMS NPPES via Affine
1316831431,Francis Gonzales,Behavioral health,,,Tempe,AZ,85281,4808630763,2025-06-04,Not stated in NPPES — call to verify,CMS NPPES via Affine
1417636531,"Francis M Bermudez, Lpc",Behavioral health,Mental Health,,Tempe,AZ,85282,6023803023,2026-08-29,Not stated in NPPES — call to verify,CMS NPPES via Affine
1073981874,"Francisca Diaz, Whnp",Clinic / primary care,Women''s Health,,Tempe,AZ,85283,4808206657,2025-09-10,Not stated in NPPES — call to verify,CMS NPPES via Affine
1992546337,"Frank D Rosenberg, Fnp-C",Clinic / primary care,Family,,Tempe,AZ,85282,6022830080,2024-08-09,Not stated in NPPES — call to verify,CMS NPPES via Affine
1528578606,Frank J Janus,Other care,,,Tempe,AZ,85283,4804910739,2017-10-03,Not stated in NPPES — call to verify,CMS NPPES via Affine
1013342922,Frank P Caserta Md Pc,Other care,,,Tempe,AZ,85282,4809673381,2018-09-05,Not stated in NPPES — call to verify,CMS NPPES via Affine
1528842333,Fred Poe,Behavioral health,,,Tempe,AZ,85282,7346268778,2023-08-22,Not stated in NPPES — call to verify,CMS NPPES via Affine
1912930306,"Freddie Carabajal, Atc",Other care,,,Tempe,AZ,85284,6023791713,2007-07-08,Not stated in NPPES — call to verify,CMS NPPES via Affine
1952626806,"Freedom And The Seed, Llc",Other care,,,Tempe,AZ,85281,4805281689,2010-04-05,Not stated in NPPES — call to verify,CMS NPPES via Affine
1275154585,Freedom Lounge Pllc,Behavioral health,Psychiatric/Mental Health,,Tempe,AZ,85283,4805315973,2020-04-28,Not stated in NPPES — call to verify,CMS NPPES via Affine
1093434813,Fresh Start Behavioral Health Clinic Llc,Behavioral health,Adult Mental Health,,Tempe,AZ,85282,6309653229,2023-06-08,Not stated in NPPES — call to verify,CMS NPPES via Affine
1356293534,"Friendly Foot And Ankle, Pllc",Other care,Primary Podiatric Medicine,,Tempe,AZ,85282,4808310700,2026-07-14,Not stated in NPPES — call to verify,CMS NPPES via Affine
1366150377,"Friends Of Flowers, Llc",Clinic / primary care,,,Tempe,AZ,85282,7029698762,2022-11-08,Not stated in NPPES — call to verify,CMS NPPES via Affine
1558271858,Frindrich Medical Llc,Other care,,,Tempe,AZ,85282,4804252160,2026-09-09,Not stated in NPPES — call to verify,CMS NPPES via Affine
1922338227,Fsl Pathways,Other care,,,Tempe,AZ,85283,6022850505,2026-03-20,Not stated in NPPES — call to verify,CMS NPPES via Affine
1619033412,Fsl Pathways,Other care,,,Tempe,AZ,85282,4809677304,2026-03-20,Not stated in NPPES — call to verify,CMS NPPES via Affine
1912062910,Fsl Programs,Other care,,,Tempe,AZ,85281,4809686589,2020-08-22,Not stated in NPPES — call to verify,CMS NPPES via Affine
1104982503,Fsl Programs,Other care,,,Tempe,AZ,85281,4804463004,2020-08-22,Not stated in NPPES — call to verify,CMS NPPES via Affine
1750885547,"Full Spectrum Behavioral Solutions, Pllc",Behavioral health,,,Tempe,AZ,85283,6175386245,2024-01-12,Not stated in NPPES — call to verify,CMS NPPES via Affine
1730146283,Functional Performance Center Llc,Other care,,,Tempe,AZ,85282,4809682020,2025-12-03,Not stated in NPPES — call to verify,CMS NPPES via Affine
1427919414,Future Minds Aba Services,Behavioral health,,,Tempe,AZ,85284,6028849164,2026-06-23,Not stated in NPPES — call to verify,CMS NPPES via Affine
1902085111,Fx Rx Inc.,Other care,,"60 E RIO SALADO PKWY, SIUTE 505",Tempe,AZ,85281,4804493979,2008-06-17,Not stated in NPPES — call to verify,CMS NPPES via Affine
1598240749,Ga-Young Kim,Pharmacy,,,Tempe,AZ,85281,4809666271,2020-07-15,Not stated in NPPES — call to verify,CMS NPPES via Affine
1710753934,"Gabriel Cortize John Jr., Behavior Technician",Behavioral health,,,Tempe,AZ,85282,4809991190,2023-11-29,Not stated in NPPES — call to verify,CMS NPPES via Affine
1497903504,Gabriela Gloria Chavez,Behavioral health,School,,Tempe,AZ,85282,4807307100,2008-09-03,Not stated in NPPES — call to verify,CMS NPPES via Affine
1225589716,"Gabriela Malina, Nmd",Other care,,,Tempe,AZ,85284,4807646828,2026-07-02,Not stated in NPPES — call to verify,CMS NPPES via Affine
1427754100,Gabriele Frias,Behavioral health,,,Tempe,AZ,85281,8552237123,2023-02-03,Not stated in NPPES — call to verify,CMS NPPES via Affine
1104489699,"Gabriella Lynne Smith, Md",Other care,Gynecologic Oncology,,Tempe,AZ,85284,4802561664,2026-08-03,Not stated in NPPES — call to verify,CMS NPPES via Affine
1346994878,"Gabriella Rae Lash, Pa-C",Clinic / primary care,,,Tempe,AZ,85283,4808310600,2026-08-28,Not stated in NPPES — call to verify,CMS NPPES via Affine
1205218195,Gabrielle Womack,Other care,,,Tempe,AZ,85282,6025679881,2021-01-25,Not stated in NPPES — call to verify,CMS NPPES via Affine
1760727572,"Gail L Tronzo, M.Ed.",Other care,,,Tempe,AZ,85282,4809678933,2012-12-05,Not stated in NPPES — call to verify,CMS NPPES via Affine
1326749466,Galilea Gonzalez,Behavioral health,,,Tempe,AZ,85281,8552237123,2023-03-15,Not stated in NPPES — call to verify,CMS NPPES via Affine
1942671425,Garret Majlinger,Clinic / primary care,,,Tempe,AZ,85288,4809248382,2023-04-28,Not stated in NPPES — call to verify,CMS NPPES via Affine
1518153618,"Garrett L Marr, Md",Other care,,"2600 E SOUTHERN AVE, SUITE E-1",Tempe,AZ,85282,4809462208,2007-09-21,Not stated in NPPES — call to verify,CMS NPPES via Affine
1205510914,Garrison Mast,Other care,,,Tempe,AZ,85284,4807851765,2025-05-14,Not stated in NPPES — call to verify,CMS NPPES via Affine
1083716575,"Gary Douglas Lovejoy, Ph.D.",Behavioral health,,,Tempe,AZ,85282,4807561669,2007-07-08,Not stated in NPPES — call to verify,CMS NPPES via Affine
1235108002,"Gary F Simpson, M.D.",Other care,Clinical Genetics (M.D.),"6301 S MCCLINTOCK DR, SUITE 115",Tempe,AZ,85283,4808970234,2026-07-13,Not stated in NPPES — call to verify,CMS NPPES via Affine
1639134026,"Gary L Septon, M.D.",Other care,,,Tempe,AZ,85281,4809653346,2026-07-13,Not stated in NPPES — call to verify,CMS NPPES via Affine
1578609418,Gateway Air Ambulance Inc.,Other care,Air Transport,"60 E. RIO SALADO PARKWAY, SUITE 900",Tempe,AZ,85281,9136635535,2011-11-18,Not stated in NPPES — call to verify,CMS NPPES via Affine
1346086501,Gateway Health Wellness And Aesthetics,Clinic / primary care,Acute Care,,Tempe,AZ,85283,9737316253,2024-09-16,Not stated in NPPES — call to verify,CMS NPPES via Affine
1720724008,"Gauge Romine, Lpc",Behavioral health,Professional,,Tempe,AZ,85282,4808040326,2024-10-07,Not stated in NPPES — call to verify,CMS NPPES via Affine
1740047307,"Gavin Spencer Sulewski, Bs, Rbt",Behavioral health,,,Tempe,AZ,85284,4806720536,2024-02-29,Not stated in NPPES — call to verify,CMS NPPES via Affine
1033573951,"Gaylon Calahan, Lmsw",Behavioral health,,"2120 S MCCLINTOCK DR, SUITE 105",Tempe,AZ,85282,4808040326,2016-04-06,Not stated in NPPES — call to verify,CMS NPPES via Affine
1750262762,Gayrene Ocuaman,Clinic / primary care,Family,,Tempe,AZ,85283,4809078304,2025-10-17,Not stated in NPPES — call to verify,CMS NPPES via Affine
1710319371,Gbh Dental Llc,Clinic / primary care,Dental,,Tempe,AZ,85282,4808313898,2015-12-18,Not stated in NPPES — call to verify,CMS NPPES via Affine
1437793965,"Gena B Langit, Lac",Behavioral health,,,Tempe,AZ,85282,4808040326,2019-10-28,Not stated in NPPES — call to verify,CMS NPPES via Affine
1063188092,"Gena Edwards, Lmt",Other care,,,Tempe,AZ,85282,6024561662,2021-08-19,Not stated in NPPES — call to verify,CMS NPPES via Affine
1316407059,"Genalyte, Inc",Clinic / primary care,,,Tempe,AZ,85281,8589561200,2019-03-20,Not stated in NPPES — call to verify,CMS NPPES via Affine
1548258122,"Gene M Winfield, D.O.",Clinic / primary care,,,Tempe,AZ,85282,4805570051,2013-03-29,Not stated in NPPES — call to verify,CMS NPPES via Affine
1558566331,Gene Winfield Do Pc,Clinic / primary care,,"960 W UNIVERSITY DR, SUITE 111",Tempe,AZ,85281,4805570051,2020-08-22,Not stated in NPPES — call to verify,CMS NPPES via Affine
1114335247,Generations Home Care,Other care,,,Tempe,AZ,85283,6025954663,2014-08-01,Not stated in NPPES — call to verify,CMS NPPES via Affine
1124369368,Generations House Call Providers,Clinic / primary care,,"2111 E BASELINE RD, SUITE B5",Tempe,AZ,85283,4808004800,2013-06-28,Not stated in NPPES — call to verify,CMS NPPES via Affine
1689822215,Genesis Health Systems,Other care,,"209 E BASELINE RD, SUITE E102",Tempe,AZ,85283,4802848155,2009-02-20,Not stated in NPPES — call to verify,CMS NPPES via Affine
1306791066,Genesis Ramos Rosado,Behavioral health,Mental Health,,Tempe,AZ,85288,4809657296,2026-02-27,Not stated in NPPES — call to verify,CMS NPPES via Affine
1013276047,Genoa Healthcare Llc,Pharmacy,Long Term Care Pharmacy,"1642 S PRIEST DR, BLDG 6 STE 101",Tempe,AZ,85281,4802960097,2024-12-17,Not stated in NPPES — call to verify,CMS NPPES via Affine
1265115083,Genoa Healthcare Llc,Pharmacy,Long Term Care Pharmacy,"1492 S MILL AVE, SUITE 212, ROOM P",Tempe,AZ,85281,2532180830,2024-01-22,Not stated in NPPES — call to verify,CMS NPPES via Affine
1124339221,"Gentle Care Dental, Pllc",Dental,General Practice,,Tempe,AZ,85284,4803452165,2010-06-24,Not stated in NPPES — call to verify,CMS NPPES via Affine
1962174144,"Gentry Tays, Rbt",Behavioral health,,,Tempe,AZ,85284,4806720536,2021-10-05,Not stated in NPPES — call to verify,CMS NPPES via Affine
1114894854,"Geoffrey Hushaw, Lmsw",Behavioral health,Clinical,,Tempe,AZ,85283,4802123349,2025-10-18,Not stated in NPPES — call to verify,CMS NPPES via Affine
1780312835,Geoffrey Tatelbaum,Pharmacy,,,Tempe,AZ,85283,6028100857,2022-08-08,Not stated in NPPES — call to verify,CMS NPPES via Affine
1124418611,"George A Carr Jr., Dds",Dental,,"2072 E SOUTHERN AVE, SUITE A-103",Tempe,AZ,85282,4807560194,2026-01-26,Not stated in NPPES — call to verify,CMS NPPES via Affine
1437230240,George Carr Dds & Associates Pllc,Dental,,"2072 E SOUTHERN AVE, SUITE A-103",Tempe,AZ,85282,4807560194,2020-08-22,Not stated in NPPES — call to verify,CMS NPPES via Affine
1295122943,"George Roy, M.D.",Clinic / primary care,,,Tempe,AZ,85284,4808827390,2019-08-12,Not stated in NPPES — call to verify,CMS NPPES via Affine
1629059340,"George Scott Gieszl Jr., Md",Other care,,"2000 E SOUTHERN AVE, SUITE 102",Tempe,AZ,85282,4808209141,2010-07-29,Not stated in NPPES — call to verify,CMS NPPES via Affine
1184477242,George Wilson,Behavioral health,,,Tempe,AZ,85281,8552237123,2024-04-09,Not stated in NPPES — call to verify,CMS NPPES via Affine
1124907316,"Georgeanne Tolmachoff, Pharmd",Pharmacy,,,Tempe,AZ,85281,4802960222,2025-09-01,Not stated in NPPES — call to verify,CMS NPPES via Affine
1487839940,"Gerald P. Ford, M.D. P.C",Other care,,,Tempe,AZ,85282,4809673381,2018-09-07,Not stated in NPPES — call to verify,CMS NPPES via Affine
1275745523,Geri Lynn Dewaard,Other care,,,Tempe,AZ,85283,4808972541,2007-07-08,Not stated in NPPES — call to verify,CMS NPPES via Affine
1538264791,"Geriatric Services Of America, Inc.",Pharmacy,Specialty Pharmacy,"5030 S MILL AVE, SUITE D-23",Tempe,AZ,85282,4809679203,2008-05-02,Not stated in NPPES — call to verify,CMS NPPES via Affine
1780406686,"Gerinet Palliative Care, Llc",Other care,,,Tempe,AZ,85282,4805818554,2025-09-24,Not stated in NPPES — call to verify,CMS NPPES via Affine
1356889513,German Dobson Cvs Llc,Pharmacy,,,Tempe,AZ,85281,4809670799,2022-07-21,Not stated in NPPES — call to verify,CMS NPPES via Affine
1003838889,German Dobson Cvs Llc,Pharmacy,,,Tempe,AZ,85283,4808312292,2016-10-26,Not stated in NPPES — call to verify,CMS NPPES via Affine
1730397241,German Dobson Cvs Llc,Pharmacy,,,Tempe,AZ,85281,4802142668,2016-10-27,Not stated in NPPES — call to verify,CMS NPPES via Affine
1609971449,German Dobson Cvs Llc,Pharmacy,,,Tempe,AZ,85284,4804563602,2024-04-10,Not stated in NPPES — call to verify,CMS NPPES via Affine
1437193786,"German Dobson Cvs, L.L.C.",Pharmacy,,,Tempe,AZ,85281,4809666271,2010-09-13,Not stated in NPPES — call to verify,CMS NPPES via Affine
1992800734,"German Dobson Cvs, L.L.C.",Pharmacy,,,Tempe,AZ,85282,4805570970,2024-03-27,Not stated in NPPES — call to verify,CMS NPPES via Affine
1669276101,Gervonne Jefferson,Other care,,,Tempe,AZ,85284,3138487384,2025-04-03,Not stated in NPPES — call to verify,CMS NPPES via Affine
1972488419,"Geryl Lynn Cunningham, Lmsw",Behavioral health,,,Tempe,AZ,85284,4803397119,2025-08-06,Not stated in NPPES — call to verify,CMS NPPES via Affine
1225253800,"Ghassan Fraij, M.D.",Clinic / primary care,Interventional Cardiology,,Tempe,AZ,85282,4808784077,2023-02-27,Not stated in NPPES — call to verify,CMS NPPES via Affine
1659159119,"Gianna Elizabeth Johnston, Lmsw",Behavioral health,,,Tempe,AZ,85283,4803269732,2023-09-18,Not stated in NPPES — call to verify,CMS NPPES via Affine
1568675643,"Gigette L Dillow, Ccc-Slp",Other care,,,Tempe,AZ,85282,4804560719,2018-05-09,Not stated in NPPES — call to verify,CMS NPPES via Affine
1609921378,Gila Internal Medicine & Geriatric P C,Other care,,"2727 W BASELINE RD., SUITE 8",Tempe,AZ,85283,6023230904,2024-08-12,Not stated in NPPES — call to verify,CMS NPPES via Affine
1760062012,"Gilbert Jew, Ph.D.",Behavioral health,Counseling,,Tempe,AZ,85281,6028344316,2021-12-16,Not stated in NPPES — call to verify,CMS NPPES via Affine
1881371854,"Gina C Melendrez, Rbt",Behavioral health,,,Tempe,AZ,85284,4806720536,2023-06-30,Not stated in NPPES — call to verify,CMS NPPES via Affine
1902785033,Gina Lemmon,Other care,,,Tempe,AZ,85282,4809678933,2025-09-02,Not stated in NPPES — call to verify,CMS NPPES via Affine
1972879138,Ginger Alma Valenzuela,Other care,Speech-Language Assistant,,Tempe,AZ,85282,4808943205,2012-03-31,Not stated in NPPES — call to verify,CMS NPPES via Affine
1679505275,"Ginger D Akins, Msn Fnp",Clinic / primary care,Family,,Tempe,AZ,85281,6023091572,2020-03-05,Not stated in NPPES — call to verify,CMS NPPES via Affine
1528895182,"Ginno De Leon, Pmhnp-Bc",Behavioral health,Psychiatric/Mental Health,,Tempe,AZ,85288,7025894871,2026-09-11,Not stated in NPPES — call to verify,CMS NPPES via Affine
1770491771,Gisselle Orozco,Behavioral health,,,Tempe,AZ,85283,4809020771,2026-08-31,Not stated in NPPES — call to verify,CMS NPPES via Affine
1376567073,"Glenn C Brooks, Pt",Other care,,,Tempe,AZ,85282,4807551505,2008-05-16,Not stated in NPPES — call to verify,CMS NPPES via Affine
1699900530,"Glenn L Walker, M.D.",Other care,,,Tempe,AZ,85282,4808209141,2013-12-20,Not stated in NPPES — call to verify,CMS NPPES via Affine
1053324640,"Glenn Scot Goldman, D.C.",Other care,,,Tempe,AZ,85282,4809688212,2007-07-08,Not stated in NPPES — call to verify,CMS NPPES via Affine
1982951455,"Gloria B Sun, Pharmd",Pharmacy,,,Tempe,AZ,85282,4808291857,2012-08-14,Not stated in NPPES — call to verify,CMS NPPES via Affine
1780051748,"Gloria Beasinger, Rn",Other care,,,Tempe,AZ,85284,4805415200,2015-08-26,Not stated in NPPES — call to verify,CMS NPPES via Affine
1467512533,"Gloria Carol Dayley, Lpc",Behavioral health,Professional,,Tempe,AZ,85282,4808972744,2007-07-08,Not stated in NPPES — call to verify,CMS NPPES via Affine
1437376811,Gloria Christie,Other care,,,Tempe,AZ,85283,4809801383,2007-07-08,Not stated in NPPES — call to verify,CMS NPPES via Affine
1679036800,Gmclarty Enterprises Llc,Clinic / primary care,Physical Therapy,,Tempe,AZ,85281,4804744921,2026-01-05,Not stated in NPPES — call to verify,CMS NPPES via Affine
1275398893,Gmclarty Enterprises Llc,Clinic / primary care,Physical Therapy,,Tempe,AZ,85281,4804744921,2025-05-04,Not stated in NPPES — call to verify,CMS NPPES via Affine
1346111747,Gojo 1 Pllc,Clinic / primary care,Primary Care,,Tempe,AZ,85283,4809078304,2025-09-17,Not stated in NPPES — call to verify,CMS NPPES via Affine
1952610735,"Goldberg Consulting Group, Inc.",Behavioral health,Counseling,"600 E BASELINE RD, SUITE C-1",Tempe,AZ,85283,4808310746,2010-09-28,Not stated in NPPES — call to verify,CMS NPPES via Affine
1184145047,"Goldberg Consulting Group, Inc.",Behavioral health,Clinical Child & Adolescent,"600 EAST BASELINE ROAD, SUITE C-1",Tempe,AZ,85283,4808310746,2017-06-30,Not stated in NPPES — call to verify,CMS NPPES via Affine
1063170108,Golden Gate Hospice Inc,Other care,,,Tempe,AZ,85288,6026699812,2025-10-16,Not stated in NPPES — call to verify,CMS NPPES via Affine
1124883871,Golden Health Initiative Inc,Clinic / primary care,,,Tempe,AZ,85283,4802311240,2024-02-20,Not stated in NPPES — call to verify,CMS NPPES via Affine
1881425130,"Good Health Medical, Pllc",Clinic / primary care,,,Tempe,AZ,85284,4806778282,2024-08-09,Not stated in NPPES — call to verify,CMS NPPES via Affine
1316837321,"Good Health Medical, Pllc",Clinic / primary care,,,Tempe,AZ,85283,4806778282,2025-07-09,Not stated in NPPES — call to verify,CMS NPPES via Affine
1457386013,"Gordon E Genta, M.D. P.C.",Other care,,,Tempe,AZ,85282,4808393621,2020-08-22,Not stated in NPPES — call to verify,CMS NPPES via Affine
1922078526,"Gordon Genta, M.D.",Other care,,"2600 E SOUTHERN AVE, STE J-2",Tempe,AZ,85282,4803450964,2026-07-13,Not stated in NPPES — call to verify,CMS NPPES via Affine
1154797017,"Grace Karcher, Bsn, Rn",Other care,,,Tempe,AZ,85283,4807307100,2015-08-14,Not stated in NPPES — call to verify,CMS NPPES via Affine
1467121855,Grace M Miller,Behavioral health,,,Tempe,AZ,85284,6026665101,2021-09-08,Not stated in NPPES — call to verify,CMS NPPES via Affine
1952982688,Grace Negvesky,Behavioral health,,,Tempe,AZ,85284,6026665101,2021-04-15,Not stated in NPPES — call to verify,CMS NPPES via Affine
1922515014,"Grace Portley, Lmsw",Behavioral health,,,Tempe,AZ,85282,4808040326,2018-01-10,Not stated in NPPES — call to verify,CMS NPPES via Affine
1326930710,"Graciela Badilla-Guevara, Rn",Other care,School,,Tempe,AZ,85283,6023006721,2025-07-18,Not stated in NPPES — call to verify,CMS NPPES via Affine
1841760873,Grandview Dme Llc,Other care,,,Tempe,AZ,85282,4809304018,2018-12-13,Not stated in NPPES — call to verify,CMS NPPES via Affine
1386611705,"Grant A Hertel, Md",Other care,Anatomic Pathology,,Tempe,AZ,85281,6026855211,2010-07-12,Not stated in NPPES — call to verify,CMS NPPES via Affine
1588198030,"Grant Fox, D.C.",Other care,,,Tempe,AZ,85282,4808299593,2017-04-11,Not stated in NPPES — call to verify,CMS NPPES via Affine
1417641432,Grant Hubbard,Behavioral health,,,Tempe,AZ,85281,8552237123,2024-09-19,Not stated in NPPES — call to verify,CMS NPPES via Affine
1023289253,"Grant Russel Nees, M.Ed. In Counseling",Behavioral health,Mental Health,"2120 S MCCLINTOCK DR, SUITE 105",Tempe,AZ,85282,4808040326,2017-04-23,Not stated in NPPES — call to verify,CMS NPPES via Affine
1194135871,Greater Phoenix Psychiatric Associate Pllc,Other care,Psychiatry,,Tempe,AZ,85283,6022206297,2014-06-10,Not stated in NPPES — call to verify,CMS NPPES via Affine
1942891908,Greathearts Behavioral Health Llc,Behavioral health,Psychiatric/Mental Health,,Tempe,AZ,85282,4807474623,2023-03-10,Not stated in NPPES — call to verify,CMS NPPES via Affine
1487110672,Greding Family Dental Pllc,Dental,General Practice,,Tempe,AZ,85282,4803554131,2019-02-13,Not stated in NPPES — call to verify,CMS NPPES via Affine
1033500491,"Gregg M Citron, M.D., P.C.",Other care,,,Tempe,AZ,85282,4804252160,2022-12-01,Not stated in NPPES — call to verify,CMS NPPES via Affine
1558322644,"Gregg M Citron, Md",Other care,,,Tempe,AZ,85282,4804252160,2022-12-01,Not stated in NPPES — call to verify,CMS NPPES via Affine
1013826171,Gregomd Llc,Other care,,,Tempe,AZ,85282,4804252160,2026-09-03,Not stated in NPPES — call to verify,CMS NPPES via Affine
1144547357,"Gregory G. Zobell, Np",Clinic / primary care,Adult Health,,Tempe,AZ,85284,4809698714,2010-12-23,Not stated in NPPES — call to verify,CMS NPPES via Affine
1598463663,"Gregory Iiames, Mapc",Behavioral health,Mental Health,,Tempe,AZ,85282,4807124600,2024-02-21,Not stated in NPPES — call to verify,CMS NPPES via Affine
1023221405,Gregory L. Ten Eyck Dds Pc,Dental,General Practice,"2233 W BASELINE RD, SUITE 104",Tempe,AZ,85283,6024389245,2020-08-22,Not stated in NPPES — call to verify,CMS NPPES via Affine
1669567434,"Gregory Lee Ellison, M.D.",Clinic / primary care,,,Tempe,AZ,85283,4808977070,2008-05-21,Not stated in NPPES — call to verify,CMS NPPES via Affine
1962652008,"Gregory Novie, Phd",Behavioral health,,,Tempe,AZ,85282,6025765000,2011-07-15,Not stated in NPPES — call to verify,CMS NPPES via Affine
1932701794,"Gregory Oxendale, Rn",Behavioral health,Psychiatric/Mental Health,,Tempe,AZ,85284,6025651090,2022-02-08,Not stated in NPPES — call to verify,CMS NPPES via Affine
1598340044,"Gregory Robert Billings, Mpas",Clinic / primary care,Surgical,,Tempe,AZ,85281,4809620071,2025-01-20,Not stated in NPPES — call to verify,CMS NPPES via Affine
1447978515,"Gregory Shrader, Ph.D.",Behavioral health,Clinical,,Tempe,AZ,85281,6024029042,2022-08-16,Not stated in NPPES — call to verify,CMS NPPES via Affine
1467291435,"Gregory Vaughn, Rbt",Behavioral health,,,Tempe,AZ,85284,4806720536,2024-05-21,Not stated in NPPES — call to verify,CMS NPPES via Affine
1861874950,Gretchen Hays,Other care,,,Tempe,AZ,85281,6026475776,2015-06-24,Not stated in NPPES — call to verify,CMS NPPES via Affine
1922732296,"Griffin Medical, Pllc",Clinic / primary care,,,Tempe,AZ,85282,4804003175,2023-05-02,Not stated in NPPES — call to verify,CMS NPPES via Affine
1629547104,Guadalupe Medical Group Llc,Clinic / primary care,,,Tempe,AZ,85283,4808398552,2024-02-12,Not stated in NPPES — call to verify,CMS NPPES via Affine
1558118802,Guided Journeys Az,Behavioral health,Professional,,Tempe,AZ,85284,4802368202,2024-05-03,Not stated in NPPES — call to verify,CMS NPPES via Affine
1669186680,Guiding Light Wellness Center Inc.,Clinic / primary care,"Rehabilitation, Substance Use Disorder",,Tempe,AZ,85281,6024651277,2023-01-13,Not stated in NPPES — call to verify,CMS NPPES via Affine
1407625502,"Guy Merrick Mickens, Ms, Bcba, Lba",Behavioral health,,,Tempe,AZ,85284,4806720536,2025-05-25,Not stated in NPPES — call to verify,CMS NPPES via Affine
1548408503,"H.O.P.E. Group, Llc.",Behavioral health,,,Tempe,AZ,85281,4808630763,2026-04-10,Not stated in NPPES — call to verify,CMS NPPES via Affine
1114396223,Hai Thai,Pharmacy,,,Tempe,AZ,85284,4808939027,2015-09-18,Not stated in NPPES — call to verify,CMS NPPES via Affine
1275277154,"Hailey M Phipps, Lac",Behavioral health,Mental Health,,Tempe,AZ,85283,4809213314,2022-04-26,Not stated in NPPES — call to verify,CMS NPPES via Affine
1760191670,Hailie Meeshel Gangle,Other care,Athletic Trainer,,Tempe,AZ,85281,5033206667,2022-11-18,Not stated in NPPES — call to verify,CMS NPPES via Affine
1124487285,"Hako, Llc",Other care,,"2153 E CEDAR ST, SUITE 1",Tempe,AZ,85281,4803195733,2016-02-17,Not stated in NPPES — call to verify,CMS NPPES via Affine
1699464818,Hala Transport Llc,Other care,,,Tempe,AZ,85281,4807470115,2023-05-03,Not stated in NPPES — call to verify,CMS NPPES via Affine
1083163802,"Haley Conant, A.T.C.",Other care,Athletic Trainer,"7250 S KYRENE ROAD, #383",Tempe,AZ,85283,6143269622,2016-09-22,Not stated in NPPES — call to verify,CMS NPPES via Affine
1467003129,Haley Edris,Behavioral health,,,Tempe,AZ,85283,4802728778,2019-09-24,Not stated in NPPES — call to verify,CMS NPPES via Affine
1194285098,Haley Herdman,Behavioral health,,,Tempe,AZ,85282,8667278274,2019-03-25,Not stated in NPPES — call to verify,CMS NPPES via Affine
1285355057,Haley Jenkins,Behavioral health,,,Tempe,AZ,85284,4805537153,2022-09-08,Not stated in NPPES — call to verify,CMS NPPES via Affine
1093454688,Haley Marie Nykamp,Other care,,,Tempe,AZ,85282,6029192068,2022-06-01,Not stated in NPPES — call to verify,CMS NPPES via Affine
1396575080,"Haley Pierce-Schmidt, Cota/L",Other care,,,Tempe,AZ,85282,4804560719,2024-08-06,Not stated in NPPES — call to verify,CMS NPPES via Affine
1275220030,Haley Thomas,Behavioral health,,,Tempe,AZ,85281,8552237123,2024-09-19,Not stated in NPPES — call to verify,CMS NPPES via Affine
1326547035,Haley Zipay,Other care,,,Tempe,AZ,85284,4803744341,2020-06-01,Not stated in NPPES — call to verify,CMS NPPES via Affine
1659581759,Hall Family Dentistry Pllc,Dental,General Practice,"7350 S MCCLINTOCK DR, SUITE 105",Tempe,AZ,85283,4803450991,2020-08-22,Not stated in NPPES — call to verify,CMS NPPES via Affine
1053154690,Halle Eborall,Other care,,,Tempe,AZ,85281,4808643733,2024-06-24,Not stated in NPPES — call to verify,CMS NPPES via Affine
1922502699,Hallie Elizabeth Ross,Other care,,,Tempe,AZ,85284,4803744341,2024-07-03,Not stated in NPPES — call to verify,CMS NPPES via Affine
1376755033,"Halyna Lubov Freishyn-Chirovsky, Rn, Bsn, Bed",Other care,,,Tempe,AZ,85282,4809299909,2007-07-08,Not stated in NPPES — call to verify,CMS NPPES via Affine
1255210233,"Hamdi Ahmed Abdirahman, Rn",Other care,Medical-Surgical,,Tempe,AZ,85283,6025967666,2025-09-02,Not stated in NPPES — call to verify,CMS NPPES via Affine
1225879430,"Hampton Hope Butler, Dnp",Clinic / primary care,Family,,Tempe,AZ,85282,6022437277,2025-09-03,Not stated in NPPES — call to verify,CMS NPPES via Affine
1689314379,"Han Vit Jang, Pharmd",Pharmacy,,,Tempe,AZ,85282,4808589096,2022-03-30,Not stated in NPPES — call to verify,CMS NPPES via Affine
1982293130,Hanan Samaan Van Fleteren,Pharmacy,,,Tempe,AZ,85284,4808972980,2021-01-12,Not stated in NPPES — call to verify,CMS NPPES via Affine
1801529581,"Hanna Frances Real Fastidio, Od",Other care,,,Tempe,AZ,85288,4809670563,2022-07-08,Not stated in NPPES — call to verify,CMS NPPES via Affine
1891530929,Hannah Courtney Maggienniza Baxla,Other care,Speech-Language Assistant,,Tempe,AZ,85288,5166479954,2024-06-29,Not stated in NPPES — call to verify,CMS NPPES via Affine
1851944177,"Hannah Elizabeth Beach, Fnp",Clinic / primary care,Family,,Tempe,AZ,85283,4805560446,2023-06-08,Not stated in NPPES — call to verify,CMS NPPES via Affine
1053071654,Hannah Grace Drewitz,Behavioral health,,,Tempe,AZ,85284,6026665101,2021-12-22,Not stated in NPPES — call to verify,CMS NPPES via Affine
1376102715,Hannah Hagan,Behavioral health,,,Tempe,AZ,85284,6026665101,2019-06-10,Not stated in NPPES — call to verify,CMS NPPES via Affine
1447937636,Hannah Heath,Other care,,,Tempe,AZ,85284,4803744342,2024-08-05,Not stated in NPPES — call to verify,CMS NPPES via Affine
1952144503,"Hannah Kleinbart, Otr/L",Other care,,,Tempe,AZ,85283,9494851410,2024-06-13,Not stated in NPPES — call to verify,CMS NPPES via Affine
1467282376,Hannah Lybbert,Other care,,,Tempe,AZ,85282,6023620460,2024-08-05,Not stated in NPPES — call to verify,CMS NPPES via Affine
1285523415,Hannah Marie Elders,Other care,,,Tempe,AZ,85284,4803744341,2025-07-01,Not stated in NPPES — call to verify,CMS NPPES via Affine
1215773148,Hannah Mckinney,Other care,,,Tempe,AZ,85282,8654412847,2024-07-01,Not stated in NPPES — call to verify,CMS NPPES via Affine
1033862461,"Hannah Millard, Np",Clinic / primary care,Women''s Health,,Tempe,AZ,85281,4808213600,2023-12-05,Not stated in NPPES — call to verify,CMS NPPES via Affine
1750916888,Hannah Thompson,Other care,Speech-Language Assistant,,Tempe,AZ,85282,5743090186,2020-03-09,Not stated in NPPES — call to verify,CMS NPPES via Affine
1194592410,Happy Foster Family Adult Care Home Llc,Other care,,,Tempe,AZ,85282,4803326533,2023-12-06,Not stated in NPPES — call to verify,CMS NPPES via Affine
1841067162,Happy Foster Family Adult Care Home Llc,Other care,,,Tempe,AZ,85282,4803076033,2023-12-06,Not stated in NPPES — call to verify,CMS NPPES via Affine
1407253685,"Happy Foster Family Adult Care Home, Llc",Other care,,,Tempe,AZ,85282,4803076033,2014-12-03,Not stated in NPPES — call to verify,CMS NPPES via Affine
1861112385,Happy Home Wellness Llc,Behavioral health,Mental Health (Including Community Mental Health Center),,Tempe,AZ,85284,8189138409,2022-09-06,Not stated in NPPES — call to verify,CMS NPPES via Affine
1821288606,Happy Kids Pediatrics P.C.,Other care,,,Tempe,AZ,85284,4808205525,2025-08-17,Not stated in NPPES — call to verify,CMS NPPES via Affine
1699107771,"Haritheesan Peethambaran, Pta",Other care,,,Tempe,AZ,85283,4804529047,2013-07-31,Not stated in NPPES — call to verify,CMS NPPES via Affine
1710948534,"Harold E Cohen, M.D.",Other care,,,Tempe,AZ,85281,4809653346,2012-11-15,Not stated in NPPES — call to verify,CMS NPPES via Affine
1972985828,Harold Franco,Pharmacy,,,Tempe,AZ,85282,4803456328,2015-06-26,Not stated in NPPES — call to verify,CMS NPPES via Affine
1316910102,"Harrison J Bachrach, Md",Clinic / primary care,Hematology & Oncology,,Tempe,AZ,85284,6026155619,2018-05-16,Not stated in NPPES — call to verify,CMS NPPES via Affine
1710810536,Harrison Miao Md Pllc,Other care,,,Tempe,AZ,85282,4804252160,2026-07-27,Not stated in NPPES — call to verify,CMS NPPES via Affine
1952754236,Harry Gallo Llc,Other care,,,Tempe,AZ,85281,6022525000,2016-07-21,Not stated in NPPES — call to verify,CMS NPPES via Affine
1164110904,Hassan Ahmed,Other care,,,Tempe,AZ,85282,6023944993,2023-04-28,Not stated in NPPES — call to verify,CMS NPPES via Affine
1659297455,Hattrup Anesthesiology Consulting Pllc,Other care,,,Tempe,AZ,85282,4804252160,2026-06-25,Not stated in NPPES — call to verify,CMS NPPES via Affine
1194390336,Haven Home Care Llc,Other care,,,Tempe,AZ,85282,4802835503,2021-05-20,Not stated in NPPES — call to verify,CMS NPPES via Affine
1578303343,Hayley Elizabeth Fisher,Other care,,,Tempe,AZ,85284,4803744341,2024-05-29,Not stated in NPPES — call to verify,CMS NPPES via Affine
1902570468,Hayley Elizabeth Lilley,Behavioral health,,,Tempe,AZ,85284,6026665101,2021-08-06,Not stated in NPPES — call to verify,CMS NPPES via Affine
1245735190,"Hayley Jayne Golek, Do",Clinic / primary care,,,Tempe,AZ,85284,4808827390,2021-06-03,Not stated in NPPES — call to verify,CMS NPPES via Affine
1699398826,"Hayley Jean Meacham, Bcba",Behavioral health,,,Tempe,AZ,85284,4802834674,2026-04-21,Not stated in NPPES — call to verify,CMS NPPES via Affine
1083509780,Haylie Perna,Behavioral health,,,Tempe,AZ,85283,4804855001,2025-06-11,Not stated in NPPES — call to verify,CMS NPPES via Affine
1588492706,Hc Dds Pc,Dental,Oral and Maxillofacial Surgery,,Tempe,AZ,85282,9087832311,2024-07-22,Not stated in NPPES — call to verify,CMS NPPES via Affine
1972396026,Healing Hearts Az,Other care,Psychiatry,,Tempe,AZ,85284,6024284780,2025-05-22,Not stated in NPPES — call to verify,CMS NPPES via Affine
1912600222,Healing Matters Az Inc,Behavioral health,Clinical,,Tempe,AZ,85282,4808513793,2023-03-24,Not stated in NPPES — call to verify,CMS NPPES via Affine
1497517320,Healing Partners Llc,Clinic / primary care,,,Tempe,AZ,85282,4806044007,2024-01-25,Not stated in NPPES — call to verify,CMS NPPES via Affine
1699579078,Healing Private Care Llc,Other care,,,Tempe,AZ,85282,6023919721,2025-08-03,Not stated in NPPES — call to verify,CMS NPPES via Affine
1174559777,"Health Care@Home, Llc",Other care,,,Tempe,AZ,85283,6024430111,2018-03-17,Not stated in NPPES — call to verify,CMS NPPES via Affine
1932560729,"Health Group Providers, Llc",Other care,Psychiatry,"1500 N PRIEST DRIVE, 109",Tempe,AZ,85288,7025894871,2025-11-19,Not stated in NPPES — call to verify,CMS NPPES via Affine
1679759989,"Health Net Of Arizona, Inc.",Other care,,"1230 W WASHINGTON ST, MAIL STOP: AZ-900-04-24",Tempe,AZ,85281,6027941400,2008-01-18,Not stated in NPPES — call to verify,CMS NPPES via Affine
1013000785,"Healthcare Independent Business Alliance, Llc",Other care,Oxygen Equipment & Supplies,"444 W 21ST ST, SUITE 102",Tempe,AZ,85282,4808293427,2007-09-05,Not stated in NPPES — call to verify,CMS NPPES via Affine
1548365703,"Healthcare Supply Network, Inc.",Other care,,"5030 S MILL AVE, SUITE D-18",Tempe,AZ,85282,4808297181,2008-04-02,Not stated in NPPES — call to verify,CMS NPPES via Affine
1003086935,"Healthfirst Primary Care, Pllc",Clinic / primary care,,,Tempe,AZ,85283,4808201855,2011-03-30,Not stated in NPPES — call to verify,CMS NPPES via Affine
1245450980,Healthwaves Corporation,Other care,,"1615 W UNIVERSITY DR, STE. 137",Tempe,AZ,85281,4809681886,2007-10-11,Not stated in NPPES — call to verify,CMS NPPES via Affine
1164021036,Healthy Homes Llc,Other care,,,Tempe,AZ,85284,4807213000,2020-10-22,Not stated in NPPES — call to verify,CMS NPPES via Affine
1376905786,Healthy Wings Llc,Clinic / primary care,Primary Care,,Tempe,AZ,85282,5204771815,2023-09-17,Not stated in NPPES — call to verify,CMS NPPES via Affine
1396413720,Healvine Llc,Behavioral health,Adult Mental Health,,Tempe,AZ,85283,8777558040,2022-08-16,Not stated in NPPES — call to verify,CMS NPPES via Affine
1770753634,Hearing Solutions Of Arizona Llc,Other care,,,Tempe,AZ,85282,4808334330,2008-04-23,Not stated in NPPES — call to verify,CMS NPPES via Affine
1205231602,Hearserve Llc,Other care,,,Tempe,AZ,85284,4808138400,2014-10-28,Not stated in NPPES — call to verify,CMS NPPES via Affine
1770124729,Heart 2 Heart Industries,Other care,,,Tempe,AZ,85282,4803824445,2023-04-19,Not stated in NPPES — call to verify,CMS NPPES via Affine
1154296168,Heart Prime Llc,Other care,,,Tempe,AZ,85282,4804252160,2026-01-27,Not stated in NPPES — call to verify,CMS NPPES via Affine
1750623575,"Heather Caska, Ms Slp-Ccc",Other care,,,Tempe,AZ,85282,4805087566,2022-07-21,Not stated in NPPES — call to verify,CMS NPPES via Affine
1518246784,"Heather Easter, St",Other care,,,Tempe,AZ,85282,4804560719,2011-09-08,Not stated in NPPES — call to verify,CMS NPPES via Affine
1184066904,"Heather Holleran, Pa-C, Mshs, Mph",Clinic / primary care,,"1626 S PRIEST DR, SUITE 104",Tempe,AZ,85281,4808827320,2015-03-18,Not stated in NPPES — call to verify,CMS NPPES via Affine
1649653627,"Heather Kate Larimore, Lcsw",Behavioral health,Clinical,,Tempe,AZ,85288,7025894871,2025-12-04,Not stated in NPPES — call to verify,CMS NPPES via Affine
1750045258,"Heather Kathleen Turoski, Pharmd, Rph",Pharmacy,,,Tempe,AZ,85284,4808939027,2025-02-12,Not stated in NPPES — call to verify,CMS NPPES via Affine
1831912682,Heather Lynn Gutierrez,Clinic / primary care,Family,,Tempe,AZ,85282,6234623344,2026-09-14,Not stated in NPPES — call to verify,CMS NPPES via Affine
1548594799,"Heather Lynn Omeara, R.N.",Other care,School,,Tempe,AZ,85282,4809678336,2009-09-21,Not stated in NPPES — call to verify,CMS NPPES via Affine
1649862806,Heather Mcstay,Other care,,,Tempe,AZ,85284,4803744341,2021-02-09,Not stated in NPPES — call to verify,CMS NPPES via Affine
1457890451,"Heather Montierth, Lpc",Behavioral health,Mental Health,,Tempe,AZ,85283,4809411898,2017-02-23,Not stated in NPPES — call to verify,CMS NPPES via Affine
1720168883,"Heather N Starks, Pac",Clinic / primary care,,"960 W UNIVERSITY DR, SUITE 111",Tempe,AZ,85281,4805570051,2017-05-01,Not stated in NPPES — call to verify,CMS NPPES via Affine
1154658425,"Heather R Sheckler, Pharmd",Pharmacy,,,Tempe,AZ,85282,4804912139,2009-11-06,Not stated in NPPES — call to verify,CMS NPPES via Affine
1457038424,"Heather Riddle, M.S. Ccc-Slp",Other care,,,Tempe,AZ,85284,4803744341,2024-10-10,Not stated in NPPES — call to verify,CMS NPPES via Affine
1124740204,"Heather Rose James, Health Coach",Other care,,,Tempe,AZ,85282,4808783937,2022-09-14,Not stated in NPPES — call to verify,CMS NPPES via Affine
1497462352,"Heather Shirley Mclaughlin, Pta",Other care,,,Tempe,AZ,85284,4803744341,2022-11-01,Not stated in NPPES — call to verify,CMS NPPES via Affine
1477828366,"Heather Williamson, Lcsw",Behavioral health,Clinical,"2120 S MCCLINTOCK DR, SUITE 105",Tempe,AZ,85282,4808040326,2018-01-29,Not stated in NPPES — call to verify,CMS NPPES via Affine
1114218419,Heather Wilson,Other care,Speech-Language Assistant,"600 E BASELINE RD, SUITE B-6",Tempe,AZ,85283,4808396000,2011-04-21,Not stated in NPPES — call to verify,CMS NPPES via Affine
1831886340,Heaven Care Residential Llc,Other care,,,Tempe,AZ,85284,4809990293,2026-09-12,Not stated in NPPES — call to verify,CMS NPPES via Affine
1023381555,Heavens Medical Plc,Clinic / primary care,,,Tempe,AZ,85282,6234442734,2025-11-13,Not stated in NPPES — call to verify,CMS NPPES via Affine
1063087864,"Heba Elsaad, Lcsw",Behavioral health,Clinical,,Tempe,AZ,85282,7472222179,2024-09-13,Not stated in NPPES — call to verify,CMS NPPES via Affine
1659436459,"Heidi Francine Ligouri, Lpc",Behavioral health,Professional,,Tempe,AZ,85824,6023916032,2014-06-11,Not stated in NPPES — call to verify,CMS NPPES via Affine
1144138942,"Heidi Mchardy, L.Ac.",Other care,,,Tempe,AZ,85282,4802690415,2026-09-01,Not stated in NPPES — call to verify,CMS NPPES via Affine
1497204341,"Helen Herim Hwang, Pharm.D.",Pharmacy,,,Tempe,AZ,85282,4805570970,2016-10-09,Not stated in NPPES — call to verify,CMS NPPES via Affine
1750492062,"Helen M Stiles, Lpc",Behavioral health,Professional,,Tempe,AZ,85281,4809211002,2007-07-08,Not stated in NPPES — call to verify,CMS NPPES via Affine
1578376125,"Helen Robles, Rn, Ibclc",Other care,Lactation Consultant,,Tempe,AZ,85281,4802256692,2025-01-28,Not stated in NPPES — call to verify,CMS NPPES via Affine
1619939733,"Helene M Rollins, Msw, Lcsw",Behavioral health,Clinical,,Tempe,AZ,85282,4809210101,2026-07-13,Not stated in NPPES — call to verify,CMS NPPES via Affine
1861327066,Heliosrx Llc,Pharmacy,Compounding Pharmacy,,Tempe,AZ,85281,4802195974,2026-06-17,Not stated in NPPES — call to verify,CMS NPPES via Affine
1487357711,Help Maricopa County Llc,Behavioral health,Counseling,,Tempe,AZ,85282,6028845914,2023-03-24,Not stated in NPPES — call to verify,CMS NPPES via Affine
1003415910,Helpful Hands Care Llc,Other care,,,Tempe,AZ,85283,6519838113,2026-07-30,Not stated in NPPES — call to verify,CMS NPPES via Affine
1841543345,Helping Hands Health Services,Other care,,,Tempe,AZ,85284,6024878280,2012-10-22,Not stated in NPPES — call to verify,CMS NPPES via Affine
1730896366,Helping Hands Health Services Corp,Clinic / primary care,Community Health,,Tempe,AZ,85283,4804744226,2022-11-02,Not stated in NPPES — call to verify,CMS NPPES via Affine
1477249134,Her Season Behavioral Wellness And Psychiatry Llc,Behavioral health,Psychiatric/Mental Health,,Tempe,AZ,85282,9285871147,2023-04-14,Not stated in NPPES — call to verify,CMS NPPES via Affine
1710495544,"Herbert Ford Jr., Physical Therapist",Other care,,,Tempe,AZ,85282,6236880946,2018-01-15,Not stated in NPPES — call to verify,CMS NPPES via Affine
1598242919,Herendida Rangel,Behavioral health,Professional,,Tempe,AZ,85282,4806991233,2018-07-27,Not stated in NPPES — call to verify,CMS NPPES via Affine
1255049615,Heroes Transportation Inc,Other care,,,Tempe,AZ,85281,4802397544,2022-11-14,Not stated in NPPES — call to verify,CMS NPPES via Affine
1710282942,"Higher Octave Healing, Inc.",Other care,,"200 EAST CURRY ROAD (NO MAIL HERE), #307",Tempe,AZ,85281,4809651082,2011-02-24,Not stated in NPPES — call to verify,CMS NPPES via Affine
1912532094,Hikaru Fujita,Other care,,,Tempe,AZ,85283,4807300501,2020-03-09,Not stated in NPPES — call to verify,CMS NPPES via Affine
1508793662,"Hill Fucnctional Wellness, Llc",Other care,Nutrition,,Tempe,AZ,85282,4808971788,2026-05-05,Not stated in NPPES — call to verify,CMS NPPES via Affine
1972090777,"Hillary Bernadette Derose-Caldera, Md",Clinic / primary care,,,Tempe,AZ,85282,4808942823,2021-10-07,Not stated in NPPES — call to verify,CMS NPPES via Affine
1255706255,"Hillary Michelle Lim, N.D.",Other care,,"4657 S LAKESHORE DR, STE 1",Tempe,AZ,85282,4802848155,2015-12-02,Not stated in NPPES — call to verify,CMS NPPES via Affine
1104410042,"Hinal Patel, Fnp-C",Clinic / primary care,Family,,Tempe,AZ,85282,6022437277,2021-06-14,Not stated in NPPES — call to verify,CMS NPPES via Affine
1154662336,Hind Shabany Md,Other care,,"1232 E BROADWAY RD, SUITE 205",Tempe,AZ,85282,4808747014,2013-03-13,Not stated in NPPES — call to verify,CMS NPPES via Affine
1518282052,Hm Transit,Other care,,"2030 E BROADWAY RD, # 1003",Tempe,AZ,85282,6023673794,2010-03-27,Not stated in NPPES — call to verify,CMS NPPES via Affine
1285450452,Hodan Abdi Warsame,Behavioral health,,,Tempe,AZ,85281,4808630763,2024-12-03,Not stated in NPPES — call to verify,CMS NPPES via Affine
1306446349,Holding Hands Medical Pllc,Clinic / primary care,,,Tempe,AZ,85284,6028199539,2020-10-29,Not stated in NPPES — call to verify,CMS NPPES via Affine
1124283775,"Hollis Maurice Larson, Ccc-Slp",Other care,,,Tempe,AZ,85282,4804560719,2018-02-23,Not stated in NPPES — call to verify,CMS NPPES via Affine
1710477419,"Holly Armstrong, Lcsw",Behavioral health,,,Tempe,AZ,85282,4808040326,2025-02-05,Not stated in NPPES — call to verify,CMS NPPES via Affine
1396864930,"Holly C Doherty, Pt",Other care,,,Tempe,AZ,85282,4804560719,2009-09-14,Not stated in NPPES — call to verify,CMS NPPES via Affine
1932471562,Holly G Fechtmeyer,Behavioral health,Clinical,"3910 S RURAL RD, SUITE J",Tempe,AZ,85282,4803179868,2012-01-27,Not stated in NPPES — call to verify,CMS NPPES via Affine
1497460968,Holly Garnett,Behavioral health,Professional,,Tempe,AZ,85282,4805250058,2023-01-19,Not stated in NPPES — call to verify,CMS NPPES via Affine
1922782531,"Holly Kay Price, Bs, Rbt",Behavioral health,,,Tempe,AZ,85284,4806720536,2023-06-14,Not stated in NPPES — call to verify,CMS NPPES via Affine
1093180614,"Holly Massey, Rn",Behavioral health,Psychiatric/Mental Health,"1642 S PRIEST DR, BLDG 6, SUITE 101",Tempe,AZ,85281,4809295100,2015-12-08,Not stated in NPPES — call to verify,CMS NPPES via Affine
1699650069,"Holly Warriner, Lac",Behavioral health,Mental Health,,Tempe,AZ,85282,6024511006,2025-08-06,Not stated in NPPES — call to verify,CMS NPPES via Affine
1881172120,Holyoak Bros,Clinic / primary care,Dental,,Tempe,AZ,85283,4808385422,2018-07-30,Not stated in NPPES — call to verify,CMS NPPES via Affine
1093362147,Home Care Bees Llc,Other care,,,Tempe,AZ,85284,6027506470,2019-08-22,Not stated in NPPES — call to verify,CMS NPPES via Affine
1306165519,Home Health Care Services Llc,Clinic / primary care,Health Service,,Tempe,AZ,85282,4804139087,2010-05-27,Not stated in NPPES — call to verify,CMS NPPES via Affine
1619191822,Home Health Care Services Llc,Other care,,,Tempe,AZ,85282,4804139087,2016-02-24,Not stated in NPPES — call to verify,CMS NPPES via Affine
1356235964,Home Health Caregiving Services Llc.,Other care,,,Tempe,AZ,85288,4802203754,2025-06-06,Not stated in NPPES — call to verify,CMS NPPES via Affine
1356119101,Home Of Grace Counseling Arizona Llc,Behavioral health,Mental Health,,Tempe,AZ,85282,4807577952,2024-08-16,Not stated in NPPES — call to verify,CMS NPPES via Affine
1215599733,Home Sweet Home Care Agency,Other care,,,Tempe,AZ,85288,3474150566,2026-02-02,Not stated in NPPES — call to verify,CMS NPPES via Affine
1134715501,Home Sweet Home Health Agency,Other care,,,Tempe,AZ,85282,4804594457,2026-09-02,Not stated in NPPES — call to verify,CMS NPPES via Affine
1750794103,"Honora Healthcare Services, Llc.",Other care,,"60 E RIO SALADO PKWY, SUITE 900",Tempe,AZ,85281,6023303472,2014-06-03,Not stated in NPPES — call to verify,CMS NPPES via Affine
1114744752,Honorhealth,Hospital,,,Tempe,AZ,85281,4807845500,2026-06-08,Not stated in NPPES — call to verify,CMS NPPES via Affine
1578237624,Honorhealth Ambulatory,Other care,Orthopaedic Surgery of the Spine,,Tempe,AZ,85281,4809620071,2021-08-03,Not stated in NPPES — call to verify,CMS NPPES via Affine
1144176009,Honorhealth Ambulatory,Other care,,,Tempe,AZ,85282,4805344121,2026-03-04,Not stated in NPPES — call to verify,CMS NPPES via Affine
1700603206,Honorhealth Ambulatory,Other care,,,Tempe,AZ,85281,6025533113,2025-07-25,Not stated in NPPES — call to verify,CMS NPPES via Affine
1619591682,"Honorhealth Medical Group, Llc",Clinic / primary care,,,Tempe,AZ,85281,4808827380,2025-02-18,Not stated in NPPES — call to verify,CMS NPPES via Affine
1205450533,"Honorhealth Medical Group, Llc",Clinic / primary care,,,Tempe,AZ,85284,4808827390,2020-09-17,Not stated in NPPES — call to verify,CMS NPPES via Affine
1215551544,"Honorhealth Medical Group, Llc",Clinic / primary care,,,Tempe,AZ,85281,4808827320,2020-09-17,Not stated in NPPES — call to verify,CMS NPPES via Affine
1275408023,"Honorhealth Medical Group, Llc",Clinic / primary care,,,Tempe,AZ,85283,6235805800,2025-10-09,Not stated in NPPES — call to verify,CMS NPPES via Affine
1467110627,"Honorhealth Medical Group, Llc",Clinic / primary care,,,Tempe,AZ,85284,4802561664,2021-12-06,Not stated in NPPES — call to verify,CMS NPPES via Affine
1962019554,Honorhealth-Fastmed Ambulatory Holdings Llc,Clinic / primary care,Urgent Care,,Tempe,AZ,85281,4802140622,2020-09-28,Not stated in NPPES — call to verify,CMS NPPES via Affine
1760099444,Honorhealth-Fastmed Ambulatory Holdings Llc,Clinic / primary care,Urgent Care,,Tempe,AZ,85283,6027776000,2020-09-28,Not stated in NPPES — call to verify,CMS NPPES via Affine
1346857950,Honorhealth-Fastmed Ambulatory Holdings Llc,Clinic / primary care,Urgent Care,,Tempe,AZ,85284,4804560444,2020-09-28,Not stated in NPPES — call to verify,CMS NPPES via Affine
1891302428,Honorhealth-Fastmed Ambulatory Holdings Llc,Clinic / primary care,Urgent Care,,Tempe,AZ,85282,4802140621,2020-09-28,Not stated in NPPES — call to verify,CMS NPPES via Affine
1821709254,Hope And Happiness Llc,Behavioral health,Counseling,,Tempe,AZ,85282,5202576339,2022-12-06,Not stated in NPPES — call to verify,CMS NPPES via Affine
1689079063,"Hope Dillon, M.A.",Other care,Speech-Language Assistant,,Tempe,AZ,85283,4804723835,2014-10-28,Not stated in NPPES — call to verify,CMS NPPES via Affine
1245803857,Hope Group Clinical,Behavioral health,,,Tempe,AZ,85281,4808630763,2026-03-19,Not stated in NPPES — call to verify,CMS NPPES via Affine
1497403752,Hope Group Clinical Llc,Behavioral health,,,Tempe,AZ,85281,4808630763,2026-03-19,Not stated in NPPES — call to verify,CMS NPPES via Affine
1477924843,Hope Rebuilt,Behavioral health,Mental Health,,Tempe,AZ,85282,4805798827,2022-07-24,Not stated in NPPES — call to verify,CMS NPPES via Affine
1396380010,Hopebridge Llc,Other care,Child & Adolescent Psychiatry,,Tempe,AZ,85284,8553240885,2019-11-18,Not stated in NPPES — call to verify,CMS NPPES via Affine
1578384822,Hopefulminds Palliative & Hospice,Other care,,,Tempe,AZ,85282,6504209888,2024-10-21,Not stated in NPPES — call to verify,CMS NPPES via Affine
1821778838,Hopewave Llc,Behavioral health,Adult Mental Health,,Tempe,AZ,85282,6022441358,2023-12-16,Not stated in NPPES — call to verify,CMS NPPES via Affine
1205577426,"Hopscotch Clinical Services, Llc",Behavioral health,Mental Health,,Tempe,AZ,85284,6233352007,2024-02-05,Not stated in NPPES — call to verify,CMS NPPES via Affine
1750780748,"Horizon Care Home Frances,Llc",Other care,,,Tempe,AZ,85281,6066165622,2014-08-21,Not stated in NPPES — call to verify,CMS NPPES via Affine
1275932279,"Horizon Care Homes Frances, Llc",Other care,,,Tempe,AZ,85282,6026165622,2014-08-21,Not stated in NPPES — call to verify,CMS NPPES via Affine
1679138291,"Hottya Consulting, Llc",Other care,,,Tempe,AZ,85282,4804208567,2024-03-23,Not stated in NPPES — call to verify,CMS NPPES via Affine
1528630902,"Houman Behshad, Od",Other care,,,Tempe,AZ,85281,4809664992,2021-07-14,Not stated in NPPES — call to verify,CMS NPPES via Affine
1780466730,House Of Class Alternative Living,Other care,,,Tempe,AZ,85281,7185308170,2023-10-16,Not stated in NPPES — call to verify,CMS NPPES via Affine
1376604017,"Howard E. Wilt, Dds, Pc",Dental,General Practice,"1455 E GUADALUPE RD, SUITE 2",Tempe,AZ,85283,4808385422,2020-08-22,Not stated in NPPES — call to verify,CMS NPPES via Affine
1972444073,Hso Anesthesia Services Pllc,Other care,,,Tempe,AZ,85282,4804252160,2026-04-02,Not stated in NPPES — call to verify,CMS NPPES via Affine
1285113589,Hui Lin,Other care,,,Tempe,AZ,85283,4807770607,2018-08-08,Not stated in NPPES — call to verify,CMS NPPES via Affine
1912019258,"Human Resource Training, Inc.",Other care,,,Tempe,AZ,85282,6024331344,2025-05-09,Not stated in NPPES — call to verify,CMS NPPES via Affine
1114461779,"Human Resource Training, Inc.",Behavioral health,Mental Health (Including Community Mental Health Center),,Tempe,AZ,85282,4809676895,2025-09-30,Not stated in NPPES — call to verify,CMS NPPES via Affine
1194269415,Humanitas Family Center Llc,Behavioral health,,"701 W GROVE PKWY, #164",Tempe,AZ,85283,8889098741,2016-12-05,Not stated in NPPES — call to verify,CMS NPPES via Affine
1750279048,Hummingbird Hope,Clinic / primary care,,,Tempe,AZ,85282,4809152931,2025-08-03,Not stated in NPPES — call to verify,CMS NPPES via Affine
1851102743,"Hummingbird Midwives, Llc",Other care,,,Tempe,AZ,85281,4806472099,2025-01-18,Not stated in NPPES — call to verify,CMS NPPES via Affine
1679385835,Hunter Cowley,Behavioral health,,,Tempe,AZ,85282,4803136773,2025-01-24,Not stated in NPPES — call to verify,CMS NPPES via Affine
1033718275,Husameldin Osman,Other care,,,Tempe,AZ,85282,4803346415,2020-10-19,Not stated in NPPES — call to verify,CMS NPPES via Affine
1497366843,"Hy K Tran, Rdh",Dental,,,Tempe,AZ,85283,4802898475,2021-07-11,Not stated in NPPES — call to verify,CMS NPPES via Affine
1386219368,Hyesun Cho,Other care,,"3100 S RURAL RD STE 1, ARIZONA CORE ACUPUNCTURE&WELLNESS",Tempe,AZ,85282,4803526765,2026-03-02,Not stated in NPPES — call to verify,CMS NPPES via Affine
1144000589,Hyrides Llc,Other care,,,Tempe,AZ,85288,4808002514,2023-10-03,Not stated in NPPES — call to verify,CMS NPPES via Affine
1295858819,"Hyrum G. Hatch D.D.S., P.C.",Dental,,"7350 S MCCLINTOCK DR, # 103",Tempe,AZ,85283,4808383073,2020-08-22,Not stated in NPPES — call to verify,CMS NPPES via Affine
1659200848,Icare Health Services Llc,Behavioral health,Mental Health (Including Community Mental Health Center),"1232 E BROADWAY RD, 120",Tempe,AZ,85282,4804631232,2026-05-15,Not stated in NPPES — call to verify,CMS NPPES via Affine
1386413359,Ifrah Khokhar,Pharmacy,,,Tempe,AZ,85282,4808383642,2024-01-01,Not stated in NPPES — call to verify,CMS NPPES via Affine
1629666789,Ihuoma U Nwoke,Behavioral health,Psychiatric/Mental Health,,Tempe,AZ,85282,4804620142,2023-01-10,Not stated in NPPES — call to verify,CMS NPPES via Affine
1821738634,"Iliamari Vazquez Houston, Lcsw",Behavioral health,Clinical,,Tempe,AZ,85282,4802349256,2026-01-23,Not stated in NPPES — call to verify,CMS NPPES via Affine
1134337710,"Im Specialist, Inc",Other care,,"2737 W BASELINE RD, SUITE 24",Tempe,AZ,85283,6024374800,2011-01-06,Not stated in NPPES — call to verify,CMS NPPES via Affine
1366782914,"Iman Abdullah, Lpc",Behavioral health,Professional,,Tempe,AZ,85283,5173469568,2019-05-10,Not stated in NPPES — call to verify,CMS NPPES via Affine
1528740131,Iman Transport Llc,Other care,,,Tempe,AZ,85281,6027512657,2023-08-03,Not stated in NPPES — call to verify,CMS NPPES via Affine
1790583433,"Imelda Ojeda, Lmsw",Behavioral health,,,Tempe,AZ,85282,4802349256,2025-03-07,Not stated in NPPES — call to verify,CMS NPPES via Affine
1629677224,In My Home Hospice Care,Other care,,,Tempe,AZ,85283,4805906556,2020-10-23,Not stated in NPPES — call to verify,CMS NPPES via Affine
1740695923,In Power Trans Llc,Other care,,"5235 S KYRENE RD, SUITE 210",Tempe,AZ,85283,6025612095,2026-03-04,Not stated in NPPES — call to verify,CMS NPPES via Affine
1124195326,In Pulse Chiropractic Pc,Other care,,"1212 E BASELINE RD, SUITE 100",Tempe,AZ,85283,4804493300,2012-07-23,Not stated in NPPES — call to verify,CMS NPPES via Affine
1043974702,Indigenous Health Llc,Behavioral health,Mental Health (Including Community Mental Health Center),,Tempe,AZ,85282,4805186398,2022-10-03,Not stated in NPPES — call to verify,CMS NPPES via Affine
1336026467,Ines Cohen,Other care,,,Tempe,AZ,85281,5206128708,2025-08-20,Not stated in NPPES — call to verify,CMS NPPES via Affine
1164660908,Infant Child Research Program,Other care,,"INFANT CHILD RESEARCH PROGRAM AT ASU, 200 E. CURRY ROAD",Tempe,AZ,85287,4809659396,2009-02-02,Not stated in NPPES — call to verify,CMS NPPES via Affine
1295189983,"Infinite Potential Chiropractic, Llc",Other care,,,Tempe,AZ,85283,6236888548,2016-04-19,Not stated in NPPES — call to verify,CMS NPPES via Affine
1073266110,Infinity Health Solutions Llc,Other care,,,Tempe,AZ,85282,6024863846,2022-01-29,Not stated in NPPES — call to verify,CMS NPPES via Affine
1437924321,Infinity Life Home Care,Other care,,,Tempe,AZ,85282,1480228163,2023-11-20,Not stated in NPPES — call to verify,CMS NPPES via Affine
1508137324,Infinity Spine Center Pllc,Other care,,"3330 S PRICE RD, D110",Tempe,AZ,85282,4803452080,2012-01-25,Not stated in NPPES — call to verify,CMS NPPES via Affine
1205809993,"Ingrid Marie Hagen, Mc, Lpc, Lisac, Ncc",Behavioral health,Professional,"1972 E BASELINE RD, SUITE B-102",Tempe,AZ,85283,6026182726,2019-10-17,Not stated in NPPES — call to verify,CMS NPPES via Affine
1619547031,"Injury Pain Group, Llc",Other care,Pain Medicine,,Tempe,AZ,85284,4808973300,2021-06-28,Not stated in NPPES — call to verify,CMS NPPES via Affine
1467168757,Inland Empire Mental Health Services,Behavioral health,Adult Mental Health,,Tempe,AZ,85282,4807974600,2025-04-11,Not stated in NPPES — call to verify,CMS NPPES via Affine
1992793483,Inner-Work Counseling,Behavioral health,Addiction (Substance Use Disorder),"3231 S COUNTRY CLUB WAY, SUITE 111",Tempe,AZ,85282,4807554016,2025-09-11,Not stated in NPPES — call to verify,CMS NPPES via Affine
1356239479,Inspire Hope Occupational & Physical Therapy Pllc,Other care,,,Tempe,AZ,85282,4805353564,2025-06-26,Not stated in NPPES — call to verify,CMS NPPES via Affine
1013682616,"Inspired Homecare Of Arizona, Llc",Other care,,,Tempe,AZ,85282,4804139087,2024-09-26,Not stated in NPPES — call to verify,CMS NPPES via Affine
1992084941,Institutional Pharmacy Solutions,Pharmacy,Institutional Pharmacy,,Tempe,AZ,85283,4803455400,2011-08-09,Not stated in NPPES — call to verify,CMS NPPES via Affine
1255749982,"Integrated Healthcare Mobile Solutions, Llc",Clinic / primary care,Family,,Tempe,AZ,85283,4807185400,2018-01-25,Not stated in NPPES — call to verify,CMS NPPES via Affine
1447417928,Integrated Interventional Pain Management P.C.,Other care,Interventional Pain Medicine,"2152 E BROADWAY RD, SUITE 1",Tempe,AZ,85282,4808925313,2020-03-09,Not stated in NPPES — call to verify,CMS NPPES via Affine
1770961914,"Integrated Premier Group Specialty, Llc",Clinic / primary care,,,Tempe,AZ,85282,4807180568,2020-03-19,Not stated in NPPES — call to verify,CMS NPPES via Affine
1194989715,"Integrative Pain Management, Llc",Other care,,,Tempe,AZ,85282,4808581868,2016-03-11,Not stated in NPPES — call to verify,CMS NPPES via Affine
1164305678,Intelligence Dx Llc,Imaging,Diagnostic Radiology,,Tempe,AZ,85283,9492053659,2025-07-30,Not stated in NPPES — call to verify,CMS NPPES via Affine
1093660672,Intent Care Llc,Other care,,,Tempe,AZ,85281,4806343346,2026-02-28,Not stated in NPPES — call to verify,CMS NPPES via Affine
1255883880,Intentional Counseling Services Llc,Behavioral health,,"3231 S COUNTRY CLUB WAY, STE 111",Tempe,AZ,85282,4804282549,2016-10-31,Not stated in NPPES — call to verify,CMS NPPES via Affine
1285043604,Intentional Counseling Services Llc,Behavioral health,Professional,"3231 S COUNTRY CLUB WAY, SUITE 111",Tempe,AZ,85282,4802042477,2014-08-11,Not stated in NPPES — call to verify,CMS NPPES via Affine
1689458515,Intentional Life Counseling,Behavioral health,Mental Health,,Tempe,AZ,85484,6027304628,2023-08-22,Not stated in NPPES — call to verify,CMS NPPES via Affine
1235558891,"International Life Flight, Inc.",Other care,Air Transport,"1743 E MCNAIR DR, SUITE 300",Tempe,AZ,85283,4807778001,2014-04-10,Not stated in NPPES — call to verify,CMS NPPES via Affine
1578085551,Invitro Genetics Arizona,Clinic / primary care,,"437 S. 48TH STREET, SUITE 106",Tempe,AZ,85281,6022188833,2017-07-12,Not stated in NPPES — call to verify,CMS NPPES via Affine
1710870415,Invoquest Inc,Other care,,,Tempe,AZ,85282,4807643292,2026-01-07,Not stated in NPPES — call to verify,CMS NPPES via Affine
1801205471,"Irene Shah Curry, Fnp-C, Pmhnp-Bc",Behavioral health,Psychiatric/Mental Health,,Tempe,AZ,85284,4804054510,2025-10-08,Not stated in NPPES — call to verify,CMS NPPES via Affine
1801509245,Irene Wanjiku Njenga,Behavioral health,Psychiatric/Mental Health,,Tempe,AZ,85288,7025894871,2023-04-12,Not stated in NPPES — call to verify,CMS NPPES via Affine
1194032615,"Irina Luedy, Pharm.D.",Pharmacy,,,Tempe,AZ,85282,4808383642,2010-09-03,Not stated in NPPES — call to verify,CMS NPPES via Affine
1356277487,Iris Cho,Pharmacy,,,Tempe,AZ,85284,8003451036,2026-06-18,Not stated in NPPES — call to verify,CMS NPPES via Affine
1003743303,Ironwood Medical Transportation Llc,Other care,,,Tempe,AZ,85282,4805283322,2026-05-08,Not stated in NPPES — call to verify,CMS NPPES via Affine
1285505164,Isaac Acosta,Other care,,,Tempe,AZ,85282,4805570970,2025-09-15,Not stated in NPPES — call to verify,CMS NPPES via Affine
1104510452,"Isaac C Anzalone, Cota/L",Other care,,,Tempe,AZ,85283,5205820142,2023-07-28,Not stated in NPPES — call to verify,CMS NPPES via Affine
1235809278,Isaac Jordan,Other care,,,Tempe,AZ,85282,4802997247,2021-09-20,Not stated in NPPES — call to verify,CMS NPPES via Affine
1083273924,"Isaac Wright, Od",Other care,,,Tempe,AZ,85281,4809670563,2019-06-12,Not stated in NPPES — call to verify,CMS NPPES via Affine
1366115594,"Isabel Fernandes, Lsw",Behavioral health,Clinical,,Tempe,AZ,85282,4808040326,2024-03-22,Not stated in NPPES — call to verify,CMS NPPES via Affine
1831072263,Isabel Jaurequi Maestas,Behavioral health,,,Tempe,AZ,85282,6026756185,2025-07-31,Not stated in NPPES — call to verify,CMS NPPES via Affine
1881487122,Isabel Salazar,Behavioral health,,,Tempe,AZ,85282,5203330800,2025-05-28,Not stated in NPPES — call to verify,CMS NPPES via Affine
1487574596,Isabella Joy Monea,Other care,Speech-Language Assistant,,Tempe,AZ,85284,4803744341,2026-07-18,Not stated in NPPES — call to verify,CMS NPPES via Affine
1164099289,"Isabella Rodriguez, Rbt",Behavioral health,,,Tempe,AZ,85284,4806720536,2021-06-08,Not stated in NPPES — call to verify,CMS NPPES via Affine
1063187987,Isabella Rose Salcedo,Behavioral health,,,Tempe,AZ,85283,4802828778,2021-08-12,Not stated in NPPES — call to verify,CMS NPPES via Affine
1033943014,Isabelle Hayes,Other care,,,Tempe,AZ,85284,4803514454,2024-08-30,Not stated in NPPES — call to verify,CMS NPPES via Affine
1093593097,It's All About You Behavioral Health Llc,Other care,,,Tempe,AZ,85282,7022196321,2023-09-20,Not stated in NPPES — call to verify,CMS NPPES via Affine
1578495057,Itech Consulting Partners Llc,Clinic / primary care,Multi-Specialty,,Tempe,AZ,85284,9174543337,2026-09-04,Not stated in NPPES — call to verify,CMS NPPES via Affine
1811722077,Ivana Rodriguez,Behavioral health,,,Tempe,AZ,85282,4806411165,2024-09-05,Not stated in NPPES — call to verify,CMS NPPES via Affine
1366029795,"Ivy Wellness Services, Llc",Clinic / primary care,Family,,Tempe,AZ,85282,2166598989,2021-03-24,Not stated in NPPES — call to verify,CMS NPPES via Affine
1689972390,"J A Associates, Ltd.",Other care,,"3910 S RURAL RD, SUITE A-1",Tempe,AZ,85282,4808942425,2011-03-03,Not stated in NPPES — call to verify,CMS NPPES via Affine
1023292869,"J Edward Bernardo Maddela, Md",Clinic / primary care,,"1492 SOUTH MILL AVENUE, SUITE 312",Tempe,AZ,85281,6022437277,2011-12-21,Not stated in NPPES — call to verify,CMS NPPES via Affine
1336434299,J Judge Family Chiropractic Pllc,Other care,,,Tempe,AZ,85282,4807306514,2011-06-17,Not stated in NPPES — call to verify,CMS NPPES via Affine
1104017326,J Stanley Reidhead Dds Pc,Clinic / primary care,Dental,"2076 E SOUTHERN AVE, SUITE C-103",Tempe,AZ,85282,4808390366,2007-08-05,Not stated in NPPES — call to verify,CMS NPPES via Affine
1871093344,J Val Barrett Do Pllc,Other care,,,Tempe,AZ,85282,4804252160,2018-02-20,Not stated in NPPES — call to verify,CMS NPPES via Affine
1972039923,J Wu Anesthesia Pllc,Other care,,"2421 E SOUTHERN AVE, SUITE 7",Tempe,AZ,85282,4804252160,2017-05-11,Not stated in NPPES — call to verify,CMS NPPES via Affine
1124346374,"J. Somal, M.D. Anesthesia, Pllc",Other care,,,Tempe,AZ,85282,4804252160,2022-12-12,Not stated in NPPES — call to verify,CMS NPPES via Affine
1548144157,Jacee Hanon,Behavioral health,,,Tempe,AZ,85283,6029267200,2025-08-05,Not stated in NPPES — call to verify,CMS NPPES via Affine
1093213050,"Jacey Leclair, Fnp",Clinic / primary care,Family,,Tempe,AZ,85281,4805241600,2018-11-23,Not stated in NPPES — call to verify,CMS NPPES via Affine
1801712872,"Jack Liu, Fnp",Clinic / primary care,Family,,Tempe,AZ,85281,4803328446,2026-06-25,Not stated in NPPES — call to verify,CMS NPPES via Affine
1902217334,"Jack Marsh, Do",Other care,Psychiatry,,Tempe,AZ,85283,8034554004,2018-10-10,Not stated in NPPES — call to verify,CMS NPPES via Affine
1952903916,"Jack Nickel, Rd",Other care,,,Tempe,AZ,85282,4802050338,2020-11-13,Not stated in NPPES — call to verify,CMS NPPES via Affine
1568853745,"Jackie Lynn Santiago Swanson, Fnp-C",Clinic / primary care,Family,,Tempe,AZ,85281,4809653349,2026-06-18,Not stated in NPPES — call to verify,CMS NPPES via Affine
1407283492,"Jaclyn Lee Bain, N.D.",Other care,,,Tempe,AZ,85282,4809700000,2018-03-17,Not stated in NPPES — call to verify,CMS NPPES via Affine
1891000428,"Jaclyn R Orozco, D.D.S.",Dental,General Practice,,Tempe,AZ,85282,4803603311,2019-03-26,Not stated in NPPES — call to verify,CMS NPPES via Affine
1427073238,"Jacob Adamson, Mpt",Other care,,"430 W WARNER RD, #111",Tempe,AZ,85284,4807568617,2007-07-08,Not stated in NPPES — call to verify,CMS NPPES via Affine
1932975034,"Jacob Brown, Behavior Technician",Behavioral health,,,Tempe,AZ,85282,4809991190,2023-11-29,Not stated in NPPES — call to verify,CMS NPPES via Affine
1902539596,"Jacob Edward Benites, Lcsw",Behavioral health,Clinical,,Tempe,AZ,85284,4805730000,2026-03-05,Not stated in NPPES — call to verify,CMS NPPES via Affine
1417815911,Jacob Eli Cree,Other care,Athletic Trainer,,Tempe,AZ,85288,8126187678,2026-05-07,Not stated in NPPES — call to verify,CMS NPPES via Affine
1922386531,"Jacob Hanken, Pharmd",Pharmacy,,,Tempe,AZ,85284,4808209984,2011-07-31,Not stated in NPPES — call to verify,CMS NPPES via Affine
1437686698,"Jacob M Templeton, Lmsw",Behavioral health,,,Tempe,AZ,85282,4808040326,2017-05-18,Not stated in NPPES — call to verify,CMS NPPES via Affine
1497415475,Jacob Medford,Clinic / primary care,"Rehabilitation, Comprehensive Outpatient Rehabilitation Facility (CORF)",,Tempe,AZ,85283,6197081440,2021-12-18,Not stated in NPPES — call to verify,CMS NPPES via Affine
1447670385,"Jacob R Bradshaw, Md",Other care,,,Tempe,AZ,85282,4808209141,2018-11-28,Not stated in NPPES — call to verify,CMS NPPES via Affine
1598308512,"Jacqueline Crissy Luptowski, Lpc",Behavioral health,Professional,,Tempe,AZ,85282,4808040326,2019-10-22,Not stated in NPPES — call to verify,CMS NPPES via Affine
1467017269,"Jacqueline Digiose, Slpa",Other care,,,Tempe,AZ,85284,4803744341,2025-04-22,Not stated in NPPES — call to verify,CMS NPPES via Affine
1376154146,Jacqueline Douglas,Other care,Community Health,,Tempe,AZ,85282,5202337111,2020-08-13,Not stated in NPPES — call to verify,CMS NPPES via Affine
1124736194,Jacqueline Faith Conway,Other care,,,Tempe,AZ,85281,4803176139,2022-11-09,Not stated in NPPES — call to verify,CMS NPPES via Affine
1316372139,Jacqueline Mary Henretig,Behavioral health,Clinical,,Tempe,AZ,85282,0224372776,2021-08-05,Not stated in NPPES — call to verify,CMS NPPES via Affine
1124636758,"Jacqueline Oller, Ms",Other care,,,Tempe,AZ,85283,4808976228,2020-07-20,Not stated in NPPES — call to verify,CMS NPPES via Affine
1154517274,"Jacqueline Wiersma, Pt",Other care,,,Tempe,AZ,85282,4804560719,2009-09-15,Not stated in NPPES — call to verify,CMS NPPES via Affine
1528162567,"Jacquelyn Diane Jones, Psynp",Behavioral health,Psychiatric/Mental Health,,Tempe,AZ,85283,4804832726,2019-03-08,Not stated in NPPES — call to verify,CMS NPPES via Affine
1033572375,Jacquelyn Laplant,Other care,,,Tempe,AZ,85282,4808390206,2026-08-17,Not stated in NPPES — call to verify,CMS NPPES via Affine
1811224728,"Jacquelyn Sue Kinavey, Otr/L",Other care,,"1835 E GUADALUPE RD, SUITE 103",Tempe,AZ,85283,4804560942,2009-11-13,Not stated in NPPES — call to verify,CMS NPPES via Affine
1124844394,Jacquelynn Greer,Behavioral health,,,Tempe,AZ,85281,4808630763,2024-12-03,Not stated in NPPES — call to verify,CMS NPPES via Affine
1487502431,Jada Phillips,Behavioral health,,,Tempe,AZ,85281,4808630763,2026-03-17,Not stated in NPPES — call to verify,CMS NPPES via Affine
1801588561,"Jada R Herron, Rbt",Behavioral health,,,Tempe,AZ,85284,4806720536,2023-05-22,Not stated in NPPES — call to verify,CMS NPPES via Affine
1184315012,"Jadem Ark Of Hope, Llc",Other care,,,Tempe,AZ,85282,4802845590,2023-05-19,Not stated in NPPES — call to verify,CMS NPPES via Affine
1689242836,"Jaeda Spearman, Rbt",Behavioral health,,,Tempe,AZ,85284,4806720536,2021-06-15,Not stated in NPPES — call to verify,CMS NPPES via Affine
1972569804,"Jaehong Gwag, Md",Other care,,,Tempe,AZ,85282,4804252160,2022-11-30,Not stated in NPPES — call to verify,CMS NPPES via Affine
1487405478,"Jael Harper, Lac",Behavioral health,Mental Health,,Tempe,AZ,85282,4805599682,2024-03-28,Not stated in NPPES — call to verify,CMS NPPES via Affine
1164119681,Jafaru Jeff Oaikhena,Behavioral health,,,Tempe,AZ,85283,9282556213,2023-04-24,Not stated in NPPES — call to verify,CMS NPPES via Affine
1295261329,Jaime Sanders,Behavioral health,Clinical,"4700 S MILL AVE, B7",Tempe,AZ,85282,4808153211,2017-05-10,Not stated in NPPES — call to verify,CMS NPPES via Affine
1821323130,"Jaime Victoria Vonglahn, Pharm.D.",Pharmacy,Pharmacist Clinician (PhC)/ Clinical Pharmacy Specialist,,Tempe,AZ,85282,4808589044,2026-06-11,Not stated in NPPES — call to verify,CMS NPPES via Affine
1962163931,"Jaimi Driscoll, Mc, Lac",Behavioral health,Mental Health,,Tempe,AZ,85282,4808040326,2022-01-03,Not stated in NPPES — call to verify,CMS NPPES via Affine
1487320560,"Jair Julian Davis, Pt",Other care,,,Tempe,AZ,85282,4802220655,2021-08-19,Not stated in NPPES — call to verify,CMS NPPES via Affine
1134413180,Jake B Barnard,Other care,,,Tempe,AZ,85282,6022437277,2022-07-21,Not stated in NPPES — call to verify,CMS NPPES via Affine
1881114106,"Jake Pratt, Atc",Other care,Athletic Trainer,,Tempe,AZ,85281,6187728337,2022-07-21,Not stated in NPPES — call to verify,CMS NPPES via Affine
1982626404,"James A Afremow, Lpc",Behavioral health,Professional,,Tempe,AZ,85287,4809656147,2007-07-08,Not stated in NPPES — call to verify,CMS NPPES via Affine
1629926134,James A Reyes,Other care,,,Tempe,AZ,85283,4807770900,2026-03-25,Not stated in NPPES — call to verify,CMS NPPES via Affine
1407799273,James Allen Train Or,Behavioral health,,,Tempe,AZ,85283,4809020771,2026-04-14,Not stated in NPPES — call to verify,CMS NPPES via Affine
1467387779,"James Brandon Wiese, Pharmd",Pharmacy,,,Tempe,AZ,85284,8003451036,2026-06-17,Not stated in NPPES — call to verify,CMS NPPES via Affine
1518085471,James C Price Dds Pc,Dental,,"1455 E GUADALUPE RD, #1",Tempe,AZ,85283,4808316440,2020-08-22,Not stated in NPPES — call to verify,CMS NPPES via Affine
1245607621,"James Harold Mcneil, Slpa",Other care,Speech-Language Assistant,,Tempe,AZ,85281,4805934561,2015-09-01,Not stated in NPPES — call to verify,CMS NPPES via Affine
1033163340,"James J Peterman Jr., M.D.",Other care,,,Tempe,AZ,85282,4804252160,2022-12-06,Not stated in NPPES — call to verify,CMS NPPES via Affine
1982620167,James J Peterman Md Plc,Other care,,,Tempe,AZ,85282,4804252160,2022-12-06,Not stated in NPPES — call to verify,CMS NPPES via Affine
1497908453,"James L Bludworth, Phd",Behavioral health,,,Tempe,AZ,85287,4809656147,2008-11-03,Not stated in NPPES — call to verify,CMS NPPES via Affine
1760463012,"James Lanier Tucker Iii, Md",Other care,,"2000 E SOUTHERN AVE, SUITE 102",Tempe,AZ,85282,4808209141,2010-07-30,Not stated in NPPES — call to verify,CMS NPPES via Affine
1225008931,"James Leo Zukaitis, Md",Other care,,"2421 E SOUTHERN AVE, STE 7",Tempe,AZ,85282,6027444765,2020-12-04,Not stated in NPPES — call to verify,CMS NPPES via Affine
1003016015,James Lester,Other care,,"202 W. HERMOSA DR., APT D110",Tempe,AZ,85282,5034426467,2007-07-19,Not stated in NPPES — call to verify,CMS NPPES via Affine
1366596389,"James P Garrett, Dc Muac",Other care,,"3415 S MCCLINTOCK, SUITE 101",Tempe,AZ,85282,4807309636,2007-07-08,Not stated in NPPES — call to verify,CMS NPPES via Affine
1174763890,"James R Evans, Psyd",Behavioral health,Clinical,,Tempe,AZ,85287,4809656147,2009-02-21,Not stated in NPPES — call to verify,CMS NPPES via Affine
1942321229,"James R. Lane, Ph.D.",Behavioral health,Counseling,,Tempe,AZ,85282,4808976261,2007-07-08,Not stated in NPPES — call to verify,CMS NPPES via Affine
1871070490,James Tyler Good,Behavioral health,,,Tempe,AZ,85284,6026665101,2018-07-26,Not stated in NPPES — call to verify,CMS NPPES via Affine
1346895992,James W Flint,Behavioral health,Psychiatric/Mental Health,,Tempe,AZ,85281,4807841514,2020-06-29,Not stated in NPPES — call to verify,CMS NPPES via Affine
1497782130,"James William Eitner, Do, Med, Facofp",Clinic / primary care,,"1626 S PRIEST DR, SUITE 101",Tempe,AZ,85281,4809212273,2012-10-18,Not stated in NPPES — call to verify,CMS NPPES via Affine
1801245303,"Jami A Cline, Aprn",Behavioral health,Psychiatric/Mental Health,,Tempe,AZ,85281,4807841514,2016-06-07,Not stated in NPPES — call to verify,CMS NPPES via Affine
1396072096,Jamie Christopher,Other care,,,Tempe,AZ,85282,4804560719,2010-11-11,Not stated in NPPES — call to verify,CMS NPPES via Affine
1558670513,Jamie Emmert,Other care,,,Tempe,AZ,85284,4807832673,2010-09-24,Not stated in NPPES — call to verify,CMS NPPES via Affine
1013303023,"Jamie L Hancock, Lac",Behavioral health,Professional,"2120 S MCCLINTOCK DR, SUITE 105",Tempe,AZ,85282,4808040326,2026-07-07,Not stated in NPPES — call to verify,CMS NPPES via Affine
1194246223,"Jamie Ostdiek, Pa-C",Clinic / primary care,,,Tempe,AZ,85283,4807551000,2025-11-17,Not stated in NPPES — call to verify,CMS NPPES via Affine
1073669800,"Jamie Turman, Pharm D",Pharmacy,,,Tempe,AZ,85282,4805555555,2011-11-02,Not stated in NPPES — call to verify,CMS NPPES via Affine
1265657233,"Jan Marie Becker, Otr",Other care,,,Tempe,AZ,85283,6028282727,2007-07-08,Not stated in NPPES — call to verify,CMS NPPES via Affine
1093214991,Jan Paul Roa,Other care,,,Tempe,AZ,85284,6025274426,2018-02-06,Not stated in NPPES — call to verify,CMS NPPES via Affine
1053123349,Janat Llc,Other care,,,Tempe,AZ,85283,4802461780,2025-01-23,Not stated in NPPES — call to verify,CMS NPPES via Affine
1891477246,Jane Davidson,Behavioral health,,,Tempe,AZ,85281,8552237123,2023-08-04,Not stated in NPPES — call to verify,CMS NPPES via Affine
1437520467,Jane Douglas,Pharmacy,,,Tempe,AZ,85281,8004137721,2015-10-16,Not stated in NPPES — call to verify,CMS NPPES via Affine
1578669107,"Jane H. Debrown, Psy.D.",Behavioral health,,,Tempe,AZ,85282,4807561669,2022-11-07,Not stated in NPPES — call to verify,CMS NPPES via Affine
1295246577,"Jane Jollie, Nmd",Other care,,,Tempe,AZ,85282,4044221997,2017-10-13,Not stated in NPPES — call to verify,CMS NPPES via Affine
1184311862,Jane Lee,Behavioral health,,,Tempe,AZ,85281,8552237123,2023-04-21,Not stated in NPPES — call to verify,CMS NPPES via Affine
1811501968,"Jane Martineau, Fnp-C",Clinic / primary care,Family,,Tempe,AZ,85284,4807836257,2026-04-24,Not stated in NPPES — call to verify,CMS NPPES via Affine
1831922624,Jane Na,Behavioral health,Psychiatric/Mental Health,,Tempe,AZ,85283,6025001264,2024-09-10,Not stated in NPPES — call to verify,CMS NPPES via Affine
1194462093,"Janel Alviar, Rbt",Behavioral health,,,Tempe,AZ,85284,4806720536,2022-05-13,Not stated in NPPES — call to verify,CMS NPPES via Affine
1528311479,Janet Ann Gottshall,Behavioral health,Professional,,Tempe,AZ,85283,6025711665,2012-12-27,Not stated in NPPES — call to verify,CMS NPPES via Affine
1528465200,Janet Garcia,Other care,,,Tempe,AZ,85282,6028082800,2014-11-25,Not stated in NPPES — call to verify,CMS NPPES via Affine
1487930434,"Janet Gdovic, Lmt",Other care,,,Tempe,AZ,85282,4803295423,2011-10-21,Not stated in NPPES — call to verify,CMS NPPES via Affine
1871700237,"Janice Lee, Pharm.D.",Pharmacy,,"51 W 3RD ST, SUITE 501",Tempe,AZ,85281,8778827820,2007-07-08,Not stated in NPPES — call to verify,CMS NPPES via Affine
1619550217,"Janine Statt, Pharmd",Pharmacy,,,Tempe,AZ,85281,8054052699,2021-04-30,Not stated in NPPES — call to verify,CMS NPPES via Affine
1821372996,"Janna Nelson, Lmt",Other care,,"2065 S COTTONWOOD DR, SUITE 1",Tempe,AZ,85282,6029998298,2011-10-06,Not stated in NPPES — call to verify,CMS NPPES via Affine
1275126823,Jany Deng,Behavioral health,,,Tempe,AZ,85283,6027518096,2021-02-15,Not stated in NPPES — call to verify,CMS NPPES via Affine
1427829621,"Jaqueline Castaneda Diaz, Rbt",Behavioral health,,,Tempe,AZ,85284,4806720536,2024-01-16,Not stated in NPPES — call to verify,CMS NPPES via Affine
1295485167,Jaquelyne Solis Ramos,Behavioral health,,,Tempe,AZ,85284,6026665101,2022-03-24,Not stated in NPPES — call to verify,CMS NPPES via Affine
1316566508,"Jared Bennett Stenoien, Cpht",Pharmacy,,,Tempe,AZ,85284,4803100514,2020-04-08,Not stated in NPPES — call to verify,CMS NPPES via Affine
1639480577,"Jared Craig Weekes, Crna",Other care,,"1976 E BASELINE RD, SUITE 102",Tempe,AZ,85283,6235168252,2015-11-03,Not stated in NPPES — call to verify,CMS NPPES via Affine
1154042307,"Jaren Savage, Rbt",Behavioral health,,,Tempe,AZ,85284,4806720536,2022-09-07,Not stated in NPPES — call to verify,CMS NPPES via Affine
1891981031,"Jarrett Holmes, Atc/Pta",Other care,,"1025 E BROADWAY RD, STE. 100",Tempe,AZ,85282,4808290217,2016-12-21,Not stated in NPPES — call to verify,CMS NPPES via Affine
1396450516,"Jarryd Leung, Dc",Other care,,,Tempe,AZ,85284,5033296231,2023-01-23,Not stated in NPPES — call to verify,CMS NPPES via Affine
1689841926,"Jascelyn Ann Revland, M.A.",Behavioral health,Professional,"2120 S MCCLINTOCK DR, STE. 105",Tempe,AZ,85282,4808040326,2015-07-30,Not stated in NPPES — call to verify,CMS NPPES via Affine
1750013637,Jasmen Erwing,Behavioral health,Mental Health,,Tempe,AZ,85282,4805250058,2022-06-28,Not stated in NPPES — call to verify,CMS NPPES via Affine
1902522550,Jasmin Murphy,Behavioral health,,,Tempe,AZ,85281,8552237123,2022-10-17,Not stated in NPPES — call to verify,CMS NPPES via Affine
1487297040,Jasmine C Strowbridge,Behavioral health,,,Tempe,AZ,85284,6026665101,2019-10-25,Not stated in NPPES — call to verify,CMS NPPES via Affine
1861063190,"Jasmine Carpio, Lcsw",Behavioral health,Clinical,,Tempe,AZ,85282,4807886169,2022-07-25,Not stated in NPPES — call to verify,CMS NPPES via Affine
1417631367,Jasmine Hancock,Behavioral health,,,Tempe,AZ,85281,8552237123,2023-06-12,Not stated in NPPES — call to verify,CMS NPPES via Affine
1972203032,Jasmine Membrila,Behavioral health,,,Tempe,AZ,85281,8552237123,2023-03-07,Not stated in NPPES — call to verify,CMS NPPES via Affine
1609007343,"Jasmine Perez Richey, Ma",Behavioral health,Professional,,Tempe,AZ,85282,4808040326,2026-08-14,Not stated in NPPES — call to verify,CMS NPPES via Affine
1699559492,Jasmine Wirth,Behavioral health,Psychiatric/Mental Health,,Tempe,AZ,85282,6233128949,2023-08-22,Not stated in NPPES — call to verify,CMS NPPES via Affine
1649962457,"Jasmyn Jache Jacobs, Rbt",Behavioral health,,,Tempe,AZ,85284,4806720536,2023-05-22,Not stated in NPPES — call to verify,CMS NPPES via Affine
1184209967,"Jasmyne Samuels, Dds",Other care,,,Tempe,AZ,85283,4806642270,2021-03-13,Not stated in NPPES — call to verify,CMS NPPES via Affine
1306453212,"Jason Elkan, Fnp",Clinic / primary care,Primary Care,,Tempe,AZ,85283,4807185400,2020-09-24,Not stated in NPPES — call to verify,CMS NPPES via Affine
1891001947,"Jason Funderburk, Pharmd",Pharmacy,,,Tempe,AZ,85283,4808389200,2010-08-27,Not stated in NPPES — call to verify,CMS NPPES via Affine
1114077278,"Jason Matthew Tarno, Do",Hospital,,,Tempe,AZ,85281,4809653349,2026-09-09,Not stated in NPPES — call to verify,CMS NPPES via Affine
1184247256,"Jason Michael Gemmer, Dc",Other care,,,Tempe,AZ,85288,4804544776,2026-01-20,Not stated in NPPES — call to verify,CMS NPPES via Affine
1003395054,Jason Sarnecki,Other care,,,Tempe,AZ,85283,4807770607,2018-08-10,Not stated in NPPES — call to verify,CMS NPPES via Affine
1063240406,"Jason William Hardman, Pmhnp-Bc",Behavioral health,Psychiatric/Mental Health,,Tempe,AZ,85282,4808037334,2024-07-25,Not stated in NPPES — call to verify,CMS NPPES via Affine
1790005916,Jatinder Somal Md Pc,Other care,,"2421 E SOUTHERN AVE, SUITE 1",Tempe,AZ,85282,4804252160,2010-06-10,Not stated in NPPES — call to verify,CMS NPPES via Affine
1396586715,Javauna Vaughn,Clinic / primary care,,,Tempe,AZ,85283,6232296545,2026-03-30,Not stated in NPPES — call to verify,CMS NPPES via Affine
1336750264,"Jaxinta Silvia Shaffer, Lcsw",Behavioral health,Mental Health,,Tempe,AZ,85281,4803265006,2020-08-13,Not stated in NPPES — call to verify,CMS NPPES via Affine
1487176244,"Jay Bedell, Ccp",Other care,,,Tempe,AZ,85283,4807770607,2022-07-21,Not stated in NPPES — call to verify,CMS NPPES via Affine
1356406409,"Jay D Summers, Ph.D.",Behavioral health,Clinical,"2034 E SOUTHERN AVE, SUITE K",Tempe,AZ,85282,4809461430,2009-06-09,Not stated in NPPES — call to verify,CMS NPPES via Affine
1972421360,"Jay Mehlhorn, Rph",Pharmacy,,,Tempe,AZ,85284,4807525200,2026-07-06,Not stated in NPPES — call to verify,CMS NPPES via Affine
1962360214,Jayden Jolie Montano,Other care,Speech-Language Assistant,,Tempe,AZ,85284,4803474341,2026-01-14,Not stated in NPPES — call to verify,CMS NPPES via Affine
1427937853,Jayden T Smith I,Behavioral health,,,Tempe,AZ,85281,4808630763,2025-08-29,Not stated in NPPES — call to verify,CMS NPPES via Affine
1174365902,Jayla M Cox,Other care,,,Tempe,AZ,85281,3479575571,2024-06-11,Not stated in NPPES — call to verify,CMS NPPES via Affine
1144910191,Jayla Thompson-Julian,Behavioral health,,,Tempe,AZ,85281,8552237123,2023-05-12,Not stated in NPPES — call to verify,CMS NPPES via Affine
1538926100,"Jaylene Rashell Medina, Bs, Rbt",Behavioral health,,,Tempe,AZ,85284,4806726720,2024-02-29,Not stated in NPPES — call to verify,CMS NPPES via Affine
1659937993,Jayme Jean Campbell,Behavioral health,,,Tempe,AZ,85284,6086665104,2019-05-13,Not stated in NPPES — call to verify,CMS NPPES via Affine
1720698814,"Jayven Sadae Dobbins, Pa",Clinic / primary care,,,Tempe,AZ,85284,4807390007,2025-01-23,Not stated in NPPES — call to verify,CMS NPPES via Affine
1720845381,"Jazmin Daneen Sloan, Aa, Rbt",Behavioral health,,,Tempe,AZ,85284,4806720536,2024-02-29,Not stated in NPPES — call to verify,CMS NPPES via Affine
1538930730,"Jazmine Starr Carranza, Rbt",Behavioral health,,,Tempe,AZ,85284,4806720536,2024-01-16,Not stated in NPPES — call to verify,CMS NPPES via Affine
1801545413,Jc Patterson,Behavioral health,,,Tempe,AZ,85283,8447424620,2022-03-28,Not stated in NPPES — call to verify,CMS NPPES via Affine
1386714822,Jean Ludger Amazan Md Plc,Other care,,"1976 E BASELINE RD, STE 102",Tempe,AZ,85283,4802378255,2008-04-01,Not stated in NPPES — call to verify,CMS NPPES via Affine
1053621797,"Jean M Sokol, Lcsw, Lisac",Behavioral health,Clinical,"2435 E SOUTHERN AVE, SUITE 4",Tempe,AZ,85282,4805224113,2012-09-10,Not stated in NPPES — call to verify,CMS NPPES via Affine
1235210071,"Jean Penrose Hayden, Np",Clinic / primary care,Family,,Tempe,AZ,85281,6026856000,2025-01-23,Not stated in NPPES — call to verify,CMS NPPES via Affine
1689837254,"Jeanette C Runnings, Ot",Other care,,,Tempe,AZ,85282,4804560719,2018-05-15,Not stated in NPPES — call to verify,CMS NPPES via Affine
1255524112,"Jeanette Lau, Pharmd",Pharmacy,Psychiatric,,Tempe,AZ,85282,8664956738,2007-08-23,Not stated in NPPES — call to verify,CMS NPPES via Affine
1639765829,Jeffrey Ho Pllc,Other care,,,Tempe,AZ,85282,6232331441,2020-12-12,Not stated in NPPES — call to verify,CMS NPPES via Affine
1821415621,"Jeffrey L Beaird, Pa-C",Clinic / primary care,,,Tempe,AZ,85284,4806106100,2015-01-14,Not stated in NPPES — call to verify,CMS NPPES via Affine
1831100577,"Jeffrey Martin Glaus, D.C.",Other care,,"5024 S ASH AVE, SUITE 106",Tempe,AZ,85282,4807561688,2007-07-08,Not stated in NPPES — call to verify,CMS NPPES via Affine
1215052063,"Jeffrey P Ward, D.D.S.",Dental,General Practice,,Tempe,AZ,85283,4807305000,2023-07-05,Not stated in NPPES — call to verify,CMS NPPES via Affine
1639232648,"Jeffrey Richard Hoodin, M.D.",Clinic / primary care,,,Tempe,AZ,85284,4808390188,2007-07-08,Not stated in NPPES — call to verify,CMS NPPES via Affine
1790375905,Jeffrey Russell Stansberry,Pharmacy,,"1850 W. RIO SALADO PARKWAY, SUITE 211",Tempe,AZ,85281,9169265182,2021-01-21,Not stated in NPPES — call to verify,CMS NPPES via Affine
1841712130,"Jeffrey Simmons, Psyd",Behavioral health,Clinical,,Tempe,AZ,85283,8605583096,2026-05-30,Not stated in NPPES — call to verify,CMS NPPES via Affine
1730029232,Jejna Dental Pllc,Clinic / primary care,Dental,,Tempe,AZ,85284,4803457413,2026-04-01,Not stated in NPPES — call to verify,CMS NPPES via Affine
1164824900,"Jelina Ip, Nd",Clinic / primary care,,,Tempe,AZ,85282,4807044540,2015-11-04,Not stated in NPPES — call to verify,CMS NPPES via Affine
1881395093,Jelise Patterson,Behavioral health,,,Tempe,AZ,85281,8552237123,2023-03-14,Not stated in NPPES — call to verify,CMS NPPES via Affine
1184923849,Jen E Nelson Dc Pllc,Other care,,,Tempe,AZ,85282,4809662258,2022-01-10,Not stated in NPPES — call to verify,CMS NPPES via Affine
1801217286,"Jena Aebi, M.S. Ccc-Slp",Other care,,,Tempe,AZ,85282,6232030983,2023-10-30,Not stated in NPPES — call to verify,CMS NPPES via Affine
1447122809,"Jena J Selman, Lpc",Behavioral health,Mental Health,,Tempe,AZ,85284,4806560500,2025-09-23,Not stated in NPPES — call to verify,CMS NPPES via Affine
1477943876,"Jenenne Redd, Lcsw",Behavioral health,Clinical,"2120 S MCCLINTOCK DR, SUITE 105",Tempe,AZ,85282,4808040326,2018-02-01,Not stated in NPPES — call to verify,CMS NPPES via Affine
1831458918,"Jenise Johnson, Lac",Behavioral health,Mental Health,"2120 S MCCLINTOCK DR, SUITE 105",Tempe,AZ,85282,4808040326,2012-05-10,Not stated in NPPES — call to verify,CMS NPPES via Affine
1588495634,"Jenna Dandridge, Fnp",Clinic / primary care,Primary Care,,Tempe,AZ,85282,4805241600,2026-08-21,Not stated in NPPES — call to verify,CMS NPPES via Affine
1306546122,Jenna Mazza,Behavioral health,,,Tempe,AZ,85281,8552237123,2023-03-09,Not stated in NPPES — call to verify,CMS NPPES via Affine
1154578649,"Jennifer Alia Corbett, M. Ed.",Behavioral health,School,,Tempe,AZ,85283,6027642052,2008-08-26,Not stated in NPPES — call to verify,CMS NPPES via Affine
1477135085,"Jennifer Ann Power, Rn",Other care,Case Management,,Tempe,AZ,85282,5202337111,2021-04-22,Not stated in NPPES — call to verify,CMS NPPES via Affine
1306289467,Jennifer Anne Franzmeier,Other care,Speech-Language Assistant,,Tempe,AZ,85282,6236407942,2013-04-09,Not stated in NPPES — call to verify,CMS NPPES via Affine
1598950727,Jennifer E Boll Md Inc,Other care,,,Tempe,AZ,85282,4808335200,2018-03-27,Not stated in NPPES — call to verify,CMS NPPES via Affine
1780664243,"Jennifer E Boll, M.D.",Other care,,"2034 W SOUTHERN AVE, SUITE Y",Tempe,AZ,85282,4808335200,2018-03-23,Not stated in NPPES — call to verify,CMS NPPES via Affine
1578193512,"Jennifer Engelbert, Dpt",Other care,,,Tempe,AZ,85283,4808331005,2020-05-07,Not stated in NPPES — call to verify,CMS NPPES via Affine
1033218755,"Jennifer Gibler, P.A.-C",Clinic / primary care,,"6301 S MCCLINTOCK DR, #101",Tempe,AZ,85283,4802142300,2020-03-06,Not stated in NPPES — call to verify,CMS NPPES via Affine
1447609201,"Jennifer Iacovo, Dnp, Fnp-C",Clinic / primary care,Family,,Tempe,AZ,85282,4802140621,2023-05-16,Not stated in NPPES — call to verify,CMS NPPES via Affine
1356227102,Jennifer Ibarra,Behavioral health,Mental Health,,Tempe,AZ,85281,4809993323,2025-08-14,Not stated in NPPES — call to verify,CMS NPPES via Affine
1316182926,Jennifer Johnstad Llc,Clinic / primary care,Surgical,"2421 E SOUTHERN AVE, SUITE 1",Tempe,AZ,85282,4804852158,2009-08-21,Not stated in NPPES — call to verify,CMS NPPES via Affine
1174071963,"Jennifer K Bradley, Psyd Llc",Behavioral health,,"4500 S LAKESHORE DR, STE 345",Tempe,AZ,85282,4809173255,2016-09-21,Not stated in NPPES — call to verify,CMS NPPES via Affine
1104900653,"Jennifer K. Miller, Ccc-Slp",Other care,,,Tempe,AZ,85282,4804560719,2018-05-10,Not stated in NPPES — call to verify,CMS NPPES via Affine
1477238012,Jennifer Lee,Behavioral health,Professional,"2111 E BASELINE RD, SUITE A2 AND SUITE F8",Tempe,AZ,85283,4804893925,2023-06-20,Not stated in NPPES — call to verify,CMS NPPES via Affine
1508916529,"Jennifer Lynn Dregely, M.C., L.P.C",Behavioral health,Mental Health,,Tempe,AZ,85283,4807523577,2007-07-08,Not stated in NPPES — call to verify,CMS NPPES via Affine
1255631164,"Jennifer Lynn Kretchman, M.S., Ccc-Slp",Other care,,,Tempe,AZ,85284,6027034774,2011-10-21,Not stated in NPPES — call to verify,CMS NPPES via Affine
1073671962,"Jennifer Lynne Cunico, Mcmfct",Behavioral health,,,Tempe,AZ,85282,4807841514,2007-07-08,Not stated in NPPES — call to verify,CMS NPPES via Affine
1740044205,"Jennifer Lynne Fortner, Rn, Bsn",Other care,School,,Tempe,AZ,85283,4808976233,2024-02-06,Not stated in NPPES — call to verify,CMS NPPES via Affine
1952997025,Jennifer Marie Kalinosky,Clinic / primary care,Family,,Tempe,AZ,85281,4804483999,2020-12-14,Not stated in NPPES — call to verify,CMS NPPES via Affine
1275785099,"Jennifer Nordine, Otr/L",Other care,Driving and Community Mobility,"1414 W BROADWAY RD, STE 218",Tempe,AZ,85282,4804493331,2008-10-13,Not stated in NPPES — call to verify,CMS NPPES via Affine
1922713171,Jennifer Poppen,Behavioral health,,,Tempe,AZ,85281,8552237123,2023-01-20,Not stated in NPPES — call to verify,CMS NPPES via Affine
1982238838,"Jennifer Rosenfeld-Hester, Lpc",Behavioral health,Professional,,Tempe,AZ,85282,4808040326,2025-01-27,Not stated in NPPES — call to verify,CMS NPPES via Affine
1437720919,"Jennifer Samaga, Rbt",Behavioral health,,,Tempe,AZ,85284,4806720536,2021-07-07,Not stated in NPPES — call to verify,CMS NPPES via Affine
1437439783,"Jennifer Schomburg, Pharmd",Pharmacy,,,Tempe,AZ,85284,4808209984,2015-12-01,Not stated in NPPES — call to verify,CMS NPPES via Affine
1588579312,"Jennifer Shelton, Cert School Psych",Behavioral health,School,,Tempe,AZ,85288,4807272435,2026-08-17,Not stated in NPPES — call to verify,CMS NPPES via Affine
1821841370,"Jennifer Steuck, Ma, Lac",Behavioral health,Mental Health,,Tempe,AZ,85283,4803076446,2024-04-05,Not stated in NPPES — call to verify,CMS NPPES via Affine
1487114054,"Jennifer Sue Heeter, Fnp",Clinic / primary care,,,Tempe,AZ,85283,8883814858,2024-09-27,Not stated in NPPES — call to verify,CMS NPPES via Affine
1033830732,Jennifer Thompson,Other care,Speech-Language Assistant,,Tempe,AZ,85284,4803744341,2022-09-09,Not stated in NPPES — call to verify,CMS NPPES via Affine
1396071387,"Jennifer Turek, Lcsw",Behavioral health,Clinical,,Tempe,AZ,85281,4808205186,2009-10-26,Not stated in NPPES — call to verify,CMS NPPES via Affine
1376885038,"Jennifer Urich, Ot",Other care,,,Tempe,AZ,85282,4804560719,2013-04-09,Not stated in NPPES — call to verify,CMS NPPES via Affine
1346694007,"Jennifer Vanderstouw, L.M.T.",Other care,,,Tempe,AZ,85284,4802835243,2016-04-19,Not stated in NPPES — call to verify,CMS NPPES via Affine
1174036982,Jeremy Engel,Other care,,,Tempe,AZ,85283,4807770607,2017-11-15,Not stated in NPPES — call to verify,CMS NPPES via Affine
1851157150,"Jeremy Kennedy, Bs, Rbt",Behavioral health,,,Tempe,AZ,85284,4806720536,2024-02-23,Not stated in NPPES — call to verify,CMS NPPES via Affine
1427795665,Jeremy Killion,Other care,,,Tempe,AZ,85284,4805537153,2022-09-27,Not stated in NPPES — call to verify,CMS NPPES via Affine
1568609329,"Jeremy Lee Hassler, Atc",Other care,Athletic Trainer,,Tempe,AZ,85281,4804499000,2009-01-15,Not stated in NPPES — call to verify,CMS NPPES via Affine
1770716284,"Jeremy Shane Lewis, Atc",Other care,Athletic Trainer,"1025 E BROADWAY RD, STE 100",Tempe,AZ,85282,4808290217,2009-08-31,Not stated in NPPES — call to verify,CMS NPPES via Affine
1215998448,"Jeri E Pounds, F.N.P.",Clinic / primary care,,,Tempe,AZ,85281,4809653346,2026-07-13,Not stated in NPPES — call to verify,CMS NPPES via Affine
1043957285,Jerome Flowers,Behavioral health,Addiction (Substance Use Disorder),,Tempe,AZ,85284,4805537153,2022-09-30,Not stated in NPPES — call to verify,CMS NPPES via Affine
1992711535,"Jerome Patridge, Do",Other care,,,Tempe,AZ,85282,4808209141,2018-11-28,Not stated in NPPES — call to verify,CMS NPPES via Affine
1881877967,"Jerry D Slaton, Lac",Behavioral health,,"2120 S MCCLINTOCK DR, STE. 105",Tempe,AZ,85282,4808040326,2017-04-23,Not stated in NPPES — call to verify,CMS NPPES via Affine
1093537938,"Jesica Mayeli Martinez, Cota/L",Other care,,,Tempe,AZ,85281,4807344134,2024-10-31,Not stated in NPPES — call to verify,CMS NPPES via Affine
1235970948,Jesikamckenziebhi Llc,Behavioral health,Psychiatric/Mental Health,,Tempe,AZ,85288,8554325551,2026-02-20,Not stated in NPPES — call to verify,CMS NPPES via Affine
1275293060,Jesse Allen Lowman,Other care,Athletic Trainer,,Tempe,AZ,85287,4802206599,2021-12-21,Not stated in NPPES — call to verify,CMS NPPES via Affine
1558889543,Jessi Rae Hodges,Other care,,,Tempe,AZ,85284,4803744341,2026-02-02,Not stated in NPPES — call to verify,CMS NPPES via Affine
1558046730,"Jessica A Young, Ms, Rbt",Behavioral health,,,Tempe,AZ,85284,4806720536,2023-06-16,Not stated in NPPES — call to verify,CMS NPPES via Affine
1932673308,"Jessica Alexis Gutierrez Ortiz, Lpn",Other care,,,Tempe,AZ,85284,4805415800,2019-01-17,Not stated in NPPES — call to verify,CMS NPPES via Affine
1457190837,Jessica Alvarez,Behavioral health,,,Tempe,AZ,85283,4805895383,2024-05-23,Not stated in NPPES — call to verify,CMS NPPES via Affine
1538866009,"Jessica Ann Prosser, Lpc",Behavioral health,Professional,,Tempe,AZ,85282,4807181261,2024-11-13,Not stated in NPPES — call to verify,CMS NPPES via Affine
1144579350,"Jessica Aranda, Rdh",Dental,,,Tempe,AZ,85283,4808315200,2012-09-04,Not stated in NPPES — call to verify,CMS NPPES via Affine
1144062621,"Jessica Ashley Constancio, Aa, Rbt",Behavioral health,,,Tempe,AZ,85284,4806720536,2024-06-06,Not stated in NPPES — call to verify,CMS NPPES via Affine
1184226052,"Jessica Breaux, Lmt",Other care,,,Tempe,AZ,85283,4806501493,2020-11-14,Not stated in NPPES — call to verify,CMS NPPES via Affine
1073022190,"Jessica Byrd, Lcsw",Behavioral health,Clinical,,Tempe,AZ,85284,9287190009,2022-06-07,Not stated in NPPES — call to verify,CMS NPPES via Affine
1184204646,"Jessica Carlson, Pt, Dpt",Other care,,,Tempe,AZ,85284,4803744341,2026-08-14,Not stated in NPPES — call to verify,CMS NPPES via Affine
1447961024,Jessica Cohen,Behavioral health,Clinical,,Tempe,AZ,85282,4809236200,2025-08-07,Not stated in NPPES — call to verify,CMS NPPES via Affine
1366909616,"Jessica Drachenberg, Ma-Mft, Lamft",Behavioral health,,,Tempe,AZ,85283,4806560500,2019-02-22,Not stated in NPPES — call to verify,CMS NPPES via Affine
1922426022,Jessica Esquivel,Other care,,,Tempe,AZ,85284,4802909757,2014-04-04,Not stated in NPPES — call to verify,CMS NPPES via Affine
1316686652,"Jessica Helen Resnick Whisonant, Do",Other care,,,Tempe,AZ,85283,6029334550,2026-07-08,Not stated in NPPES — call to verify,CMS NPPES via Affine
1699175034,"Jessica Hinton, Lmsw",Behavioral health,Clinical,"3910 S RURAL RD, SUITE J",Tempe,AZ,85282,4803179868,2014-09-03,Not stated in NPPES — call to verify,CMS NPPES via Affine
1215211081,Jessica Ho,Other care,,,Tempe,AZ,85282,4804560719,2011-11-03,Not stated in NPPES — call to verify,CMS NPPES via Affine
1962983791,"Jessica Johnson, Dpt",Other care,,,Tempe,AZ,85282,4809219000,2018-08-29,Not stated in NPPES — call to verify,CMS NPPES via Affine
1932975414,Jessica Jones,Behavioral health,Addiction (Substance Use Disorder),"148 W ORION, STE C5",Tempe,AZ,85283,6029023691,2023-11-27,Not stated in NPPES — call to verify,CMS NPPES via Affine
1992354492,Jessica Kenny,Behavioral health,Clinical,,Tempe,AZ,85282,4808040326,2023-04-11,Not stated in NPPES — call to verify,CMS NPPES via Affine
1548722333,"Jessica L Reed, Lat, Atc",Other care,Athletic Trainer,,Tempe,AZ,85284,4802213988,2021-06-02,Not stated in NPPES — call to verify,CMS NPPES via Affine
1013505254,Jessica Leah Moore,Other care,Prosthetics Case Management,,Tempe,AZ,85281,6232612178,2021-01-04,Not stated in NPPES — call to verify,CMS NPPES via Affine
1053095539,Jessica Leland,Behavioral health,,,Tempe,AZ,85281,8552237123,2023-06-14,Not stated in NPPES — call to verify,CMS NPPES via Affine
1508457086,"Jessica Lynn Glentz, Fnp-C",Clinic / primary care,Family,,Tempe,AZ,85282,4808391032,2022-03-20,Not stated in NPPES — call to verify,CMS NPPES via Affine
1164902011,"Jessica Lynn Leslie, Rd",Other care,,,Tempe,AZ,85282,6022437277,2018-08-20,Not stated in NPPES — call to verify,CMS NPPES via Affine
1194034843,"Jessica Mann, L.Ac., Dipl.Ac.",Other care,,"5005 S ASH AVE, SUITE 7",Tempe,AZ,85282,4804559899,2011-07-07,Not stated in NPPES — call to verify,CMS NPPES via Affine
1235657610,Jessica Nicole Forshey,Other care,Speech-Language Assistant,,Tempe,AZ,85281,4809299909,2017-09-06,Not stated in NPPES — call to verify,CMS NPPES via Affine
1093386187,Jessica Overson,Other care,,,Tempe,AZ,85284,4807572712,2021-07-08,Not stated in NPPES — call to verify,CMS NPPES via Affine
1841564416,"Jessica R Jungers, Pt",Other care,,,Tempe,AZ,85282,4804560719,2012-04-17,Not stated in NPPES — call to verify,CMS NPPES via Affine
1467152918,"Jessica Symmes, Fnp",Clinic / primary care,Family,,Tempe,AZ,85282,4808942823,2023-03-03,Not stated in NPPES — call to verify,CMS NPPES via Affine
1467140517,Jessica Tindal,Behavioral health,Professional,,Tempe,AZ,85282,4806411165,2023-04-26,Not stated in NPPES — call to verify,CMS NPPES via Affine
1518965953,"Jessica Tomasello, M.D.",Other care,,,Tempe,AZ,85282,4804252160,2023-01-03,Not stated in NPPES — call to verify,CMS NPPES via Affine
1619460169,Jessica Wharton,Behavioral health,,,Tempe,AZ,85284,6026665105,2018-06-10,Not stated in NPPES — call to verify,CMS NPPES via Affine
1457748519,Jessica Whipple,Other care,,,Tempe,AZ,85284,4805412600,2015-04-16,Not stated in NPPES — call to verify,CMS NPPES via Affine
1447918511,Jessie Leota Ray,Pharmacy,,,Tempe,AZ,85282,4805570970,2021-12-06,Not stated in NPPES — call to verify,CMS NPPES via Affine
1124540158,"Jessie Noel Klein, Pt, Dpt",Other care,,,Tempe,AZ,85282,4804560719,2018-05-15,Not stated in NPPES — call to verify,CMS NPPES via Affine
1548194632,"Jessie Ryan Hedeby, Rbt",Behavioral health,,,Tempe,AZ,85282,6028059237,2026-06-11,Not stated in NPPES — call to verify,CMS NPPES via Affine
1932526597,Jessy Arroyo,Other care,Speech-Language Assistant,,Tempe,AZ,85282,9283666022,2014-03-20,Not stated in NPPES — call to verify,CMS NPPES via Affine
1417507997,Jetzabel Angulo,Other care,,,Tempe,AZ,85284,4805411000,2022-07-27,Not stated in NPPES — call to verify,CMS NPPES via Affine
1205407210,Jey H's Safe House Inc,Other care,,,Tempe,AZ,85283,7708003006,2021-07-09,Not stated in NPPES — call to verify,CMS NPPES via Affine
1306862479,"Jihad Halloum, M.D.",Clinic / primary care,,,Tempe,AZ,85282,4808391032,2012-01-11,Not stated in NPPES — call to verify,CMS NPPES via Affine
1912949041,"Jilanne Rose, Np",Clinic / primary care,Adult Health,"2155 E CONFERENCE DR, STE 101",Tempe,AZ,85284,4804545562,2026-02-12,Not stated in NPPES — call to verify,CMS NPPES via Affine
1598773673,"Jill C Sandul, Pt",Other care,,,Tempe,AZ,85282,4804560719,2018-05-08,Not stated in NPPES — call to verify,CMS NPPES via Affine
1710862818,Jill Coscarelli,Other care,,,Tempe,AZ,85282,6022437277,2025-08-07,Not stated in NPPES — call to verify,CMS NPPES via Affine
1407442254,"Jill Karriker, Rn",Other care,School,,Tempe,AZ,85284,4805411000,2020-12-16,Not stated in NPPES — call to verify,CMS NPPES via Affine
1063122257,"Jill Marie Goodnough, Rn",Other care,School,,Tempe,AZ,85283,4807308300,2022-11-29,Not stated in NPPES — call to verify,CMS NPPES via Affine
1083885008,"Jill Marie Juvan, M.S., Ccc-A",Other care,,,Tempe,AZ,85281,6029561250,2020-08-14,Not stated in NPPES — call to verify,CMS NPPES via Affine
1588780878,"Jill Mauren Falkenberg, Pt",Other care,,,Tempe,AZ,85282,4804560719,2018-05-15,Not stated in NPPES — call to verify,CMS NPPES via Affine
1467116426,"Jill Renae Hanson, Pharmd",Pharmacy,,,Tempe,AZ,85281,4805679013,2021-10-26,Not stated in NPPES — call to verify,CMS NPPES via Affine
1255282430,"Jill Sclease, Ctrs, Cdrs",Other care,,,Tempe,AZ,85282,4803635880,2026-02-04,Not stated in NPPES — call to verify,CMS NPPES via Affine
1740943901,"Jill Smith Erkens, Bpharm",Pharmacy,,,Tempe,AZ,85281,6028833209,2021-10-14,Not stated in NPPES — call to verify,CMS NPPES via Affine
1922943844,Jillian Day,Behavioral health,,,Tempe,AZ,85283,4809020771,2026-04-20,Not stated in NPPES — call to verify,CMS NPPES via Affine
1043019888,"Jillian Duley, Ccht, Cht,",Behavioral health,Mental Health,,Tempe,AZ,85282,9287933990,2025-03-12,Not stated in NPPES — call to verify,CMS NPPES via Affine
1306621719,Jimena Loren Castillo-Casaus,Behavioral health,,,Tempe,AZ,85282,5207794818,2023-08-25,Not stated in NPPES — call to verify,CMS NPPES via Affine
1255127833,"Jiyoo Park, Pharmd",Pharmacy,,,Tempe,AZ,85283,8002333264,2025-04-18,Not stated in NPPES — call to verify,CMS NPPES via Affine
1477395945,Jmj Counseling Llc,Behavioral health,Professional,,Tempe,AZ,85284,4808186108,2024-06-06,Not stated in NPPES — call to verify,CMS NPPES via Affine
1003282344,"Joan Marie Cobb, Msn, Apn, Fnp-Bc",Clinic / primary care,Family,,Tempe,AZ,85283,4806468123,2018-07-27,Not stated in NPPES — call to verify,CMS NPPES via Affine
1770225328,"Joanna L Lensch, Lcsw",Behavioral health,Clinical,,Tempe,AZ,85282,6023587073,2023-06-28,Not stated in NPPES — call to verify,CMS NPPES via Affine
1891456687,Joanna Nicole Zavala,Other care,Speech-Language Assistant,,Tempe,AZ,85284,4803744341,2022-01-04,Not stated in NPPES — call to verify,CMS NPPES via Affine
1437690252,"Joanna Welland, Rn",Other care,,,Tempe,AZ,85282,4802484094,2017-03-13,Not stated in NPPES — call to verify,CMS NPPES via Affine
1679259998,Joanne Lynne Nez,Behavioral health,,,Tempe,AZ,85282,6028991519,2023-06-22,Not stated in NPPES — call to verify,CMS NPPES via Affine
1639389547,"Joanne M Sanderl, Lpc",Behavioral health,Professional,"2120 S MCCLINTOCK DR, SUITE 105",Tempe,AZ,85282,4808040326,2017-04-23,Not stated in NPPES — call to verify,CMS NPPES via Affine
1205897907,"Joanne R Hirsch, M.D.",Clinic / primary care,,,Tempe,AZ,85281,4809653346,2026-07-13,Not stated in NPPES — call to verify,CMS NPPES via Affine
1326683756,Jocilyn Benninger,Other care,Speech-Language Assistant,,Tempe,AZ,85283,4808977122,2019-11-08,Not stated in NPPES — call to verify,CMS NPPES via Affine
1841447851,"Jodi Duecker, Otr/L",Other care,,,Tempe,AZ,85282,4807307100,2008-08-20,Not stated in NPPES — call to verify,CMS NPPES via Affine
1992209175,"Jodi Edmund-Asimos, Lmsw",Behavioral health,,,Tempe,AZ,85282,4808040326,2018-03-21,Not stated in NPPES — call to verify,CMS NPPES via Affine
1700368446,"Jodi Mcneil, Ccc-Slp",Other care,,,Tempe,AZ,85282,4807195564,2018-08-29,Not stated in NPPES — call to verify,CMS NPPES via Affine
1659578995,"Jodi Robinette, Pta",Other care,,"1221 W WARNER RD, SUITE 102",Tempe,AZ,85284,4807350124,2007-07-08,Not stated in NPPES — call to verify,CMS NPPES via Affine
1417738808,Joel Juuko Kayondo I,Other care,,,Tempe,AZ,85283,9282556213,2023-10-11,Not stated in NPPES — call to verify,CMS NPPES via Affine
1740873520,"Joel Michael Michaels, O.D.",Other care,,,Tempe,AZ,85282,6025796001,2021-02-12,Not stated in NPPES — call to verify,CMS NPPES via Affine
1710958517,"Joel Scott Sellers, Do",Clinic / primary care,,,Tempe,AZ,85283,4804262667,2019-07-01,Not stated in NPPES — call to verify,CMS NPPES via Affine
1124662085,Joel Terry,Behavioral health,Mental Health,,Tempe,AZ,85282,4803290881,2019-11-04,Not stated in NPPES — call to verify,CMS NPPES via Affine
1386463024,Joeley Harper,Other care,,,Tempe,AZ,85282,7026104868,2024-10-09,Not stated in NPPES — call to verify,CMS NPPES via Affine
1548249782,"Joellen Hegg Butler, Psy Nurse Practition",Behavioral health,Psychiatric/Mental Health,,Tempe,AZ,85284,4807879384,2021-06-19,Not stated in NPPES — call to verify,CMS NPPES via Affine
1588613707,"John C Avery, D.O.",Clinic / primary care,,,Tempe,AZ,85282,6022437277,2020-10-01,Not stated in NPPES — call to verify,CMS NPPES via Affine
1639233422,"John C. Hollebeek, Ed.D.",Behavioral health,,,Tempe,AZ,85282,4803457755,2007-07-08,Not stated in NPPES — call to verify,CMS NPPES via Affine
1992775712,"John D Pearson, O.D.",Other care,,"3200 S RURAL RD, #1",Tempe,AZ,85282,4809660522,2024-05-16,Not stated in NPPES — call to verify,CMS NPPES via Affine
1972288058,"John David Rogers, Lisac",Behavioral health,Addiction (Substance Use Disorder),,Tempe,AZ,85282,4805947186,2023-06-16,Not stated in NPPES — call to verify,CMS NPPES via Affine
1164032249,John Durkin,Other care,,,Tempe,AZ,85282,4808209141,2021-07-22,Not stated in NPPES — call to verify,CMS NPPES via Affine
1609982123,"John E Palmer, Dc",Other care,,,Tempe,AZ,85284,4808206695,2007-07-08,Not stated in NPPES — call to verify,CMS NPPES via Affine
1518326636,John G Fletcher Dmd Pllc,Dental,General Practice,,Tempe,AZ,85282,4808394550,2016-02-17,Not stated in NPPES — call to verify,CMS NPPES via Affine
1710132279,"John L Macdonald, D.C.",Other care,,"6625 S RURAL RD, STE 104",Tempe,AZ,85283,4808334515,2013-05-28,Not stated in NPPES — call to verify,CMS NPPES via Affine
1356532048,John M Goldberg Md Pllc,Clinic / primary care,Infectious Disease,"2501 E SOUTHERN AVE, SUITE 22",Tempe,AZ,85282,4809851093,2007-08-07,Not stated in NPPES — call to verify,CMS NPPES via Affine
1053352260,"John M Kilian, M.D.",Other care,,"2600 E SOUTHERN AVE, SUITE A1",Tempe,AZ,85282,4808381330,2008-01-30,Not stated in NPPES — call to verify,CMS NPPES via Affine
1609467547,"John Marcinkowski, Med, Lat, Atc",Other care,Athletic Trainer,,Tempe,AZ,85287,4807274949,2021-02-02,Not stated in NPPES — call to verify,CMS NPPES via Affine
1992868699,John N Chrisagis O D P C,Other care,,,Tempe,AZ,85283,4809674910,2025-03-19,Not stated in NPPES — call to verify,CMS NPPES via Affine
1760660369,"John P Breinholt Iii, Md",Other care,Pediatric Cardiology,,Tempe,AZ,85283,4807551000,2022-05-04,Not stated in NPPES — call to verify,CMS NPPES via Affine
1619953577,"John P Castro, Md",Clinic / primary care,,"1920 E BASELINE RD, CJ HARRIS CLINIC",Tempe,AZ,85283,4803455085,2016-01-25,Not stated in NPPES — call to verify,CMS NPPES via Affine
1538086616,John Robert Marcum,Behavioral health,,,Tempe,AZ,85284,8003451036,2026-06-30,Not stated in NPPES — call to verify,CMS NPPES via Affine
1538570007,"John Saissan, Pharmacist",Pharmacy,,,Tempe,AZ,85284,4804563602,2014-05-18,Not stated in NPPES — call to verify,CMS NPPES via Affine
1982589883,"John Spece, Lac",Behavioral health,,,Tempe,AZ,85284,4803397119,2025-08-08,Not stated in NPPES — call to verify,CMS NPPES via Affine
1558641589,"John Van, Dds",Dental,General Practice,,Tempe,AZ,85282,4803741872,2011-08-22,Not stated in NPPES — call to verify,CMS NPPES via Affine
1235933524,John Zachery Kinsey,Other care,,,Tempe,AZ,85282,5202297329,2025-04-03,Not stated in NPPES — call to verify,CMS NPPES via Affine
1477606713,Johnston Medical Supply,Other care,,"2105 S 48TH ST, #105",Tempe,AZ,85282,6022641201,2025-09-11,Not stated in NPPES — call to verify,CMS NPPES via Affine
1609621564,Jolee R Clement,Other care,,,Tempe,AZ,85282,4805900006,2024-04-23,Not stated in NPPES — call to verify,CMS NPPES via Affine
1003742404,Jolene Wala,Other care,,,Tempe,AZ,85282,6028909497,2026-06-23,Not stated in NPPES — call to verify,CMS NPPES via Affine
1003565961,"Jolynn Hair Designz, Llc.",Other care,,,Tempe,AZ,85283,4809920932,2022-05-25,Not stated in NPPES — call to verify,CMS NPPES via Affine
1184582827,"Jolyssa Finley, Rn",Other care,,,Tempe,AZ,85283,4808976233,2026-01-12,Not stated in NPPES — call to verify,CMS NPPES via Affine
1184316770,"Jonah A Melo, Bs, Rbt",Behavioral health,,,Tempe,AZ,85284,4806720536,2023-05-23,Not stated in NPPES — call to verify,CMS NPPES via Affine
1740791680,Jonathan Charles Holz,Other care,,,Tempe,AZ,85282,4802178293,2017-10-18,Not stated in NPPES — call to verify,CMS NPPES via Affine
1427571041,Jonathan Kaplan Do Plc,Other care,,,Tempe,AZ,85282,4804252160,2026-07-23,Not stated in NPPES — call to verify,CMS NPPES via Affine
1801327309,"Jonathan Lavian, Md",Other care,,,Tempe,AZ,85283,8045560446,2025-04-20,Not stated in NPPES — call to verify,CMS NPPES via Affine
1447580550,"Jonathan Peter Venier, Reg Pharmacist",Pharmacy,,,Tempe,AZ,85284,4808209984,2010-01-12,Not stated in NPPES — call to verify,CMS NPPES via Affine
1699092775,Jones Family Dentistry,Dental,,"7350 S MCCLINTOCK DR, SUITE 102",Tempe,AZ,85283,4808319874,2010-04-28,Not stated in NPPES — call to verify,CMS NPPES via Affine
1467317354,"Jonnie Marie Chacon, Msot, Otr/L",Other care,,,Tempe,AZ,85284,4806720536,2025-12-22,Not stated in NPPES — call to verify,CMS NPPES via Affine
1568878981,Jordan Ball,Other care,,,Tempe,AZ,85282,4809218036,2015-08-18,Not stated in NPPES — call to verify,CMS NPPES via Affine
1942531405,"Jordan C Kopcio, D.C. Nmd",Other care,,,Tempe,AZ,85282,4809700000,2013-04-22,Not stated in NPPES — call to verify,CMS NPPES via Affine
1407570922,Jordan Knowles,Other care,,,Tempe,AZ,85283,4803786826,2022-09-28,Not stated in NPPES — call to verify,CMS NPPES via Affine
1689280034,Jordan Nash-Boulden,Other care,,,Tempe,AZ,85283,4808383200,2020-09-21,Not stated in NPPES — call to verify,CMS NPPES via Affine
1750055240,Jordyn Alexis Tinder,Behavioral health,,,Tempe,AZ,85284,6026665101,2021-08-06,Not stated in NPPES — call to verify,CMS NPPES via Affine
1134881857,"Jordynn Jimenez, Rbt",Behavioral health,,,Tempe,AZ,85284,4806720536,2021-10-11,Not stated in NPPES — call to verify,CMS NPPES via Affine
1376420273,Jorge Ernesto Osuna I,Behavioral health,,,Tempe,AZ,85281,4808630763,2025-08-20,Not stated in NPPES — call to verify,CMS NPPES via Affine
1184092587,Jorja Rosenberg,Other care,,"1400 E SOUTHERN AVE, SUITE 310",Tempe,AZ,85282,6025679881,2015-09-02,Not stated in NPPES — call to verify,CMS NPPES via Affine
1225271638,"Jose A Montoya, L.Ac.",Other care,,"1840 E BASELINE RD, STE A-1",Tempe,AZ,85283,4807775522,2013-08-07,Not stated in NPPES — call to verify,CMS NPPES via Affine
1346613908,"Josefina Castelo, Fnp-C",Clinic / primary care,Family,,Tempe,AZ,85284,4808205525,2022-07-21,Not stated in NPPES — call to verify,CMS NPPES via Affine
1255023735,Joseph Chiaramonte,Behavioral health,,,Tempe,AZ,85281,8552237123,2023-05-23,Not stated in NPPES — call to verify,CMS NPPES via Affine
1750406740,"Joseph E Logar Iii, P.T.",Other care,,,Tempe,AZ,85282,6157784066,2007-07-08,Not stated in NPPES — call to verify,CMS NPPES via Affine
1326639741,Joseph Falotico,Behavioral health,,,Tempe,AZ,85284,6026665101,2021-01-28,Not stated in NPPES — call to verify,CMS NPPES via Affine
1649035445,Joseph Graham,Other care,,,Tempe,AZ,85281,4805270727,2024-02-21,Not stated in NPPES — call to verify,CMS NPPES via Affine
1669910956,"Joseph Jalaf, Dpt",Other care,,,Tempe,AZ,85284,4808824934,2025-05-16,Not stated in NPPES — call to verify,CMS NPPES via Affine
1689066755,"Joseph Langheim, Lmhc, Lpc, Ctt",Behavioral health,Mental Health,,Tempe,AZ,85282,3144109415,2025-06-22,Not stated in NPPES — call to verify,CMS NPPES via Affine
1295963239,Joseph M. Levine Md Pc,Other care,,"2421 E SOUTHERN AVE, SUITE 1",Tempe,AZ,85282,4804252157,2009-06-29,Not stated in NPPES — call to verify,CMS NPPES via Affine
1033623442,"Joseph Peter Genovese, Pt",Other care,,,Tempe,AZ,85283,4807300501,2025-02-26,Not stated in NPPES — call to verify,CMS NPPES via Affine
1598427205,"Joseph William Vazquez, Nd",Other care,,,Tempe,AZ,85282,4809700000,2021-10-10,Not stated in NPPES — call to verify,CMS NPPES via Affine
1952764102,Josephine Jimenez,Other care,Adult Care Home,,Tempe,AZ,85283,4802955640,2023-04-19,Not stated in NPPES — call to verify,CMS NPPES via Affine
1033528476,"Josh Turnbull, Dmd",Dental,,,Tempe,AZ,85284,8017224085,2014-08-11,Not stated in NPPES — call to verify,CMS NPPES via Affine
1881250694,Joshua Edwinson Burnett,Behavioral health,,,Tempe,AZ,85283,4802834674,2019-05-16,Not stated in NPPES — call to verify,CMS NPPES via Affine
1770400103,"Joshua Flores, Pta",Other care,,,Tempe,AZ,85281,4805270727,2026-07-06,Not stated in NPPES — call to verify,CMS NPPES via Affine
1518352798,Joshua Hendrix,Other care,,,Tempe,AZ,85284,4802668878,2015-04-03,Not stated in NPPES — call to verify,CMS NPPES via Affine
1528258662,"Joshua Labaer, M.D., Ph.D.",Clinic / primary care,Medical Oncology,,Tempe,AZ,85287,4809652805,2010-08-12,Not stated in NPPES — call to verify,CMS NPPES via Affine
1740117951,Joshua Newby Do Pllc,Other care,,,Tempe,AZ,85282,4804252160,2026-05-04,Not stated in NPPES — call to verify,CMS NPPES via Affine
1952893547,"Joshua Ryan Peterson, Arnp",Clinic / primary care,Family,,Tempe,AZ,85283,6027776000,2023-02-25,Not stated in NPPES — call to verify,CMS NPPES via Affine
1285757195,"Joshua W Breger, M.S., Ccc-Slp",Other care,,"975 S. MYRTLE AVE, LATTIE F. COOR HALL, 2ND FLOOR",Tempe,AZ,85281,4809652373,2019-08-09,Not stated in NPPES — call to verify,CMS NPPES via Affine
1518191246,"Journeys Counseling Center, Pllc",Behavioral health,Mental Health,,Tempe,AZ,85283,4806560500,2024-02-18,Not stated in NPPES — call to verify,CMS NPPES via Affine
1902255839,"Journeys Counseling Center, Pllc",Behavioral health,Mental Health,,Tempe,AZ,85283,4806560500,2024-02-18,Not stated in NPPES — call to verify,CMS NPPES via Affine
1124733878,"Joy Ann Plote, Lpc",Behavioral health,,,Tempe,AZ,85283,6022455975,2025-01-02,Not stated in NPPES — call to verify,CMS NPPES via Affine
1124598321,"Joy Carter, Lcsw",Behavioral health,Clinical,,Tempe,AZ,85283,4804204299,2024-06-19,Not stated in NPPES — call to verify,CMS NPPES via Affine
1164832226,"Joy Zias, Slpa",Other care,Speech-Language Assistant,"600 E BASELINE RD, SUITE A4",Tempe,AZ,85283,4808396000,2014-04-29,Not stated in NPPES — call to verify,CMS NPPES via Affine
1164843405,"Joyce Kaminski, Otr/L",Other care,,"1400 E SOUTHERN AVE, SUITE 310",Tempe,AZ,85282,8663082700,2014-01-03,Not stated in NPPES — call to verify,CMS NPPES via Affine
1750863080,Jsw Medical Llc,Other care,Oxygen Equipment & Supplies,,Tempe,AZ,85284,6027828481,2018-09-24,Not stated in NPPES — call to verify,CMS NPPES via Affine
1124701966,Juanita Conedy,Other care,,,Tempe,AZ,85282,6024331344,2025-08-25,Not stated in NPPES — call to verify,CMS NPPES via Affine
1700056454,"Judge Family Chiropractic, Inc.",Other care,,"1950 E SOUTHERN AVE, #104",Tempe,AZ,85282,4807306514,2008-03-10,Not stated in NPPES — call to verify,CMS NPPES via Affine
1255902730,"Judge Nunez, Rbt",Behavioral health,,,Tempe,AZ,85284,4806720536,2021-07-07,Not stated in NPPES — call to verify,CMS NPPES via Affine
1588739197,"Judy A Emerson, Lcsw",Behavioral health,Mental Health,"1801 S JENTILLY LN, SUITE #C2",Tempe,AZ,85281,4808299585,2007-07-08,Not stated in NPPES — call to verify,CMS NPPES via Affine
1912904194,"Judy Ann Carran, Msw, Lcsw",Behavioral health,Clinical,,Tempe,AZ,85282,5203490913,2014-11-06,Not stated in NPPES — call to verify,CMS NPPES via Affine
1730326539,"Judy Florence Hinojosa, N.M.D.",Other care,,,Tempe,AZ,85284,6023881155,2014-11-06,Not stated in NPPES — call to verify,CMS NPPES via Affine
1114113701,Judy Rothman,Other care,,,Tempe,AZ,85282,4804560719,2019-06-20,Not stated in NPPES — call to verify,CMS NPPES via Affine
1407387442,Julia Annette Kieffer,Clinic / primary care,Family,,Tempe,AZ,85281,4804104128,2022-12-15,Not stated in NPPES — call to verify,CMS NPPES via Affine
1073302188,Julia Carter,Other care,,,Tempe,AZ,85284,4803744341,2025-05-05,Not stated in NPPES — call to verify,CMS NPPES via Affine
1659925923,"Julia Castro, Otr/L",Other care,,,Tempe,AZ,85284,4805411000,2019-07-25,Not stated in NPPES — call to verify,CMS NPPES via Affine
1316686181,"Julia D Legler, Mt-Bc",Other care,,,Tempe,AZ,85281,4805228644,2022-05-31,Not stated in NPPES — call to verify,CMS NPPES via Affine
1194418681,Julia Do,Other care,,,Tempe,AZ,85284,4803744341,2023-06-05,Not stated in NPPES — call to verify,CMS NPPES via Affine
1083439772,"Julia Flynn, Ms, Ccc-Slp",Other care,,,Tempe,AZ,85281,4803176183,2025-01-30,Not stated in NPPES — call to verify,CMS NPPES via Affine
1669920732,"Julia Nieto, Pa-C",Clinic / primary care,,,Tempe,AZ,85282,6025693999,2019-08-23,Not stated in NPPES — call to verify,CMS NPPES via Affine
1104793090,Julian Hiroki Fabrick,Other care,,,Tempe,AZ,85283,4808318660,2025-10-23,Not stated in NPPES — call to verify,CMS NPPES via Affine
1316725310,Juliana Josie Scocuzza,Behavioral health,,,Tempe,AZ,85282,4806411165,2023-09-20,Not stated in NPPES — call to verify,CMS NPPES via Affine
1306954961,Juliana Mosher,Other care,,"1729 W GREENTREE DR, STE 101",Tempe,AZ,85284,4807851765,2008-10-14,Not stated in NPPES — call to verify,CMS NPPES via Affine
1548869290,"Juliana Vargas, Pharm.D.",Pharmacy,,,Tempe,AZ,85284,4808209984,2020-10-23,Not stated in NPPES — call to verify,CMS NPPES via Affine
1134371842,"Julianne Bird, Otr/L",Other care,Driving and Community Mobility,,Tempe,AZ,85282,4804493331,2008-10-14,Not stated in NPPES — call to verify,CMS NPPES via Affine
1740679802,"Julianne Storaska Mckenzie, Bcba, Lba",Behavioral health,,,Tempe,AZ,85282,8667278274,2018-12-11,Not stated in NPPES — call to verify,CMS NPPES via Affine
1245772169,Julie Anderson,Other care,Athletic Trainer,,Tempe,AZ,85282,6025128607,2016-11-09,Not stated in NPPES — call to verify,CMS NPPES via Affine
1679120547,Julie Ann Linn,Other care,,,Tempe,AZ,85281,9188015226,2019-08-24,Not stated in NPPES — call to verify,CMS NPPES via Affine
1386727741,"Julie Ann Rake, Pa-C",Clinic / primary care,,"5030 S MILL AVE, STE D12",Tempe,AZ,85282,4808942823,2014-05-12,Not stated in NPPES — call to verify,CMS NPPES via Affine
1689152167,"Julie Bertoni, Cfy-Slp",Other care,,,Tempe,AZ,85281,4809683165,2018-08-06,Not stated in NPPES — call to verify,CMS NPPES via Affine
1366784035,"Julie Brass, Ot",Other care,,,Tempe,AZ,85282,4804560719,2013-04-09,Not stated in NPPES — call to verify,CMS NPPES via Affine
1073887204,"Julie C Robinson, St",Other care,,,Tempe,AZ,85282,4804560719,2012-04-17,Not stated in NPPES — call to verify,CMS NPPES via Affine
1821032616,"Julie G Savage, Phd",Behavioral health,Clinical,"1150 S. FOREST, #334",Tempe,AZ,85287,4809656147,2026-07-13,Not stated in NPPES — call to verify,CMS NPPES via Affine
1578673935,"Julie Horng, Dds",Dental,Dentist Anesthesiologist,,Tempe,AZ,85281,4803311522,2014-04-17,Not stated in NPPES — call to verify,CMS NPPES via Affine
1699264333,"Julie Marie Lemon, M.S., Bcba",Behavioral health,,,Tempe,AZ,85284,4806720536,2025-07-08,Not stated in NPPES — call to verify,CMS NPPES via Affine
1275414963,Julie Schwartz,Pharmacy,,,Tempe,AZ,85284,8003451036,2025-09-09,Not stated in NPPES — call to verify,CMS NPPES via Affine
1376940551,"Julie Sitarz, R.N.",Other care,School,,Tempe,AZ,85282,4808972744,2014-12-03,Not stated in NPPES — call to verify,CMS NPPES via Affine
1124491790,"Julie Wilder, Lpc",Behavioral health,Professional,,Tempe,AZ,85281,4807841514,2015-11-04,Not stated in NPPES — call to verify,CMS NPPES via Affine
1114100427,"Julie Wonsowicz, Lpc",Behavioral health,Professional,,Tempe,AZ,85282,4807841514,2007-12-10,Not stated in NPPES — call to verify,CMS NPPES via Affine
1174641856,"Juliette Francesca Beeman, Lcsw",Behavioral health,Clinical,"2120 S MCCLINTOCK DR, #105",Tempe,AZ,85282,4808040326,2017-04-23,Not stated in NPPES — call to verify,CMS NPPES via Affine
1447654892,"Junghi Lee, Rph.",Pharmacy,,,Tempe,AZ,85284,4807525346,2014-10-14,Not stated in NPPES — call to verify,CMS NPPES via Affine
1578445771,"Junior Butler, Worldboxing Champion",Other care,Athletic Trainer,,Tempe,AZ,85283,4804301487,2025-07-21,Not stated in NPPES — call to verify,CMS NPPES via Affine
1912367038,"Justin Chappell, Pt",Other care,,"1492 S MILL AVE, 211",Tempe,AZ,85281,4807308033,2016-03-02,Not stated in NPPES — call to verify,CMS NPPES via Affine
1184211013,Justin Goal,Pharmacy,,,Tempe,AZ,85282,4803456328,2020-12-27,Not stated in NPPES — call to verify,CMS NPPES via Affine
1669069738,"Justin R Gooder, Dpt",Other care,,,Tempe,AZ,85282,4805668125,2025-03-12,Not stated in NPPES — call to verify,CMS NPPES via Affine
1033039003,"Justin Szela, Lcsw",Behavioral health,Clinical,,Tempe,AZ,85284,6023968715,2026-07-20,Not stated in NPPES — call to verify,CMS NPPES via Affine
1518195056,"Justin Todd Hilmo, D.D.S.",Dental,General Practice,,Tempe,AZ,85283,4804919911,2009-06-23,Not stated in NPPES — call to verify,CMS NPPES via Affine
1720721343,"Justine A Steiner, Bs, Bht",Behavioral health,,,Tempe,AZ,85283,4804893925,2022-04-20,Not stated in NPPES — call to verify,CMS NPPES via Affine
1881352243,Jw Tomasello Md Llc,Other care,,,Tempe,AZ,85282,4804252160,2021-12-02,Not stated in NPPES — call to verify,CMS NPPES via Affine
1356290076,Kacee Rowland,Other care,Speech-Language Assistant,,Tempe,AZ,85283,4803389999,2026-01-26,Not stated in NPPES — call to verify,CMS NPPES via Affine
1871831313,"Kacie Christine Lyding, Pt",Other care,,,Tempe,AZ,85284,4807568617,2013-01-17,Not stated in NPPES — call to verify,CMS NPPES via Affine
1336062132,"Kade Van Dyken, Dpt",Other care,,,Tempe,AZ,85282,4809219000,2026-07-30,Not stated in NPPES — call to verify,CMS NPPES via Affine
1750057022,"Kadi Eve Stapleton, Fnp",Clinic / primary care,Family,,Tempe,AZ,85281,4808827320,2022-07-20,Not stated in NPPES — call to verify,CMS NPPES via Affine
1659061778,Kadro Trans Llc,Other care,,,Tempe,AZ,85283,4808030788,2023-05-11,Not stated in NPPES — call to verify,CMS NPPES via Affine
1295383842,Kaelee Martin,Behavioral health,,,Tempe,AZ,85282,8667278274,2019-08-27,Not stated in NPPES — call to verify,CMS NPPES via Affine
1780543587,Kag Billing Llc,Hospital,,,Tempe,AZ,85288,6028315500,2026-01-17,Not stated in NPPES — call to verify,CMS NPPES via Affine
1013037985,Kai Sun,Other care,,,Tempe,AZ,85282,4804252160,2022-12-01,Not stated in NPPES — call to verify,CMS NPPES via Affine
1104609577,Kaitlyn Ann Pinney,Other care,,,Tempe,AZ,85284,7125605108,2026-04-01,Not stated in NPPES — call to verify,CMS NPPES via Affine
1760143465,Kaitlyn Marie Pinegar,Behavioral health,Mental Health,,Tempe,AZ,85282,4808040326,2024-04-03,Not stated in NPPES — call to verify,CMS NPPES via Affine
1659148344,Kaitlyn Miller,Other care,Speech-Language Assistant,,Tempe,AZ,85284,4803744341,2026-07-21,Not stated in NPPES — call to verify,CMS NPPES via Affine
1831804996,Kaitlyn Souza,Behavioral health,,,Tempe,AZ,85281,8552237123,2023-01-23,Not stated in NPPES — call to verify,CMS NPPES via Affine
1922864636,"Kaleb William Stone, Rbt",Behavioral health,,,Tempe,AZ,85284,4806720536,2024-02-21,Not stated in NPPES — call to verify,CMS NPPES via Affine
1346599446,"Kali Cotner, Pa-C",Clinic / primary care,Medical,"4515 S MCCLINTOCK DR, STE 100",Tempe,AZ,85282,4808201133,2026-02-11,Not stated in NPPES — call to verify,CMS NPPES via Affine
1851607238,"Kalinda Grace Byrd, Pharm.D",Pharmacy,,,Tempe,AZ,85282,4808383642,2010-08-24,Not stated in NPPES — call to verify,CMS NPPES via Affine
1497294524,Kaltrans Llc,Other care,,"3220 S FAIR LN, STE19A",Tempe,AZ,85282,3364561560,2017-02-22,Not stated in NPPES — call to verify,CMS NPPES via Affine
1982457040,Kameron Soper,Behavioral health,,,Tempe,AZ,85281,8552237123,2024-09-19,Not stated in NPPES — call to verify,CMS NPPES via Affine
1922784248,"Kamryn D Stryker, Rbt",Behavioral health,,,Tempe,AZ,85284,4806720536,2023-06-22,Not stated in NPPES — call to verify,CMS NPPES via Affine
1255259792,Kamryn Henry,Behavioral health,,,Tempe,AZ,85281,4808630763,2026-07-09,Not stated in NPPES — call to verify,CMS NPPES via Affine
1194347815,Kandace Carr,Behavioral health,,,Tempe,AZ,85281,6024233623,2020-05-15,Not stated in NPPES — call to verify,CMS NPPES via Affine
1811553266,"Kandi Crandell, Mapc, Lpc",Behavioral health,Mental Health,,Tempe,AZ,85284,4803230165,2020-10-23,Not stated in NPPES — call to verify,CMS NPPES via Affine
1760005649,"Kara Nicole Kent, Rn",Other care,Community Health,,Tempe,AZ,85282,5202337111,2020-05-26,Not stated in NPPES — call to verify,CMS NPPES via Affine
1891817722,"Kara Opel, Ccc-Slp",Other care,,,Tempe,AZ,85284,4807834000,2008-08-27,Not stated in NPPES — call to verify,CMS NPPES via Affine
1790245603,Kara Rosenberger,Behavioral health,,,Tempe,AZ,85281,8552237123,2024-09-19,Not stated in NPPES — call to verify,CMS NPPES via Affine
1124767306,Kara Shieh,Clinic / primary care,,,Tempe,AZ,85282,4808942823,2023-02-28,Not stated in NPPES — call to verify,CMS NPPES via Affine
1497210421,"Karen Ann Katsaros, Rn",Other care,Community Health,,Tempe,AZ,85282,4803391780,2019-02-04,Not stated in NPPES — call to verify,CMS NPPES via Affine
1194417592,Karen Canastillo Rodriguez,Behavioral health,,,Tempe,AZ,85281,8552237123,2023-05-23,Not stated in NPPES — call to verify,CMS NPPES via Affine
1356234199,Karen Chumbe,Other care,,,Tempe,AZ,85283,8052359637,2025-05-30,Not stated in NPPES — call to verify,CMS NPPES via Affine
1679237846,"Karen E Ellis, Fnp",Clinic / primary care,,,Tempe,AZ,85282,4805777313,2021-10-25,Not stated in NPPES — call to verify,CMS NPPES via Affine
1528705464,"Karen Franklin, Bht",Behavioral health,,,Tempe,AZ,85283,4803786826,2022-05-12,Not stated in NPPES — call to verify,CMS NPPES via Affine
1548770381,"Karen Hyden, Cota/L",Other care,"Feeding, Eating & Swallowing",,Tempe,AZ,85282,6025679881,2017-10-06,Not stated in NPPES — call to verify,CMS NPPES via Affine
1851992556,Karen Jean Gundersen-Goff,Behavioral health,Clinical,,Tempe,AZ,85282,4808040326,2020-11-08,Not stated in NPPES — call to verify,CMS NPPES via Affine
1447455142,"Karen K Chow, O.D.",Other care,,,Tempe,AZ,85282,4809660522,2009-09-01,Not stated in NPPES — call to verify,CMS NPPES via Affine
1235168329,"Karen L Leber, Md",Clinic / primary care,,,Tempe,AZ,85282,6023950718,2020-08-22,Not stated in NPPES — call to verify,CMS NPPES via Affine
1942232582,"Karen Leber, Md",Clinic / primary care,,,Tempe,AZ,85282,4808972900,2022-07-21,Not stated in NPPES — call to verify,CMS NPPES via Affine
1023736295,"Karen Lee Hemmes, Rdn",Other care,,,Tempe,AZ,85281,6024692539,2025-05-12,Not stated in NPPES — call to verify,CMS NPPES via Affine
1467943340,"Karen Lynn Ray, Msc, Lpc",Behavioral health,Professional,,Tempe,AZ,85283,4802963606,2018-06-16,Not stated in NPPES — call to verify,CMS NPPES via Affine
1700468220,"Karen Marie Casey, Rn",Other care,Case Management,,Tempe,AZ,85282,5202337111,2021-04-23,Not stated in NPPES — call to verify,CMS NPPES via Affine
1194133777,Karen Oberg,Behavioral health,,,Tempe,AZ,85282,4808040326,2024-04-03,Not stated in NPPES — call to verify,CMS NPPES via Affine
1639449275,"Karen Vickers, Rph",Pharmacy,,,Tempe,AZ,85283,4808201990,2026-02-25,Not stated in NPPES — call to verify,CMS NPPES via Affine
1467167890,"Kari Anne Lantz, Ma, Lpc",Behavioral health,Mental Health,,Tempe,AZ,85282,8152181378,2024-07-17,Not stated in NPPES — call to verify,CMS NPPES via Affine
1902349673,Kari Marie Lien,Other care,,"975 SOUTH MYRTLE AVENUE, SPEECH AND HEARING CLINIC ARIZONA STATE UNIVERSITY",Tempe,AZ,85281,4809652373,2016-11-29,Not stated in NPPES — call to verify,CMS NPPES via Affine
1174974810,"Kari Mochel, Bcba",Behavioral health,,,Tempe,AZ,85283,6029267200,2016-06-23,Not stated in NPPES — call to verify,CMS NPPES via Affine
1942504683,"Kariappa Appachu, Md",Clinic / primary care,Nephrology,,Tempe,AZ,85284,4806106100,2014-08-11,Not stated in NPPES — call to verify,CMS NPPES via Affine
1447933163,Karina Faith Moreland,Behavioral health,,,Tempe,AZ,85282,4804893925,2023-08-09,Not stated in NPPES — call to verify,CMS NPPES via Affine
1275944829,"Karisa Kloscak, Lac",Behavioral health,Mental Health,"2120 S MCCLINTOCK DR, SUITE 105",Tempe,AZ,85282,4808040326,2014-05-16,Not stated in NPPES — call to verify,CMS NPPES via Affine
1346899440,Karl Wick Pmhnp-Bc Llc,Behavioral health,Psychiatric/Mental Health,,Tempe,AZ,85281,6026335563,2019-09-10,Not stated in NPPES — call to verify,CMS NPPES via Affine
1154015170,Karla Drew,Behavioral health,,,Tempe,AZ,85281,8552237123,2023-06-05,Not stated in NPPES — call to verify,CMS NPPES via Affine
1700323524,"Karla Guadalupe Cabrera, F.N.P.",Clinic / primary care,Family,,Tempe,AZ,85283,4804208067,2024-10-11,Not stated in NPPES — call to verify,CMS NPPES via Affine
1407428634,"Karlee Crenshaw, Rbt",Behavioral health,,,Tempe,AZ,85284,4806720536,2021-07-16,Not stated in NPPES — call to verify,CMS NPPES via Affine
1568868008,"Karlyn Biggs, Rrt",Other care,,"1400 E SOUTHERN AVE, STE 310",Tempe,AZ,85282,8663082700,2014-11-11,Not stated in NPPES — call to verify,CMS NPPES via Affine
1912607581,"Karlyn Marie Kohler, Np",Clinic / primary care,,,Tempe,AZ,85282,4808784077,2023-03-06,Not stated in NPPES — call to verify,CMS NPPES via Affine
1831804640,"Kassandra Renee Marrs, Lmsw",Behavioral health,,,Tempe,AZ,85282,4808040326,2023-01-16,Not stated in NPPES — call to verify,CMS NPPES via Affine
1710265400,"Kassidy Bennett, St",Other care,,,Tempe,AZ,85282,4804560719,2012-07-19,Not stated in NPPES — call to verify,CMS NPPES via Affine
1275992414,Katalin H Boleratzky Md Inc,Other care,,"2421 E SOUTHERN AVE, STE 1",Tempe,AZ,85282,4804252160,2016-02-16,Not stated in NPPES — call to verify,CMS NPPES via Affine
1760523633,Kate Schmidt,Other care,,,Tempe,AZ,85284,4807834000,2010-03-30,Not stated in NPPES — call to verify,CMS NPPES via Affine
1144143132,"Katelyn Lee, Pta",Other care,,,Tempe,AZ,85284,4803744341,2026-08-31,Not stated in NPPES — call to verify,CMS NPPES via Affine
1578483087,"Katelynn Marie Croshaw, Pta",Other care,,,Tempe,AZ,85288,4806224800,2026-07-16,Not stated in NPPES — call to verify,CMS NPPES via Affine
1619691110,"Katharine Elizabeth Wilson, Fnp-C",Clinic / primary care,Family,,Tempe,AZ,85283,6023230904,2022-09-28,Not stated in NPPES — call to verify,CMS NPPES via Affine
1093280273,"Katharine Rosenberg, Rn",Other care,,,Tempe,AZ,85283,4808976063,2018-10-04,Not stated in NPPES — call to verify,CMS NPPES via Affine
1407104920,"Katherine Ashley Sterbenz, M.S., Cf-Slp",Other care,,,Tempe,AZ,85284,4805411000,2012-08-15,Not stated in NPPES — call to verify,CMS NPPES via Affine
1750751418,Katherine Hillman,Other care,,"1400 E SOUTHERN AVE, 310",Tempe,AZ,85282,6025679881,2015-10-06,Not stated in NPPES — call to verify,CMS NPPES via Affine
1235843939,"Katherine Mary Keynton, Dpt",Other care,,,Tempe,AZ,85284,6239399475,2025-04-21,Not stated in NPPES — call to verify,CMS NPPES via Affine
1346681657,"Katherine P Slater, L.P.C.",Behavioral health,Professional,,Tempe,AZ,85283,4802422305,2022-04-08,Not stated in NPPES — call to verify,CMS NPPES via Affine
1811320922,"Katherine Princic, Dpt",Other care,,"1805 N SCOTTSDALE RD, 2",Tempe,AZ,85281,4809414169,2013-08-12,Not stated in NPPES — call to verify,CMS NPPES via Affine
1053041905,"Katherine Ray Mcgrail, M.S. Cf-Slp",Other care,,,Tempe,AZ,85284,4803744341,2022-06-14,Not stated in NPPES — call to verify,CMS NPPES via Affine
1356217962,"Katherine Vitch, Pmhnp",Behavioral health,Psychiatric/Mental Health,,Tempe,AZ,85282,6026860028,2025-10-13,Not stated in NPPES — call to verify,CMS NPPES via Affine
1568689487,"Kathleen A Dopp, Pharmd",Pharmacy,,"51 W 3RD ST, SUITE 501",Tempe,AZ,85281,4803176780,2007-07-08,Not stated in NPPES — call to verify,CMS NPPES via Affine
1851375752,"Kathleen A. Todd, Lcsw",Behavioral health,Clinical,"8727 S. PRIEST DR., SUITE 101",Tempe,AZ,85284,4808317342,2007-07-08,Not stated in NPPES — call to verify,CMS NPPES via Affine
1952598633,"Kathleen Gerilyn Sullivan, Lcsw",Behavioral health,Clinical,,Tempe,AZ,85283,4802871967,2009-04-15,Not stated in NPPES — call to verify,CMS NPPES via Affine
1659920528,Kathleen Hardy,Other care,Attendant Care Provider,,Tempe,AZ,85282,6025276399,2019-09-04,Not stated in NPPES — call to verify,CMS NPPES via Affine
1700070950,"Kathleen J Dzielinski, Lpc",Behavioral health,Professional,"2120 S MCCLINTOCK DR, SUITE 105",Tempe,AZ,85282,4808040326,2016-10-19,Not stated in NPPES — call to verify,CMS NPPES via Affine
1467742379,"Kathleen Kelly Mccauley, Lcsw, Lisac",Behavioral health,Clinical,"2435 E SOUTHERN AVE, SUITE 4",Tempe,AZ,85282,4802164785,2011-04-12,Not stated in NPPES — call to verify,CMS NPPES via Affine
1023695541,Kathleen M Schofield,Behavioral health,Mental Health,,Tempe,AZ,85283,4802337529,2026-01-28,Not stated in NPPES — call to verify,CMS NPPES via Affine
1689023053,"Kathleen M Smith, Pt, Dpt",Other care,,,Tempe,AZ,85282,4805668125,2021-03-05,Not stated in NPPES — call to verify,CMS NPPES via Affine
1306856067,"Kathleen S Woodruff, Fnp",Clinic / primary care,Family,,Tempe,AZ,85281,4809653346,2007-07-08,Not stated in NPPES — call to verify,CMS NPPES via Affine
1891194874,Kathleen Strohmeyer Anesthesiology Pllc,Other care,,"2421 E SOUTHERN AVE, SUITE 1",Tempe,AZ,85282,4804252160,2014-08-15,Not stated in NPPES — call to verify,CMS NPPES via Affine
1417517301,Kathryn Abram,Behavioral health,,,Tempe,AZ,85282,4808040326,2019-06-13,Not stated in NPPES — call to verify,CMS NPPES via Affine
1255042859,"Kathryn Ann Mcnichol, Lmsw",Behavioral health,,,Tempe,AZ,85282,4808040326,2022-12-06,Not stated in NPPES — call to verify,CMS NPPES via Affine
1710943253,"Kathryn Delreal, R.N.F.A.",Other care,,"2000 E SOUTHERN AVE, SUITE #102",Tempe,AZ,85282,6023224125,2011-11-29,Not stated in NPPES — call to verify,CMS NPPES via Affine
1508663030,Kathryn Kruithoff,Behavioral health,,,Tempe,AZ,85281,6232883656,2025-03-03,Not stated in NPPES — call to verify,CMS NPPES via Affine
1386411452,Kathryn Sarber,Other care,,,Tempe,AZ,85282,3178400855,2023-12-07,Not stated in NPPES — call to verify,CMS NPPES via Affine
1265179402,Kathryn Soderquist,Other care,,,Tempe,AZ,85284,4805537153,2022-05-18,Not stated in NPPES — call to verify,CMS NPPES via Affine
1205044864,"Kathryn W Everts, M.S.",Other care,,,Tempe,AZ,85282,4807307100,2007-07-08,Not stated in NPPES — call to verify,CMS NPPES via Affine
1447330261,Kathy Lieberman,Other care,,,Tempe,AZ,85282,4807307232,2007-07-08,Not stated in NPPES — call to verify,CMS NPPES via Affine
1528486495,"Kathy Smiley, Lpn",Other care,,,Tempe,AZ,85282,2063542400,2014-03-28,Not stated in NPPES — call to verify,CMS NPPES via Affine
1851033484,Katie Barabas,Behavioral health,,,Tempe,AZ,85283,4804893925,2022-04-13,Not stated in NPPES — call to verify,CMS NPPES via Affine
1053789701,Katie Bender,Other care,,"1400 E SOUTHERN AVE, SYUTE 310",Tempe,AZ,85282,6025679881,2015-09-11,Not stated in NPPES — call to verify,CMS NPPES via Affine
1194292920,"Katie Beutler Ralon, Pa-C",Clinic / primary care,,,Tempe,AZ,85288,4809248382,2025-05-19,Not stated in NPPES — call to verify,CMS NPPES via Affine
1023704574,Katie Herther,Behavioral health,,,Tempe,AZ,85281,8552237123,2023-04-17,Not stated in NPPES — call to verify,CMS NPPES via Affine
1912543190,Katie Lynn Lewis,Behavioral health,,,Tempe,AZ,85284,6026665101,2019-11-21,Not stated in NPPES — call to verify,CMS NPPES via Affine
1326007402,"Katie M Strasser, Atc, Lat",Other care,,,Tempe,AZ,85233,4809658520,2007-07-08,Not stated in NPPES — call to verify,CMS NPPES via Affine
1194034504,"Katie Stage, Nd",Other care,,,Tempe,AZ,85282,4809700000,2010-10-03,Not stated in NPPES — call to verify,CMS NPPES via Affine
1679498885,"Katlyn Jordache, Dbh, Ed.S, Ms, Ncsp",Behavioral health,School,,Tempe,AZ,85288,4806134289,2026-08-13,Not stated in NPPES — call to verify,CMS NPPES via Affine
1629364120,"Katrina Buwalda, Phd",Behavioral health,Clinical,"2039 S MILL AVE, SUITE B",Tempe,AZ,85282,4809213314,2011-06-22,Not stated in NPPES — call to verify,CMS NPPES via Affine
1578029203,"Katrina Kaehr Sage, Dpt",Other care,Orthopedic,,Tempe,AZ,85284,8078517654,2024-07-18,Not stated in NPPES — call to verify,CMS NPPES via Affine
1629505920,"Katrina Marie Hansen, Lpn",Other care,,,Tempe,AZ,85283,4802151735,2022-07-21,Not stated in NPPES — call to verify,CMS NPPES via Affine
1033935572,Katrina Olivia Chandler,Behavioral health,Mental Health,,Tempe,AZ,85282,4805307581,2024-11-30,Not stated in NPPES — call to verify,CMS NPPES via Affine
1457717605,Katrina Trujillo,Other care,,"1400 E SOUTHERN AVE, SUITE 310",Tempe,AZ,85282,6025679881,2016-01-06,Not stated in NPPES — call to verify,CMS NPPES via Affine
1801269626,Katsy Spence,Other care,,,Tempe,AZ,85282,4808290217,2015-11-02,Not stated in NPPES — call to verify,CMS NPPES via Affine
1518401884,"Katy Christinn Stemple, Mda, Rdn",Other care,,,Tempe,AZ,85283,4802539547,2023-10-11,Not stated in NPPES — call to verify,CMS NPPES via Affine
1770938441,Kay Chan Powell,Other care,,,Tempe,AZ,85284,4807584804,2024-11-21,Not stated in NPPES — call to verify,CMS NPPES via Affine
1437362431,Kay Marie Van Buskirk,Other care,,,Tempe,AZ,85282,4807361396,2007-07-08,Not stated in NPPES — call to verify,CMS NPPES via Affine
1336647734,Kayla Ashley Clark,Behavioral health,,,Tempe,AZ,85284,6026665104,2018-01-31,Not stated in NPPES — call to verify,CMS NPPES via Affine
1508370784,"Kayla D'lisa Rene Worley, Dnp, Aprn, Fnp-C",Clinic / primary care,Family,,Tempe,AZ,85284,4808275640,2020-10-15,Not stated in NPPES — call to verify,CMS NPPES via Affine
1356028955,"Kayla Iwanier, Slp",Other care,,,Tempe,AZ,85282,4805344121,2025-05-16,Not stated in NPPES — call to verify,CMS NPPES via Affine
1922807981,"Kayla Logsdon, Ms, Bcba",Behavioral health,,,Tempe,AZ,85284,8557728847,2026-06-11,Not stated in NPPES — call to verify,CMS NPPES via Affine
1760739916,Kayla Marie Shelley,Clinic / primary care,,,Tempe,AZ,85283,4806468123,2022-07-21,Not stated in NPPES — call to verify,CMS NPPES via Affine
1164241543,Kayla O'bryant,Behavioral health,,,Tempe,AZ,85282,6027677942,2024-10-03,Not stated in NPPES — call to verify,CMS NPPES via Affine
1710613849,Kayla Renae Neuberger,Other care,,,Tempe,AZ,85281,4809651082,2022-07-29,Not stated in NPPES — call to verify,CMS NPPES via Affine
1720809544,Kayla Schafhirt,Other care,,,Tempe,AZ,85282,4809700000,2024-11-01,Not stated in NPPES — call to verify,CMS NPPES via Affine
1386145100,Kayla Smoot,Behavioral health,,,Tempe,AZ,85284,6026665104,2018-02-27,Not stated in NPPES — call to verify,CMS NPPES via Affine
1588830251,"Kayle Martinsen, D.C.",Other care,,,Tempe,AZ,85282,4805555555,2018-07-16,Not stated in NPPES — call to verify,CMS NPPES via Affine
1033464722,"Kaylee Elisabeth Dunnigan, Ccc-Slp",Other care,,,Tempe,AZ,85284,4803744341,2026-03-26,Not stated in NPPES — call to verify,CMS NPPES via Affine
1255196333,"Kaylee Rae Licciardi, Lac",Behavioral health,Professional,,Tempe,AZ,85282,4808040326,2026-06-18,Not stated in NPPES — call to verify,CMS NPPES via Affine
1265174619,"Kayleigh Awadjie, Lmsw",Behavioral health,,,Tempe,AZ,85282,4808040326,2025-07-28,Not stated in NPPES — call to verify,CMS NPPES via Affine
1205605649,Kaylen Ashley Hatch,Behavioral health,,,Tempe,AZ,85281,8552237123,2024-09-19,Not stated in NPPES — call to verify,CMS NPPES via Affine
1558062893,"Kaylie Philllippi, Rbt",Behavioral health,,,Tempe,AZ,85284,4806720536,2023-03-14,Not stated in NPPES — call to verify,CMS NPPES via Affine
1710623889,"Kaylyn Adams, Lcsw",Behavioral health,Clinical,,Tempe,AZ,85282,4808040326,2026-04-13,Not stated in NPPES — call to verify,CMS NPPES via Affine
1194305862,Kc Global Enterprises,Behavioral health,Psychiatric/Mental Health,,Tempe,AZ,85282,4809009466,2021-04-08,Not stated in NPPES — call to verify,CMS NPPES via Affine
1487935292,Kd Chiropractic Llc,Clinic / primary care,Family,"1001 E WARNER RD, STE 107",Tempe,AZ,85284,4808973300,2013-05-23,Not stated in NPPES — call to verify,CMS NPPES via Affine
1780014621,Kd Healthcare Llc,Other care,,"1001 E WARNER RD, SUITE 107",Tempe,AZ,85284,4808973300,2015-06-22,Not stated in NPPES — call to verify,CMS NPPES via Affine
1720869233,"Keegan Sarah-Ellen Frailer, Bs, Rbt",Behavioral health,,,Tempe,AZ,85284,4806720536,2023-10-10,Not stated in NPPES — call to verify,CMS NPPES via Affine
1063261485,"Keely Rochelle Catanach, Aprn, Fnp-Bc",Clinic / primary care,Family,,Tempe,AZ,85282,4805241600,2026-03-27,Not stated in NPPES — call to verify,CMS NPPES via Affine
1538639679,Keighley Allyse O'leary,Behavioral health,,,Tempe,AZ,85284,6026665101,2018-12-02,Not stated in NPPES — call to verify,CMS NPPES via Affine
1710008206,Keira Widmer,Other care,,"5440 S LAKESHORE DR, SUITE 101",Tempe,AZ,85283,4806288089,2020-08-22,Not stated in NPPES — call to verify,CMS NPPES via Affine
1598717647,"Keith E Mcreynolds, Md",Other care,,,Tempe,AZ,85284,4802270500,2007-07-23,Not stated in NPPES — call to verify,CMS NPPES via Affine
1275606121,"Keith Montgomery Walton, Pta",Other care,,"1025 E BROADWAY RD, STE. 100",Tempe,AZ,85282,4808290217,2007-07-08,Not stated in NPPES — call to verify,CMS NPPES via Affine
1982115036,"Keith W Davis, Dc",Other care,,,Tempe,AZ,85283,4807775130,2020-01-07,Not stated in NPPES — call to verify,CMS NPPES via Affine
1700627353,"Kelcie Clinkenbeard, Mytp",Other care,,,Tempe,AZ,85284,3173855589,2024-06-05,Not stated in NPPES — call to verify,CMS NPPES via Affine
1275120032,"Kelcie Yomen, Lmt",Other care,,,Tempe,AZ,85282,8084820560,2020-12-28,Not stated in NPPES — call to verify,CMS NPPES via Affine
1275481202,Kellen P. Rosten,Other care,,,Tempe,AZ,85283,4807770900,2026-03-25,Not stated in NPPES — call to verify,CMS NPPES via Affine
1992315923,Kelli Friedel,Behavioral health,Clinical,,Tempe,AZ,85281,7854777363,2020-08-04,Not stated in NPPES — call to verify,CMS NPPES via Affine
1891211538,"Kelli M Patterson, Np",Clinic / primary care,Family,"1255 W RIO SALADO PKWY, SUITE 107",Tempe,AZ,85281,4809620071,2017-08-15,Not stated in NPPES — call to verify,CMS NPPES via Affine
1851794200,"Kelli Pacicco, M.A., L.A.C.",Behavioral health,Mental Health,,Tempe,AZ,85282,6028599744,2014-09-30,Not stated in NPPES — call to verify,CMS NPPES via Affine
1952268930,Kellie Mcgrath,Other care,,,Tempe,AZ,85288,7814926162,2026-01-09,Not stated in NPPES — call to verify,CMS NPPES via Affine
1255856803,"Kelly A Lapa, Fnp-C",Clinic / primary care,Family,,Tempe,AZ,85282,4802103407,2025-06-04,Not stated in NPPES — call to verify,CMS NPPES via Affine
1497314918,"Kelly A Walch, Lcsw",Behavioral health,Clinical,"209 E BASELINE RD, STE E102 #2",Tempe,AZ,85283,2158505397,2019-06-08,Not stated in NPPES — call to verify,CMS NPPES via Affine
1609593417,Kelly Ann Guevara,Other care,Speech-Language Assistant,,Tempe,AZ,85282,4807307100,2024-06-12,Not stated in NPPES — call to verify,CMS NPPES via Affine
1487377297,Kelly Ann Simpson,Behavioral health,Clinical,,Tempe,AZ,85281,5852953085,2022-09-26,Not stated in NPPES — call to verify,CMS NPPES via Affine
1396624219,"Kelly Anne Faulk, Pt, Dpt",Other care,,,Tempe,AZ,85283,4807300501,2025-08-27,Not stated in NPPES — call to verify,CMS NPPES via Affine
1750860706,Kelly Dean Hedlund,Other care,,,Tempe,AZ,85283,4807770607,2018-08-10,Not stated in NPPES — call to verify,CMS NPPES via Affine
1730543844,"Kelly Dunican, M.D.",Imaging,Diagnostic Radiology,,Tempe,AZ,85288,4253507507,2024-03-23,Not stated in NPPES — call to verify,CMS NPPES via Affine
1972438026,"Kelly Fribourg, Pharm.D.",Pharmacy,,,Tempe,AZ,85284,8003451036,2026-06-17,Not stated in NPPES — call to verify,CMS NPPES via Affine
1366117913,"Kelly Kerrigan, Lmsw",Behavioral health,Clinical,,Tempe,AZ,85283,4802337529,2021-08-14,Not stated in NPPES — call to verify,CMS NPPES via Affine
1578557781,"Kelly Lynn Fine, Rph",Pharmacy,,,Tempe,AZ,85282,4808383385,2020-06-29,Not stated in NPPES — call to verify,CMS NPPES via Affine
1306635073,"Kelly Lynn Lewis, Lmsw",Behavioral health,,,Tempe,AZ,85282,4808040326,2025-05-01,Not stated in NPPES — call to verify,CMS NPPES via Affine
1699316596,Kelly Lynn Williams,Behavioral health,Clinical,,Tempe,AZ,85282,4808040326,2019-10-01,Not stated in NPPES — call to verify,CMS NPPES via Affine
1104540491,"Kelly Lynne Peper, Rd",Other care,,,Tempe,AZ,85282,6022437277,2022-09-29,Not stated in NPPES — call to verify,CMS NPPES via Affine
1205065257,"Kelly Marie Richter, M.S.",Other care,,,Tempe,AZ,85282,4804560719,2020-01-20,Not stated in NPPES — call to verify,CMS NPPES via Affine
1720327570,Kelly Moore,Other care,,,Tempe,AZ,85283,2482243908,2013-02-13,Not stated in NPPES — call to verify,CMS NPPES via Affine
1972039196,"Kelly Rodriguez, Psy.D.",Behavioral health,,,Tempe,AZ,85283,4809213314,2019-03-11,Not stated in NPPES — call to verify,CMS NPPES via Affine
1407809569,"Kelly S Chavez-Allen, Pt",Other care,,"4930 S ASH AVE, SUITE 102",Tempe,AZ,85282,4808384478,2008-06-24,Not stated in NPPES — call to verify,CMS NPPES via Affine
1407744683,Kelly Teal,Other care,,,Tempe,AZ,85282,5207091211,2025-06-25,Not stated in NPPES — call to verify,CMS NPPES via Affine
1285193854,"Kelly Wilcox, Ms, Otr/L",Other care,,,Tempe,AZ,85282,4804560719,2019-03-13,Not stated in NPPES — call to verify,CMS NPPES via Affine
1104549799,"Kelsey Johnston, Rn",Other care,Case Management,,Tempe,AZ,85282,5202337111,2022-09-20,Not stated in NPPES — call to verify,CMS NPPES via Affine
1376065961,Kelsey Redick,Other care,,,Tempe,AZ,85283,4804212407,2022-07-21,Not stated in NPPES — call to verify,CMS NPPES via Affine
1881450179,"Kelsey Rose Goldberg, Rbt",Behavioral health,,,Tempe,AZ,85284,4806720536,2024-02-23,Not stated in NPPES — call to verify,CMS NPPES via Affine
1346802584,Kendall Blair Church,Other care,,,Tempe,AZ,85284,4803744341,2019-07-08,Not stated in NPPES — call to verify,CMS NPPES via Affine
1497643571,Kendall Laree Pope,Other care,Orthopedic,,Tempe,AZ,85284,4807851765,2025-06-27,Not stated in NPPES — call to verify,CMS NPPES via Affine
1386210144,"Kenia Guzman, Rbt",Behavioral health,,,Tempe,AZ,85284,4806720536,2021-06-02,Not stated in NPPES — call to verify,CMS NPPES via Affine
1770858433,"Kenlynne Ralph, Ot",Other care,,,Tempe,AZ,85282,4804560719,2012-04-17,Not stated in NPPES — call to verify,CMS NPPES via Affine
1528986650,Kennedy Anne Sanchez,Other care,,,Tempe,AZ,85284,4803744341,2026-07-07,Not stated in NPPES — call to verify,CMS NPPES via Affine
1841561859,"Kennedy Orthopedic Services, Inc.",Clinic / primary care,Surgical,,Tempe,AZ,85283,6023200335,2012-06-28,Not stated in NPPES — call to verify,CMS NPPES via Affine
1336104512,"Kenneth J Goldberg, Ed.D",Behavioral health,,"600 E BASELINE RD, SUITE C-1",Tempe,AZ,85283,6022644600,2026-07-13,Not stated in NPPES — call to verify,CMS NPPES via Affine
1407583677,"Kenneth Love Jr., Pta",Other care,,,Tempe,AZ,85281,4803174444,2022-08-06,Not stated in NPPES — call to verify,CMS NPPES via Affine
1245468271,"Kenneth M Levine, D.O. Ltd",Clinic / primary care,Addiction Medicine,"2121 S MILL AVE, 114",Tempe,AZ,85282,4808389388,2009-06-29,Not stated in NPPES — call to verify,CMS NPPES via Affine
1386562742,"Kenneth Mcdaniel, Dpt",Other care,,,Tempe,AZ,85282,4809219000,2026-07-06,Not stated in NPPES — call to verify,CMS NPPES via Affine
1033270723,Kenneth O Anaeme Llc,Clinic / primary care,,,Tempe,AZ,85282,4806254704,2023-03-14,Not stated in NPPES — call to verify,CMS NPPES via Affine
1144822818,Kensi Nelson,Other care,,,Tempe,AZ,85284,4803744341,2026-05-08,Not stated in NPPES — call to verify,CMS NPPES via Affine
1629058474,"Kent G Zimmerman, Md",Other care,Anatomic Pathology & Clinical Pathology,,Tempe,AZ,85281,6026855211,2013-08-15,Not stated in NPPES — call to verify,CMS NPPES via Affine
1508127606,"Kent L/ Lingafelter, Np",Clinic / primary care,Acute Care,,Tempe,AZ,85284,4805902451,2022-06-21,Not stated in NPPES — call to verify,CMS NPPES via Affine
1548189913,"Kenya Haide Torres-Aguirre, Ed.S., Ncsp",Behavioral health,School,,Tempe,AZ,85282,4807307100,2026-07-10,Not stated in NPPES — call to verify,CMS NPPES via Affine
1407338254,Keron Bowen,Other care,,,Tempe,AZ,85282,6025679881,2018-08-29,Not stated in NPPES — call to verify,CMS NPPES via Affine
1851981815,Kerrie Laine Peck,Other care,Community Health,,Tempe,AZ,85282,4803391780,2021-01-24,Not stated in NPPES — call to verify,CMS NPPES via Affine
1891076246,"Kerry J Burd, Pt, Dpt",Other care,,"1805 N SCOTTSDALE RD, 2",Tempe,AZ,85281,4809414169,2012-09-20,Not stated in NPPES — call to verify,CMS NPPES via Affine
1063086882,"Kevin Allen Schnitz, Pt",Other care,,,Tempe,AZ,85282,4802220655,2024-06-20,Not stated in NPPES — call to verify,CMS NPPES via Affine
1386173110,"Kevin C Kleisler, Dpt",Other care,,,Tempe,AZ,85284,4807568617,2017-06-06,Not stated in NPPES — call to verify,CMS NPPES via Affine
1780961862,"Kevin Elliott Crawford, Pa, Np",Clinic / primary care,,"512 E SOUTHERN AVE, SUITE D",Tempe,AZ,85282,4809210767,2011-11-03,Not stated in NPPES — call to verify,CMS NPPES via Affine
1740583996,"Kevin Louis Memken, R.Ph.",Pharmacy,Pharmacist Clinician (PhC)/ Clinical Pharmacy Specialist,,Tempe,AZ,85284,8882736100,2010-12-09,Not stated in NPPES — call to verify,CMS NPPES via Affine
1225553654,Kevin P Chadwick,Other care,,,Tempe,AZ,85283,4807770607,2022-07-21,Not stated in NPPES — call to verify,CMS NPPES via Affine
1205697034,Kevin S Olin Pllc,Behavioral health,Clinical,,Tempe,AZ,85283,4803459888,2024-01-18,Not stated in NPPES — call to verify,CMS NPPES via Affine
1578675245,"Kevin Thomas O'mara, Md",Other care,,,Tempe,AZ,85281,4807845533,2013-07-01,Not stated in NPPES — call to verify,CMS NPPES via Affine
1104401603,"Kevin Virgil Lee, Pharmd",Pharmacy,,,Tempe,AZ,85284,4808939027,2021-03-16,Not stated in NPPES — call to verify,CMS NPPES via Affine
1437758018,Kfm Anesthesia Consultants Pc,Other care,,,Tempe,AZ,85282,4804252160,2022-12-08,Not stated in NPPES — call to verify,CMS NPPES via Affine
1639450521,Khalid Farhood,Other care,,,Tempe,AZ,85284,4807833485,2011-09-06,Not stated in NPPES — call to verify,CMS NPPES via Affine
1629752993,Khalid M Katoul,Other care,,,Tempe,AZ,85283,4804531380,2023-06-14,Not stated in NPPES — call to verify,CMS NPPES via Affine
1821452418,Khalid Salim Khan,Other care,Psychiatry,,Tempe,AZ,85283,4803455400,2021-10-08,Not stated in NPPES — call to verify,CMS NPPES via Affine
1932886132,"Kianna Mattie, Lmsw",Behavioral health,Clinical,,Tempe,AZ,85282,4806083513,2023-06-29,Not stated in NPPES — call to verify,CMS NPPES via Affine
1528927324,Kidist Worku Gondel,Other care,Attendant Care Provider,,Tempe,AZ,85288,6028315500,2026-01-17,Not stated in NPPES — call to verify,CMS NPPES via Affine
1013475326,Kidney Guardian,Clinic / primary care,Nephrology,,Tempe,AZ,85282,4802977361,2021-12-01,Not stated in NPPES — call to verify,CMS NPPES via Affine
1790409738,Kiera Thorn,Behavioral health,Professional,,Tempe,AZ,85284,4805730000,2025-01-22,Not stated in NPPES — call to verify,CMS NPPES via Affine
1831802693,"Kiesha Collins, Ma, Cmhc, Lpc",Behavioral health,Professional,,Tempe,AZ,85284,8017848238,2026-05-28,Not stated in NPPES — call to verify,CMS NPPES via Affine
1932846177,Kile Jones,Behavioral health,,,Tempe,AZ,85284,4805537153,2022-05-18,Not stated in NPPES — call to verify,CMS NPPES via Affine
1861800732,"Killian Gerard Brennan, Rph",Pharmacy,,,Tempe,AZ,85284,4804563602,2014-07-23,Not stated in NPPES — call to verify,CMS NPPES via Affine
1780644914,Kim M Lucas Md Pllc,Clinic / primary care,Primary Care,,Tempe,AZ,85283,4807754110,2023-03-07,Not stated in NPPES — call to verify,CMS NPPES via Affine
1578198529,Kim Scott,Behavioral health,Professional,,Tempe,AZ,85283,4806560500,2020-03-10,Not stated in NPPES — call to verify,CMS NPPES via Affine
1679210819,Kimber Carter,Behavioral health,,,Tempe,AZ,85284,4805537153,2022-05-18,Not stated in NPPES — call to verify,CMS NPPES via Affine
1447935606,"Kimberlee Gull, Cota",Other care,,,Tempe,AZ,85284,4803744341,2023-06-15,Not stated in NPPES — call to verify,CMS NPPES via Affine
1902643125,"Kimberlin Anne Gonzales, Dpt",Other care,,,Tempe,AZ,85288,9185046655,2024-07-15,Not stated in NPPES — call to verify,CMS NPPES via Affine
1942322086,"Kimberly Dale Pinch, Ms Dpt",Other care,,,Tempe,AZ,85282,4802478524,2007-07-08,Not stated in NPPES — call to verify,CMS NPPES via Affine
1437670635,"Kimberly Dawn Moore-Salas, Ibclc",Other care,,,Tempe,AZ,85284,4804428491,2022-07-21,Not stated in NPPES — call to verify,CMS NPPES via Affine
1386316859,"Kimberly Dee Markins, Msw",Behavioral health,Mental Health,,Tempe,AZ,85283,6027230713,2021-10-01,Not stated in NPPES — call to verify,CMS NPPES via Affine
1376793174,"Kimberly Joelle Grimm, Dpt",Other care,,,Tempe,AZ,85282,4806884827,2018-05-09,Not stated in NPPES — call to verify,CMS NPPES via Affine
1265046494,"Kimberly Madden, Rn",Other care,Community Health,,Tempe,AZ,85282,5202337111,2020-09-04,Not stated in NPPES — call to verify,CMS NPPES via Affine
1083329155,Kimberly Miner,Behavioral health,,,Tempe,AZ,85281,8552237123,2023-01-23,Not stated in NPPES — call to verify,CMS NPPES via Affine
1821153214,"Kimberly Moon, L.M.T.",Other care,,,Tempe,AZ,85283,4803455000,2007-07-08,Not stated in NPPES — call to verify,CMS NPPES via Affine
1013443084,"Kimberly Nickelsen, Rn",Other care,,"4041 SOUTH MCCLINTOCK, SUITE 302",Tempe,AZ,85282,8084740625,2019-01-24,Not stated in NPPES — call to verify,CMS NPPES via Affine
1639623952,"Kimberly Pham, Pharmd",Pharmacy,,,Tempe,AZ,85282,4808291857,2016-08-04,Not stated in NPPES — call to verify,CMS NPPES via Affine
1013210996,"Kimberly Porter, Lmt",Other care,,,Tempe,AZ,85282,4809218036,2010-12-14,Not stated in NPPES — call to verify,CMS NPPES via Affine
1144899527,Kimberly S Zencka-Gotsch Do Pllc,Other care,,,Tempe,AZ,85282,4804252160,2021-06-21,Not stated in NPPES — call to verify,CMS NPPES via Affine
1134820764,Kimberly Sauceda,Behavioral health,,,Tempe,AZ,85281,8552237123,2023-03-10,Not stated in NPPES — call to verify,CMS NPPES via Affine
1801249818,Kimberly Soricone,Pharmacy,,,Tempe,AZ,85284,4807525319,2016-07-14,Not stated in NPPES — call to verify,CMS NPPES via Affine
1598915050,"Kimberly Susan Zencka Gotsch, Do",Other care,,,Tempe,AZ,85282,4804252160,2022-11-30,Not stated in NPPES — call to verify,CMS NPPES via Affine
1477980860,Kimberly Susan Zencka-Gotsch Do,Other care,,"2421 E SOUTHERN AVE, SUITE 1",Tempe,AZ,85282,4804252160,2013-10-01,Not stated in NPPES — call to verify,CMS NPPES via Affine
1801573795,Kind Love Healthcare Agency Llc,Other care,,,Tempe,AZ,85283,4806873552,2024-01-25,Not stated in NPPES — call to verify,CMS NPPES via Affine
1710619655,Kindmind Health Pllc,Behavioral health,Adult Mental Health,,Tempe,AZ,85283,4803319715,2022-06-29,Not stated in NPPES — call to verify,CMS NPPES via Affine
1205883246,"Kinetic Muscles, Inc.",Other care,,"1800 W BROADWAY RD, SUITE #3",Tempe,AZ,85282,4805570448,2012-02-29,Not stated in NPPES — call to verify,CMS NPPES via Affine
1356273544,Kinsey Marie Wallace,Behavioral health,,,Tempe,AZ,85284,6028924782,2026-06-01,Not stated in NPPES — call to verify,CMS NPPES via Affine
1518786482,Kinsey Smithson,Behavioral health,,,Tempe,AZ,85281,4808630763,2024-12-23,Not stated in NPPES — call to verify,CMS NPPES via Affine
1285778118,Kipperly Gayle Ann Watkins,Other care,Speech-Language Assistant,,Tempe,AZ,85283,4808976063,2007-07-08,Not stated in NPPES — call to verify,CMS NPPES via Affine
1750071114,"Kira Center, Llc",Behavioral health,Mental Health (Including Community Mental Health Center),,Tempe,AZ,85283,3473858314,2023-05-09,Not stated in NPPES — call to verify,CMS NPPES via Affine
1427922582,Kira Hart Nunemaker,Behavioral health,Mental Health,,Tempe,AZ,85282,4807448966,2025-10-01,Not stated in NPPES — call to verify,CMS NPPES via Affine
1588340251,"Kira Thomas, Ccc-Slp",Other care,,,Tempe,AZ,85284,4803744341,2023-06-26,Not stated in NPPES — call to verify,CMS NPPES via Affine
1750049052,"Kira Warren-Ducharme, Nd",Other care,,,Tempe,AZ,85282,7347717830,2021-12-03,Not stated in NPPES — call to verify,CMS NPPES via Affine
1316084411,"Kirsten Gross, M.S.Ed.",Behavioral health,School,,Tempe,AZ,85283,4808972544,2007-07-08,Not stated in NPPES — call to verify,CMS NPPES via Affine
1164077202,"Kirsten J Eby, Atr-Bc, Lpc",Behavioral health,,,Tempe,AZ,85281,4808205186,2019-08-06,Not stated in NPPES — call to verify,CMS NPPES via Affine
1982436929,"Kirsten Marie Willenbring, Nmd",Other care,,,Tempe,AZ,85282,4804420011,2026-07-11,Not stated in NPPES — call to verify,CMS NPPES via Affine
1124497011,Kirsten Wassum,Other care,,"1492 S MILL AVE, SUITE 312",Tempe,AZ,85281,6022437277,2017-04-04,Not stated in NPPES — call to verify,CMS NPPES via Affine
1265178248,"Kishan Raja, Lmsw",Behavioral health,Clinical,,Tempe,AZ,85282,4802569299,2022-05-11,Not stated in NPPES — call to verify,CMS NPPES via Affine
1265159354,Kl Brown Behavioral Health Services Llc,Other care,,,Tempe,AZ,85283,7252228744,2022-10-20,Not stated in NPPES — call to verify,CMS NPPES via Affine
1215930862,"Klee S Bethel, Md",Other care,Interventional Pain Medicine,"2152 E BROADWAY RD, SUITE 1",Tempe,AZ,85282,4808925313,2020-03-09,Not stated in NPPES — call to verify,CMS NPPES via Affine
1346832789,"Konkle & Tanner Dental Care, Llc",Dental,,"7350 S MCCLINTOCK DR, STE 103",Tempe,AZ,85283,4808383073,2021-02-08,Not stated in NPPES — call to verify,CMS NPPES via Affine
1124618830,"Konkle & Tanner Dental Care, Llc",Dental,,,Tempe,AZ,85283,4808383073,2021-01-26,Not stated in NPPES — call to verify,CMS NPPES via Affine
1760111363,Kori Joan Holbrook,Other care,Speech-Language Assistant,,Tempe,AZ,85281,5308675462,2022-06-08,Not stated in NPPES — call to verify,CMS NPPES via Affine
1831085349,"Korren Rappisi, Rrt",Other care,,,Tempe,AZ,85284,2063996194,2025-06-13,Not stated in NPPES — call to verify,CMS NPPES via Affine
1124022819,"Krishna M Pinnamaneni, M.D.",Clinic / primary care,"Endocrinology, Diabetes & Metabolism","1847 E SOUTHERN AVE, STE 1",Tempe,AZ,85282,4808382277,2026-07-13,Not stated in NPPES — call to verify,CMS NPPES via Affine
1174296040,"Krista Maria Hetsler, Mt-Bc",Other care,,,Tempe,AZ,85283,4802354517,2021-07-27,Not stated in NPPES — call to verify,CMS NPPES via Affine
1962240630,"Kristen Ann Zollars, Lpc",Behavioral health,Professional,,Tempe,AZ,85282,4805798827,2024-07-17,Not stated in NPPES — call to verify,CMS NPPES via Affine
1548398076,"Kristen Bryant, M.Ed-C",Behavioral health,School,,Tempe,AZ,85283,4808976063,2007-07-08,Not stated in NPPES — call to verify,CMS NPPES via Affine
1841890969,"Kristen Cox, Agacnp-Bc",Clinic / primary care,Adult Health,,Tempe,AZ,85282,4805241600,2025-03-21,Not stated in NPPES — call to verify,CMS NPPES via Affine
1043695737,"Kristen Curtis, M.Ed., Cf-Slp",Other care,,,Tempe,AZ,85282,4807307287,2015-07-23,Not stated in NPPES — call to verify,CMS NPPES via Affine
1740451350,"Kristen Karol Wilson, Pmhnp",Behavioral health,Psychiatric/Mental Health,"1225 E BROADWAY RD, STE. 240",Tempe,AZ,85282,4809295100,2008-03-23,Not stated in NPPES — call to verify,CMS NPPES via Affine
1740728773,"Kristen L Fiorio, Dpt",Other care,,,Tempe,AZ,85282,4805668125,2025-05-14,Not stated in NPPES — call to verify,CMS NPPES via Affine
1851625412,"Kristen Lilly, M.Ed.",Behavioral health,School,,Tempe,AZ,85283,9286071883,2009-10-06,Not stated in NPPES — call to verify,CMS NPPES via Affine
1235576604,Kristen Maki,Other care,,,Tempe,AZ,85281,6023870269,2013-05-25,Not stated in NPPES — call to verify,CMS NPPES via Affine
1588934376,"Kristen Marie Marshall, Pmhnp-Bc",Behavioral health,Psychiatric/Mental Health,,Tempe,AZ,85284,4802624067,2022-10-27,Not stated in NPPES — call to verify,CMS NPPES via Affine
1518516566,"Kristen Vasosaust, Lpc",Behavioral health,Professional,,Tempe,AZ,85284,9804012790,2025-03-10,Not stated in NPPES — call to verify,CMS NPPES via Affine
1194294322,Kristi Ann Atwood,Other care,School,,Tempe,AZ,85283,4808976228,2018-11-16,Not stated in NPPES — call to verify,CMS NPPES via Affine
1518571884,"Kristi Marie Plinski, Mspc., M.Ed., Lac",Behavioral health,Mental Health,,Tempe,AZ,85283,6023003244,2020-09-03,Not stated in NPPES — call to verify,CMS NPPES via Affine
1265257968,Kristie Yingling,Behavioral health,Mental Health,,Tempe,AZ,85281,6232883656,2025-10-08,Not stated in NPPES — call to verify,CMS NPPES via Affine
1659882108,"Kristin A Lavoie, Rd",Other care,,,Tempe,AZ,85282,6233996825,2022-06-16,Not stated in NPPES — call to verify,CMS NPPES via Affine
1891486288,"Kristin Bernelle Bauer, Ma, Lac",Behavioral health,,,Tempe,AZ,85283,4804858432,2023-05-16,Not stated in NPPES — call to verify,CMS NPPES via Affine
1699316505,"Kristin Danielle Jimenez, Mas-Lamft",Behavioral health,,,Tempe,AZ,85282,4802439343,2023-05-04,Not stated in NPPES — call to verify,CMS NPPES via Affine
1528821097,"Kristin Kelley, Np",Clinic / primary care,Family,,Tempe,AZ,85284,4808205525,2024-02-06,Not stated in NPPES — call to verify,CMS NPPES via Affine
1215712336,"Kristin Kiley, Lpn",Other care,,,Tempe,AZ,85283,4807559379,2023-08-28,Not stated in NPPES — call to verify,CMS NPPES via Affine
1164751137,"Kristin Michelle Smith, Lpn",Other care,,,Tempe,AZ,85283,4808976233,2009-12-21,Not stated in NPPES — call to verify,CMS NPPES via Affine
1285965061,Kristin Prendergast,Pharmacy,,,Tempe,AZ,85283,4808389200,2010-01-19,Not stated in NPPES — call to verify,CMS NPPES via Affine
1245441716,"Kristin Schad Nelson, Do",Other care,Otolaryngology/Facial Plastic Surgery,"1492 S MILL AVE, SUITE 301",Tempe,AZ,85281,4808945550,2007-11-20,Not stated in NPPES — call to verify,CMS NPPES via Affine
1932481736,"Kristina Bauer, Pa-C",Clinic / primary care,Medical,"2155 E CONFERENCE DR, SUITE 115",Tempe,AZ,85284,4808312445,2014-03-19,Not stated in NPPES — call to verify,CMS NPPES via Affine
1952541450,"Kristine L Kath, Ot",Other care,,,Tempe,AZ,85282,4804560719,2009-03-25,Not stated in NPPES — call to verify,CMS NPPES via Affine
1003951120,"Kristine Lyn Williams-Gregory, M.S.,Ccc-Slp",Other care,,,Tempe,AZ,85284,4807833167,2007-07-08,Not stated in NPPES — call to verify,CMS NPPES via Affine
1902597198,"Kristine Murdock, Pmhnp",Behavioral health,Psychiatric/Mental Health,,Tempe,AZ,85282,4808040326,2023-05-17,Not stated in NPPES — call to verify,CMS NPPES via Affine
1891566386,Kristine Regalado,Behavioral health,,,Tempe,AZ,85284,6029098630,2024-01-12,Not stated in NPPES — call to verify,CMS NPPES via Affine
1669237210,"Kristopher Paul Lowe, Rbt",Behavioral health,,,Tempe,AZ,85284,4806720536,2024-02-13,Not stated in NPPES — call to verify,CMS NPPES via Affine
1841872470,"Kristy Ann Ruidiaz, Rn",Other care,Community Health,,Tempe,AZ,85282,5202337111,2021-04-23,Not stated in NPPES — call to verify,CMS NPPES via Affine
1023793262,Kristy Vallejo,Behavioral health,,,Tempe,AZ,85283,4804744226,2023-06-15,Not stated in NPPES — call to verify,CMS NPPES via Affine
1003384835,Krypton Health Services Llc,Other care,Oxygen Equipment & Supplies,,Tempe,AZ,85282,6023134599,2018-11-09,Not stated in NPPES — call to verify,CMS NPPES via Affine
1023953353,Ktbph Llc,Other care,,,Tempe,AZ,85282,4804252160,2026-04-22,Not stated in NPPES — call to verify,CMS NPPES via Affine
1841941150,Kurt Kaj Knobelauch,Behavioral health,Mental Health,,Tempe,AZ,85282,4806411165,2022-01-18,Not stated in NPPES — call to verify,CMS NPPES via Affine
1750123972,"Kylah Puzzi, Lmt",Other care,,,Tempe,AZ,85283,6026770971,2024-06-10,Not stated in NPPES — call to verify,CMS NPPES via Affine
1548017932,"Kyle Thompson, Lmt",Other care,,,Tempe,AZ,85282,4806807651,2024-05-02,Not stated in NPPES — call to verify,CMS NPPES via Affine
1811505795,"Kylie Brown, Bco",Other care,Ocularist,,Tempe,AZ,85282,4802643041,2020-07-16,Not stated in NPPES — call to verify,CMS NPPES via Affine
1194323014,Kylie Martin,Behavioral health,,,Tempe,AZ,85281,8552237123,2020-10-13,Not stated in NPPES — call to verify,CMS NPPES via Affine
1477126696,"Kylie Thomas, Lmsw",Behavioral health,,,Tempe,AZ,85282,4808040326,2022-12-13,Not stated in NPPES — call to verify,CMS NPPES via Affine
1659539468,"Kymla Eubanks, Pllc",Other care,,"200 E. CURRY ROAD, NO MAIL",Tempe,AZ,85281,4809651082,2010-12-23,Not stated in NPPES — call to verify,CMS NPPES via Affine
1811797012,Kyra Maile,Other care,Athletic Trainer,,Tempe,AZ,85288,8015134832,2025-03-17,Not stated in NPPES — call to verify,CMS NPPES via Affine
1164558060,Kyrene School District,Other care,,,Tempe,AZ,85284,4807832069,2020-08-22,Not stated in NPPES — call to verify,CMS NPPES via Affine
1023163755,Kyrene School District,Other care,,,Tempe,AZ,85284,4807834048,2020-08-22,Not stated in NPPES — call to verify,CMS NPPES via Affine
1114617339,Kywii Technologies,Other care,,,Tempe,AZ,85282,8772264293,2025-07-25,Not stated in NPPES — call to verify,CMS NPPES via Affine
1508220443,La Vereda Medical Center,Clinic / primary care,,"2600 E SOUTHERN AVE, SUITE G",Tempe,AZ,85282,4804548611,2016-04-06,Not stated in NPPES — call to verify,CMS NPPES via Affine
1265613152,Laboratory Sciences Of Arizona Llc,Clinic / primary care,,,Tempe,AZ,85281,6026855000,2016-08-31,Not stated in NPPES — call to verify,CMS NPPES via Affine
1437575248,"Lacey Shupe, Otrl",Other care,,,Tempe,AZ,85281,9706726058,2014-03-17,Not stated in NPPES — call to verify,CMS NPPES via Affine
1215656319,"Ladan Talebi, Pharmd, Rph",Pharmacy,,,Tempe,AZ,85288,4802142668,2022-08-23,Not stated in NPPES — call to verify,CMS NPPES via Affine
1013866177,Laesch Consulting Ltd,Other care,,,Tempe,AZ,85281,9186302245,2026-01-22,Not stated in NPPES — call to verify,CMS NPPES via Affine
1043274095,Laguna Medical Inc,Other care,,"325 E SOUTHERN AVE, STE 104",Tempe,AZ,85282,4808940360,2009-02-10,Not stated in NPPES — call to verify,CMS NPPES via Affine
1669857322,Laiken Danielle Dollente,Behavioral health,Mental Health,,Tempe,AZ,85281,5099695747,2020-12-01,Not stated in NPPES — call to verify,CMS NPPES via Affine
1538024567,Laila Virginia Lowe,Behavioral health,,,Tempe,AZ,85282,5055252355,2025-12-22,Not stated in NPPES — call to verify,CMS NPPES via Affine
1609560705,Lakeitha Bellmon,Clinic / primary care,"Rehabilitation, Comprehensive Outpatient Rehabilitation Facility (CORF)",,Tempe,AZ,85282,2543701210,2023-06-05,Not stated in NPPES — call to verify,CMS NPPES via Affine
1043701543,Lakeshore Interventional Treatment Center Llc,Clinic / primary care,Pain,,Tempe,AZ,85282,4805669755,2019-02-04,Not stated in NPPES — call to verify,CMS NPPES via Affine
1902446495,Lakeshore United Llc,Clinic / primary care,Ambulatory Surgical,,Tempe,AZ,85282,4806463258,2020-01-13,Not stated in NPPES — call to verify,CMS NPPES via Affine
1902224025,"Lam Vo, Do.Mph.Msci",Hospital,,,Tempe,AZ,85281,2098175591,2022-07-21,Not stated in NPPES — call to verify,CMS NPPES via Affine
1871161315,Lana Scofield,Pharmacy,,,Tempe,AZ,85284,4808939027,2021-06-11,Not stated in NPPES — call to verify,CMS NPPES via Affine
1093398224,Landon Craig Hitchcock,Other care,,,Tempe,AZ,85281,4356609736,2021-09-08,Not stated in NPPES — call to verify,CMS NPPES via Affine
1710940192,"Lanny L Oden, C-Fa",Clinic / primary care,Surgical,,Tempe,AZ,85283,4805452610,2026-07-13,Not stated in NPPES — call to verify,CMS NPPES via Affine
1710377148,Larisa Lopatko,Clinic / primary care,Family,,Tempe,AZ,85281,4809653346,2016-10-11,Not stated in NPPES — call to verify,CMS NPPES via Affine
1801875802,"Larry Allen Matje, Lpc",Behavioral health,Professional,"4700 S MILL AVE, STE 4",Tempe,AZ,85287,6026955759,2007-07-08,Not stated in NPPES — call to verify,CMS NPPES via Affine
1023723475,Larry J Brandon,Other care,,,Tempe,AZ,85281,4806879009,2023-01-19,Not stated in NPPES — call to verify,CMS NPPES via Affine
1780163030,"Larry J. Sanders, M.D., Pllc.",Other care,,,Tempe,AZ,85284,4807300000,2018-08-08,Not stated in NPPES — call to verify,CMS NPPES via Affine
1902554736,Laryssa Ikehara,Behavioral health,,,Tempe,AZ,85283,7752879463,2022-03-30,Not stated in NPPES — call to verify,CMS NPPES via Affine
1083060107,"Laser Surgery Holding Company, Ltd",Clinic / primary care,Ambulatory Surgical,"2000 E SOUTHERN AVE, 106",Tempe,AZ,85282,6022587003,2016-05-07,Not stated in NPPES — call to verify,CMS NPPES via Affine
1184224347,"Lashanda Harris-Jones, Rn",Other care,Community Health,,Tempe,AZ,85282,5202337111,2020-10-27,Not stated in NPPES — call to verify,CMS NPPES via Affine
1598073405,Lashay Cobbs,Behavioral health,,,Tempe,AZ,85288,6238452701,2024-07-02,Not stated in NPPES — call to verify,CMS NPPES via Affine
1174149074,"Lashunda Armstrong, Lcsw",Behavioral health,Clinical,,Tempe,AZ,85282,6239866040,2022-04-27,Not stated in NPPES — call to verify,CMS NPPES via Affine
1609857333,"Laszlo J Csernak, Md",Other care,,"2000 E SOUTHERN AVE, SUITE 102",Tempe,AZ,85282,4808209141,2010-07-30,Not stated in NPPES — call to verify,CMS NPPES via Affine
1144639667,"Latricia Andrews-Gilman, Lcsw",Behavioral health,Clinical,,Tempe,AZ,85283,4809660350,2022-11-01,Not stated in NPPES — call to verify,CMS NPPES via Affine
1922745165,Latroy Taylor,Other care,,,Tempe,AZ,85284,4805537153,2022-05-18,Not stated in NPPES — call to verify,CMS NPPES via Affine
1831585678,Laura Arriola,Other care,,,Tempe,AZ,85284,4805411000,2026-04-03,Not stated in NPPES — call to verify,CMS NPPES via Affine
1326574583,"Laura Assisi, Bcba",Behavioral health,,,Tempe,AZ,85284,8557728847,2024-10-21,Not stated in NPPES — call to verify,CMS NPPES via Affine
1912467341,"Laura Beatrice Files, Pt, Mpt",Other care,,,Tempe,AZ,85282,4806211272,2019-03-21,Not stated in NPPES — call to verify,CMS NPPES via Affine
1861161226,Laura Bell,Behavioral health,,,Tempe,AZ,85282,4806411165,2021-09-09,Not stated in NPPES — call to verify,CMS NPPES via Affine
1053824847,Laura D Edwards,Other care,,,Tempe,AZ,85283,4807770607,2017-11-15,Not stated in NPPES — call to verify,CMS NPPES via Affine
1366784027,"Laura Demick, Ot",Other care,,,Tempe,AZ,85282,4804560719,2013-04-09,Not stated in NPPES — call to verify,CMS NPPES via Affine
1417423948,Laura E Tyndall,Behavioral health,Psychiatric/Mental Health,,Tempe,AZ,85281,6232883656,2025-07-30,Not stated in NPPES — call to verify,CMS NPPES via Affine
1467080614,"Laura Eliza Villa, Nmd",Other care,,,Tempe,AZ,85284,5202371079,2020-03-31,Not stated in NPPES — call to verify,CMS NPPES via Affine
1033426671,"Laura Foster, Cfy-Slp",Other care,,,Tempe,AZ,85282,4804560719,2010-09-15,Not stated in NPPES — call to verify,CMS NPPES via Affine
1275410383,Laura Goodyear Counseling Llc,Behavioral health,Adult Mental Health,,Tempe,AZ,85282,6027040784,2025-08-19,Not stated in NPPES — call to verify,CMS NPPES via Affine
1194174847,"Laura Grant, Md",Other care,,,Tempe,AZ,85282,4803602020,2024-02-19,Not stated in NPPES — call to verify,CMS NPPES via Affine
1174174858,"Laura Hiebert, Lcsw",Behavioral health,Clinical,,Tempe,AZ,85282,4808040326,2019-09-24,Not stated in NPPES — call to verify,CMS NPPES via Affine
1295927143,"Laura Jane Pridgen, Ccc-Slp",Other care,,,Tempe,AZ,85282,4807307100,2007-08-15,Not stated in NPPES — call to verify,CMS NPPES via Affine
1851519086,Laura Joyce,Behavioral health,School,,Tempe,AZ,85283,4808380711,2007-07-08,Not stated in NPPES — call to verify,CMS NPPES via Affine
1023497666,Laura Larson,Behavioral health,Mental Health,,Tempe,AZ,85281,4807841514,2015-05-28,Not stated in NPPES — call to verify,CMS NPPES via Affine
1316004476,"Laura Lee Roden, Msw, Lcsw",Behavioral health,Clinical,,Tempe,AZ,85282,4808998474,2007-07-08,Not stated in NPPES — call to verify,CMS NPPES via Affine
1659686194,"Laura M Nyhus, Pt",Other care,,,Tempe,AZ,85282,4804560719,2010-08-17,Not stated in NPPES — call to verify,CMS NPPES via Affine
1528701935,"Laura Marie Pinal, Bht",Behavioral health,,,Tempe,AZ,85283,4809578121,2022-04-14,Not stated in NPPES — call to verify,CMS NPPES via Affine
1053290502,"Laura Mlejnek, Pharm D",Pharmacy,,,Tempe,AZ,85284,8003451036,2025-08-28,Not stated in NPPES — call to verify,CMS NPPES via Affine
1316222144,"Laura N Miller, St",Other care,,,Tempe,AZ,85282,4804560719,2018-05-15,Not stated in NPPES — call to verify,CMS NPPES via Affine
1669206744,Laural Solis,Other care,,,Tempe,AZ,85282,4803587756,2025-05-06,Not stated in NPPES — call to verify,CMS NPPES via Affine
1154318665,"Laurel Retay, Do",Clinic / primary care,,"2055 E SOUTHERN AVE, SUITE D",Tempe,AZ,85282,4803457676,2018-08-14,Not stated in NPPES — call to verify,CMS NPPES via Affine
1215388772,"Lauren Amber Besonen, Slpa",Other care,Speech-Language Assistant,"1402 E GUADALUPE RD, UNIT 152",Tempe,AZ,85283,2483454760,2016-06-27,Not stated in NPPES — call to verify,CMS NPPES via Affine
1356817639,Lauren Ashley Ramias,Behavioral health,,,Tempe,AZ,85284,6086665104,2018-10-15,Not stated in NPPES — call to verify,CMS NPPES via Affine
1306550108,Lauren Boskie,Behavioral health,,,Tempe,AZ,85281,8552237123,2023-01-06,Not stated in NPPES — call to verify,CMS NPPES via Affine
1952136871,Lauren Conway,Behavioral health,Mental Health,,Tempe,AZ,85282,4806411165,2024-09-03,Not stated in NPPES — call to verify,CMS NPPES via Affine
1487091948,"Lauren Gloria Goldbach, Lcsw",Behavioral health,Clinical,"2120 S MCCLINTOCK DR, STE. 105",Tempe,AZ,85282,4808040326,2017-04-23,Not stated in NPPES — call to verify,CMS NPPES via Affine
1528940681,Lauren Marie Johnson,Other care,,,Tempe,AZ,85282,4809714373,2025-07-21,Not stated in NPPES — call to verify,CMS NPPES via Affine
1982332383,Lauren Olson,Clinic / primary care,,,Tempe,AZ,85281,6029561250,2026-03-20,Not stated in NPPES — call to verify,CMS NPPES via Affine
1659750008,"Lauren Sofranko, Pmhnp-Bc",Behavioral health,Psychiatric/Mental Health,,Tempe,AZ,85282,5204280682,2025-08-14,Not stated in NPPES — call to verify,CMS NPPES via Affine
1417079914,"Lauren Woodard, Msed, Cags",Behavioral health,School,,Tempe,AZ,85282,4807307100,2007-07-08,Not stated in NPPES — call to verify,CMS NPPES via Affine
1043564719,"Laurie Ann Kunkel, Rn",Other care,Pediatrics,,Tempe,AZ,85284,4805411000,2012-11-02,Not stated in NPPES — call to verify,CMS NPPES via Affine
1134249287,"Laurie E Glissman, Ccc Slp",Other care,,,Tempe,AZ,85282,4804560719,2009-09-14,Not stated in NPPES — call to verify,CMS NPPES via Affine
1083640924,"Laurie Ramsbacher, M.D.",Other care,Child & Adolescent Psychiatry,"1501 W FOUNTAINHEAD PKWY, SUITE 295",Tempe,AZ,85282,8664956738,2008-09-10,Not stated in NPPES — call to verify,CMS NPPES via Affine
1679233837,Lauryn Ermilia Drache,Behavioral health,Mental Health,,Tempe,AZ,85282,4807181261,2024-09-16,Not stated in NPPES — call to verify,CMS NPPES via Affine
1265371686,"Lavender & Latch, Llc",Other care,,,Tempe,AZ,85283,6023415306,2026-03-28,Not stated in NPPES — call to verify,CMS NPPES via Affine
1154210318,Lavender Rose Behavioral Health Pllc,Behavioral health,Psychiatric/Mental Health,,Tempe,AZ,85284,4802277525,2025-10-08,Not stated in NPPES — call to verify,CMS NPPES via Affine
1831973643,Lavontis Neal,Behavioral health,,,Tempe,AZ,85282,7252775433,2023-08-22,Not stated in NPPES — call to verify,CMS NPPES via Affine
1609541333,"Lawanda Wheat, Fnp-C",Clinic / primary care,Family,,Tempe,AZ,85282,4807124600,2021-10-20,Not stated in NPPES — call to verify,CMS NPPES via Affine
1174982565,Lawrence Anesthesia Llc,Other care,,"2421 E SOUTHERN AVE, STE 1",Tempe,AZ,85282,4804252160,2016-02-15,Not stated in NPPES — call to verify,CMS NPPES via Affine
1174644710,"Lawrence M Irene, O.D.",Other care,,,Tempe,AZ,85282,4808203813,2007-07-08,Not stated in NPPES — call to verify,CMS NPPES via Affine
1861654394,"Lawrence M. Irene, P.C.",Other care,,,Tempe,AZ,85282,4808203813,2008-06-26,Not stated in NPPES — call to verify,CMS NPPES via Affine
1154349215,"Lawrence Paul Burk Sr., Lpc",Behavioral health,Professional,"4635 S LAKESHORE DR, SUITE 110",Tempe,AZ,85282,4803454458,2007-07-08,Not stated in NPPES — call to verify,CMS NPPES via Affine
1851465413,"Lawrence Rivero, Pta",Other care,,"1025 E BROADWAY RD, STE. 100",Tempe,AZ,85282,4808290217,2007-07-08,Not stated in NPPES — call to verify,CMS NPPES via Affine
1326018086,"Lawrence Teitel, Md",Other care,Neurology,,Tempe,AZ,85283,4803455000,2007-07-08,Not stated in NPPES — call to verify,CMS NPPES via Affine
1225960677,Layne's Medical Supplies (A&C Medical Supplies),Clinic / primary care,,,Tempe,AZ,85283,8186018016,2026-06-01,Not stated in NPPES — call to verify,CMS NPPES via Affine
1144574534,Lea Bertoni,Other care,,,Tempe,AZ,85282,4804493331,2026-02-05,Not stated in NPPES — call to verify,CMS NPPES via Affine
1588322655,Leading Ladies To Live,Behavioral health,Mental Health (Including Community Mental Health Center),,Tempe,AZ,85282,4803724365,2024-03-08,Not stated in NPPES — call to verify,CMS NPPES via Affine
1649063363,"Leah Beth Osborn, Mas-Mft, Lamft",Behavioral health,,,Tempe,AZ,85283,4802828778,2025-05-26,Not stated in NPPES — call to verify,CMS NPPES via Affine
1346277688,"Leah C Beaird, Ms, Rd",Other care,"Nutrition, Renal","2141 E WARNER RD, SUITE 101",Tempe,AZ,85284,4809698714,2007-11-26,Not stated in NPPES — call to verify,CMS NPPES via Affine
1558869545,Leah C Swenson,Behavioral health,Clinical,,Tempe,AZ,85282,4808040326,2020-02-08,Not stated in NPPES — call to verify,CMS NPPES via Affine
1538598420,Leah Delong,Other care,,,Tempe,AZ,85281,4805532598,2026-07-26,Not stated in NPPES — call to verify,CMS NPPES via Affine
1760373260,"Leah L Aguero, Ms",Other care,,,Tempe,AZ,85284,4803744341,2025-07-12,Not stated in NPPES — call to verify,CMS NPPES via Affine
1558605923,"Leah Paiz Mcculley, R.D.",Other care,,,Tempe,AZ,85282,6023620460,2025-09-08,Not stated in NPPES — call to verify,CMS NPPES via Affine
1790316438,"Leanne Katherine Brown, Lac",Behavioral health,Mental Health,,Tempe,AZ,85282,4808040326,2020-01-31,Not stated in NPPES — call to verify,CMS NPPES via Affine
1376202945,"Leanne Werdy, Pharm D",Pharmacy,,,Tempe,AZ,85281,4809670799,2021-12-10,Not stated in NPPES — call to verify,CMS NPPES via Affine
1093392417,Leben Health Llc.,Behavioral health,Clinical,,Tempe,AZ,85282,4806552342,2021-03-24,Not stated in NPPES — call to verify,CMS NPPES via Affine
1922749357,"Lee Ann Weiler, Ma, Lpc",Behavioral health,Professional,,Tempe,AZ,85282,4804282944,2024-03-01,Not stated in NPPES — call to verify,CMS NPPES via Affine
1629519160,"Leeann Lai Wah Kuang, Lpc",Behavioral health,Professional,,Tempe,AZ,85282,4808040326,2019-10-15,Not stated in NPPES — call to verify,CMS NPPES via Affine
1518745447,"Leena Care, Pc",Clinic / primary care,Health Service,,Tempe,AZ,85283,4804285197,2023-09-20,Not stated in NPPES — call to verify,CMS NPPES via Affine
1821883547,Leeronia Brown,Other care,Optician,,Tempe,AZ,85284,4803459559,2025-04-12,Not stated in NPPES — call to verify,CMS NPPES via Affine
1326406315,"Legacy Heart Care Of Phoenix, Llc",Clinic / primary care,Cardiovascular Disease,"4515 S MCCLINTOCK DR, STE 120",Tempe,AZ,85282,4807043700,2023-01-18,Not stated in NPPES — call to verify,CMS NPPES via Affine
1295225076,"Legend Healthcare, Llc",Other care,Pain Medicine,,Tempe,AZ,85284,4808973300,2018-05-16,Not stated in NPPES — call to verify,CMS NPPES via Affine
1124483490,Lelena Abbott,Other care,,"1400 E SOUTHERN AVE, 310",Tempe,AZ,85282,6025679881,2015-12-30,Not stated in NPPES — call to verify,CMS NPPES via Affine
1922727510,Lema Clinic Llc,Other care,,,Tempe,AZ,85288,9012306745,2022-08-25,Not stated in NPPES — call to verify,CMS NPPES via Affine
1306775572,Lenlen Pinaoan,Other care,,,Tempe,AZ,85281,7027571564,2026-05-14,Not stated in NPPES — call to verify,CMS NPPES via Affine
1083336143,Lenox Abraham Fontaine,Behavioral health,Clinical,,Tempe,AZ,85288,9282362008,2026-01-21,Not stated in NPPES — call to verify,CMS NPPES via Affine
1871603647,"Leon T Babu, Od",Other care,,,Tempe,AZ,85282,4809674801,2011-11-08,Not stated in NPPES — call to verify,CMS NPPES via Affine
1629907456,Leona Pymm,Other care,,,Tempe,AZ,85284,4806526658,2026-05-18,Not stated in NPPES — call to verify,CMS NPPES via Affine
1073758801,"Leonard Days, Ma, Lisac",Behavioral health,Addiction (Substance Use Disorder),"2164 E BROADWAY RD, SUITE 260",Tempe,AZ,85282,4804911554,2008-12-08,Not stated in NPPES — call to verify,CMS NPPES via Affine
1801235676,"Leonard Vincent Nasca, Lcsw",Behavioral health,Clinical,,Tempe,AZ,85282,4802569399,2013-06-14,Not stated in NPPES — call to verify,CMS NPPES via Affine
1891618773,"Leonard Wright, Dpt",Other care,,,Tempe,AZ,85281,6026416632,2026-07-30,Not stated in NPPES — call to verify,CMS NPPES via Affine
1447978846,Leroy Anagho,Other care,,,Tempe,AZ,85288,9012306745,2022-08-22,Not stated in NPPES — call to verify,CMS NPPES via Affine
1073207478,"Leroy Parker Iv, Pa",Clinic / primary care,Medical,,Tempe,AZ,85283,4807044411,2026-09-02,Not stated in NPPES — call to verify,CMS NPPES via Affine
1326864786,"Leshauntai Adams, Msw",Behavioral health,Clinical,,Tempe,AZ,85282,4809991190,2024-12-02,Not stated in NPPES — call to verify,CMS NPPES via Affine
1639643638,"Lesley Hunt, Rn",Other care,Community Health,,Tempe,AZ,85282,4803391780,2019-01-14,Not stated in NPPES — call to verify,CMS NPPES via Affine
1033178918,"Leslie D Krahl, Md",Other care,Anatomic Pathology & Clinical Pathology,,Tempe,AZ,85281,6238897403,2013-08-15,Not stated in NPPES — call to verify,CMS NPPES via Affine
1952078750,"Leslie Marie Davidson, Lpc",Behavioral health,Mental Health,,Tempe,AZ,85282,4802569299,2024-11-25,Not stated in NPPES — call to verify,CMS NPPES via Affine
1306945118,"Leslie Sezate, R.N., C.P.N.P.",Clinic / primary care,Pediatrics,"6301 S MCCLINTOCK DR, #101",Tempe,AZ,85283,4802142300,2007-07-08,Not stated in NPPES — call to verify,CMS NPPES via Affine
1033592159,Leslie Williams,Other care,,,Tempe,AZ,85281,8444276966,2024-05-20,Not stated in NPPES — call to verify,CMS NPPES via Affine
1467978189,"Letitia Elizabeth Meyer, Np",Clinic / primary care,Family,,Tempe,AZ,85281,6022696011,2022-01-13,Not stated in NPPES — call to verify,CMS NPPES via Affine
1376223438,Letsmedic,Other care,,,Tempe,AZ,85282,4807984947,2023-07-24,Not stated in NPPES — call to verify,CMS NPPES via Affine
1962831529,Letty Martinez,Behavioral health,Clinical,"2120 S MCCLINTOCK DR, SUITE 105",Tempe,AZ,85282,4808040326,2013-11-04,Not stated in NPPES — call to verify,CMS NPPES via Affine
1336837897,Levi E Gooden,Behavioral health,,,Tempe,AZ,85283,4804893925,2023-04-24,Not stated in NPPES — call to verify,CMS NPPES via Affine
1669389003,"Lia Iverson-Tuter, Pt, Dpt",Other care,,,Tempe,AZ,85282,4808290217,2026-08-24,Not stated in NPPES — call to verify,CMS NPPES via Affine
1912724980,Liam Ryan,Behavioral health,,,Tempe,AZ,85281,4808630763,2026-02-13,Not stated in NPPES — call to verify,CMS NPPES via Affine
1770945446,"Liana Flores, Np-C",Clinic / primary care,,,Tempe,AZ,85283,4803828284,2026-02-07,Not stated in NPPES — call to verify,CMS NPPES via Affine
1518436534,"Lidia Lopez, Cota",Other care,,,Tempe,AZ,85281,9285814490,2018-11-20,Not stated in NPPES — call to verify,CMS NPPES via Affine
1598428518,Lidia Ouk,Clinic / primary care,,,Tempe,AZ,85282,6022776211,2021-12-28,Not stated in NPPES — call to verify,CMS NPPES via Affine
1215538806,Life N Love Wellness Inc,Behavioral health,Adult Mental Health,,Tempe,AZ,85282,4805943570,2025-05-29,Not stated in NPPES — call to verify,CMS NPPES via Affine
1356836373,Life Navigation Counseling Llc,Behavioral health,Professional,,Tempe,AZ,85282,8599043036,2018-06-22,Not stated in NPPES — call to verify,CMS NPPES via Affine
1588203525,Life Recovery Healthcare Systems Inc,Clinic / primary care,Health Service,,Tempe,AZ,85281,6233352628,2019-12-21,Not stated in NPPES — call to verify,CMS NPPES via Affine
1235716382,Lifeline Professional Counseling Services Inc,Behavioral health,Mental Health (Including Community Mental Health Center),,Tempe,AZ,85282,4806411165,2021-03-25,Not stated in NPPES — call to verify,CMS NPPES via Affine
1508368986,"Lifeline Professional Counseling Services, Inc",Behavioral health,Mental Health (Including Community Mental Health Center),,Tempe,AZ,85282,4806411165,2020-09-28,Not stated in NPPES — call to verify,CMS NPPES via Affine
1831317486,"Lifestar Ambulette, Inc.",Other care,,,Tempe,AZ,85282,6029572800,2020-08-22,Not stated in NPPES — call to verify,CMS NPPES via Affine
1396200705,"Lifetime Genomics, Llc",Clinic / primary care,,,Tempe,AZ,85281,8645547114,2019-02-11,Not stated in NPPES — call to verify,CMS NPPES via Affine
1114164001,"Lighten Your Load, Llc",Behavioral health,Counseling,"1001 E WARNER RD, SUITE 104",Tempe,AZ,85284,4802689830,2013-01-16,Not stated in NPPES — call to verify,CMS NPPES via Affine
1063691723,"Lilian Quizon Manaloto, Otr/L",Other care,,,Tempe,AZ,85282,6023008955,2007-10-30,Not stated in NPPES — call to verify,CMS NPPES via Affine
1730822099,"Lillian Jones, Rbt",Behavioral health,,,Tempe,AZ,85284,4806720536,2022-04-15,Not stated in NPPES — call to verify,CMS NPPES via Affine
1063291037,"Lillianne Vogt, Nmd",Other care,,,Tempe,AZ,85282,4802980506,2023-09-27,Not stated in NPPES — call to verify,CMS NPPES via Affine
1215889001,Lilly Ann Mabel Thurlow,Other care,,,Tempe,AZ,85281,6023140295,2026-02-12,Not stated in NPPES — call to verify,CMS NPPES via Affine
1558072504,Lily Lawless,Behavioral health,,,Tempe,AZ,85281,8552237123,2022-12-12,Not stated in NPPES — call to verify,CMS NPPES via Affine
1386575793,Lily Nichole Evans,Behavioral health,,,Tempe,AZ,85281,4808630763,2026-05-26,Not stated in NPPES — call to verify,CMS NPPES via Affine
1174212393,Limo Trans Llc,Other care,,,Tempe,AZ,85281,4807470115,2023-05-03,Not stated in NPPES — call to verify,CMS NPPES via Affine
1174557789,Lincare Inc.,Other care,,,Tempe,AZ,85281,4804979390,2025-10-16,Not stated in NPPES — call to verify,CMS NPPES via Affine
1598291783,"Linda Bohnet, Lpc",Behavioral health,Professional,,Tempe,AZ,85282,6025516747,2023-06-30,Not stated in NPPES — call to verify,CMS NPPES via Affine
1972575975,"Linda C. Stover, Np",Clinic / primary care,Family,,Tempe,AZ,85288,4809248382,2025-07-30,Not stated in NPPES — call to verify,CMS NPPES via Affine
1669936159,"Linda Guadalupe Flores, Lac",Behavioral health,Mental Health,,Tempe,AZ,85282,4808040326,2019-01-29,Not stated in NPPES — call to verify,CMS NPPES via Affine
1225527302,"Linda Jule Weinberg, Lcsw",Behavioral health,Clinical,,Tempe,AZ,85281,4803036662,2021-12-02,Not stated in NPPES — call to verify,CMS NPPES via Affine
1659526531,"Linda M Gallipo, Pt",Other care,,"1025 E BROADWAY RD, SUITE 101",Tempe,AZ,85282,4808290217,2011-04-06,Not stated in NPPES — call to verify,CMS NPPES via Affine
1407700669,Linda Mazen Abada,Pharmacy,Pharmacist Clinician (PhC)/ Clinical Pharmacy Specialist,,Tempe,AZ,85283,6024370097,2026-02-24,Not stated in NPPES — call to verify,CMS NPPES via Affine
1639977093,Linda Mohamed,Other care,,,Tempe,AZ,85282,6025028388,2025-03-03,Not stated in NPPES — call to verify,CMS NPPES via Affine
1124058466,"Linda S Macconnell, Pa-C",Clinic / primary care,,,Tempe,AZ,85282,4807180568,2020-09-03,Not stated in NPPES — call to verify,CMS NPPES via Affine
1669137295,Linda Son,Pharmacy,,,Tempe,AZ,85282,4802811016,2023-09-05,Not stated in NPPES — call to verify,CMS NPPES via Affine
1669068557,"Linda Sue Solheim, R.N., Lac",Behavioral health,Mental Health,,Tempe,AZ,85283,4803076446,2020-12-15,Not stated in NPPES — call to verify,CMS NPPES via Affine
1801288576,"Linda Weiss, Ma, Lpc",Behavioral health,Professional,,Tempe,AZ,85282,4804282944,2024-02-02,Not stated in NPPES — call to verify,CMS NPPES via Affine
1760125249,Linda Wheeler,Behavioral health,Professional,,Tempe,AZ,85283,4804893925,2022-04-14,Not stated in NPPES — call to verify,CMS NPPES via Affine
1841441516,"Lindie Spargo, Pt, Atc",Other care,Orthopedic,,Tempe,AZ,85282,4808290217,2022-08-17,Not stated in NPPES — call to verify,CMS NPPES via Affine
1457766172,"Lindsay Allison Love, Lcsw",Behavioral health,Clinical,,Tempe,AZ,85282,5203527924,2023-04-26,Not stated in NPPES — call to verify,CMS NPPES via Affine
1366825309,"Lindsay E Hill, Pmhnp",Behavioral health,Psychiatric/Mental Health,"2120 S MCCLINTOCK DR, SUITE 105",Tempe,AZ,85282,4808040326,2020-06-01,Not stated in NPPES — call to verify,CMS NPPES via Affine
1497036248,"Lindsay Luman-Latshaw, Lcsw",Behavioral health,Clinical,,Tempe,AZ,85282,4808040326,2026-04-07,Not stated in NPPES — call to verify,CMS NPPES via Affine
1619209822,"Lindsay Marie Feldman, Pharmd",Pharmacy,,,Tempe,AZ,85282,4808385783,2010-02-12,Not stated in NPPES — call to verify,CMS NPPES via Affine
1467373514,Lindsay Miller,Other care,School,,Tempe,AZ,85284,4805411190,2026-07-23,Not stated in NPPES — call to verify,CMS NPPES via Affine
1568005304,"Lindsay Sara Moromisato-Phillips, Lpc",Behavioral health,Professional,,Tempe,AZ,85282,4808040326,2019-10-24,Not stated in NPPES — call to verify,CMS NPPES via Affine
1326608753,"Lindsay Tree, Lmsw",Behavioral health,,,Tempe,AZ,85282,4808396264,2019-06-18,Not stated in NPPES — call to verify,CMS NPPES via Affine
1588037683,"Lindsey Buckowich, Dpt",Other care,,"325 W ELLIOT RD, SUITE 104",Tempe,AZ,85284,4807568617,2026-01-06,Not stated in NPPES — call to verify,CMS NPPES via Affine
1902577307,"Lindsey Wawrzyniak, Rbt",Behavioral health,,,Tempe,AZ,85284,4806720536,2021-09-24,Not stated in NPPES — call to verify,CMS NPPES via Affine
1447330063,Linell Williams James,Behavioral health,School,,Tempe,AZ,85283,4808972544,2007-08-02,Not stated in NPPES — call to verify,CMS NPPES via Affine
1548485170,Lines Cs Plc,Dental,Orthodontics and Dentofacial Orthopedics,"2415 S RURAL RD, STE A",Tempe,AZ,85282,4809664121,2020-08-22,Not stated in NPPES — call to verify,CMS NPPES via Affine
1831217132,Lines Orofacial Specialists Plc,Dental,Oral and Maxillofacial Surgery,"2415 S RURAL RD, #B",Tempe,AZ,85282,4809683848,2020-08-22,Not stated in NPPES — call to verify,CMS NPPES via Affine
1730962663,Linghan Chi,Behavioral health,,,Tempe,AZ,85281,6232967437,2023-08-15,Not stated in NPPES — call to verify,CMS NPPES via Affine
1790904472,"Lisa A Aronica, Ot",Other care,,,Tempe,AZ,85282,4804560719,2009-09-15,Not stated in NPPES — call to verify,CMS NPPES via Affine
1225267131,"Lisa A Lydon, Lpc",Behavioral health,Professional,"1500 N. PRIEST DR., SUITE 114",Tempe,AZ,85821,6027941752,2012-08-06,Not stated in NPPES — call to verify,CMS NPPES via Affine
1609530302,"Lisa Ann Coste, Rn, Lac",Behavioral health,,,Tempe,AZ,85282,4808040326,2026-08-25,Not stated in NPPES — call to verify,CMS NPPES via Affine
1336855618,Lisa Bryden,Behavioral health,,,Tempe,AZ,85281,8552237123,2023-01-30,Not stated in NPPES — call to verify,CMS NPPES via Affine
1902735608,"Lisa Bury, Fnp",Clinic / primary care,,,Tempe,AZ,85282,4808942823,2026-05-18,Not stated in NPPES — call to verify,CMS NPPES via Affine
1689940538,"Lisa Diane Hodge, Mt-Bc",Other care,,"200 E CURRY ROAD, ROOM 307C",Tempe,AZ,85281,4809651082,2018-09-20,Not stated in NPPES — call to verify,CMS NPPES via Affine
1952253544,"Lisa Ferguson, Rn",Other care,,,Tempe,AZ,85281,8552785080,2026-02-13,Not stated in NPPES — call to verify,CMS NPPES via Affine
1255170254,"Lisa Girten, Rph",Pharmacy,,,Tempe,AZ,85281,4804175035,2024-05-21,Not stated in NPPES — call to verify,CMS NPPES via Affine
1942329388,"Lisa Jean Stegemoller, Lpc",Behavioral health,Mental Health,"2120 S MCCLINTOCK DR, STE. 105",Tempe,AZ,85282,4808040326,2022-09-09,Not stated in NPPES — call to verify,CMS NPPES via Affine
1619413952,Lisa Johnson,Other care,Speech-Language Assistant,,Tempe,AZ,85284,4806345440,2017-01-10,Not stated in NPPES — call to verify,CMS NPPES via Affine
1104542695,"Lisa Krafick Oorlog, Lmsw",Behavioral health,Mental Health,,Tempe,AZ,85288,8337190886,2022-10-17,Not stated in NPPES — call to verify,CMS NPPES via Affine
1407803117,"Lisa L Dewinter, Md",Other care,Emergency Medical Services,,Tempe,AZ,85281,5173040652,2017-03-16,Not stated in NPPES — call to verify,CMS NPPES via Affine
1285022236,"Lisa Lackey, Bcba, Lba",Behavioral health,,,Tempe,AZ,85282,8667278274,2019-06-21,Not stated in NPPES — call to verify,CMS NPPES via Affine
1548560105,"Lisa M Anderson, L. Ac.",Other care,,"1801 S JENTILLY LN, SUITE A-18",Tempe,AZ,85281,6025315511,2010-10-29,Not stated in NPPES — call to verify,CMS NPPES via Affine
1689981177,"Lisa M Eckerson, Fnp-C",Clinic / primary care,Family,,Tempe,AZ,85281,4809653349,2016-10-11,Not stated in NPPES — call to verify,CMS NPPES via Affine
1447695341,"Lisa M Martinez, Md",Other care,,,Tempe,AZ,85282,4804252160,2022-11-30,Not stated in NPPES — call to verify,CMS NPPES via Affine
1851913024,Lisa Martinez Md Pllc,Other care,,,Tempe,AZ,85282,4804252160,2020-05-11,Not stated in NPPES — call to verify,CMS NPPES via Affine
1497299432,"Lisa Mendoza, Lac",Behavioral health,Mental Health,"2120 S MCCLINTOCK DR, SUITE 105",Tempe,AZ,85282,4808040326,2017-04-23,Not stated in NPPES — call to verify,CMS NPPES via Affine
1548864135,"Lisa Morgan Acevedo, Pta",Other care,,,Tempe,AZ,85284,4803744341,2020-11-24,Not stated in NPPES — call to verify,CMS NPPES via Affine
1922745173,Lisa Nelson-Hayes,Other care,,,Tempe,AZ,85284,4805537153,2022-05-18,Not stated in NPPES — call to verify,CMS NPPES via Affine
1922408327,"Lisa Nicole Chica, Rn, Cnp, Pmhnp",Behavioral health,Psychiatric/Mental Health,,Tempe,AZ,85281,6314284999,2020-08-26,Not stated in NPPES — call to verify,CMS NPPES via Affine
1457347452,"Lisa Renee Hollar, M.D.",Other care,,"6301 S MCCLINTOCK DR, SUITE 215",Tempe,AZ,85283,4808226086,2018-09-05,Not stated in NPPES — call to verify,CMS NPPES via Affine
1952117129,"Lisa Simmons, Lmsw",Behavioral health,,,Tempe,AZ,85282,4808040326,2024-12-03,Not stated in NPPES — call to verify,CMS NPPES via Affine
1134493273,"Lisa T Clark, Lpc",Behavioral health,Professional,"2120 S MCCLINTOCK DR, SUITE 105",Tempe,AZ,85282,4808040326,2012-03-07,Not stated in NPPES — call to verify,CMS NPPES via Affine
1316011711,"Lisa Townsend, Pta",Other care,,"1025 E BROADWAY RD, STE. 100",Tempe,AZ,85282,4808290217,2007-07-08,Not stated in NPPES — call to verify,CMS NPPES via Affine
1619681335,Little Leaders Speech Therapy,Other care,,,Tempe,AZ,85288,2485059127,2023-01-09,Not stated in NPPES — call to verify,CMS NPPES via Affine
1609802966,"Livia Anne Peace, Atc",Other care,Athletic Trainer,"5622 S HURRICANE CT, #D",Tempe,AZ,85283,5202717889,2026-07-13,Not stated in NPPES — call to verify,CMS NPPES via Affine
1497213318,Livier C Vargas,Behavioral health,,,Tempe,AZ,85284,6026665101,2019-03-10,Not stated in NPPES — call to verify,CMS NPPES via Affine
1538840186,Lizeth Rodriguez-Salazar,Behavioral health,,,Tempe,AZ,85282,7028439233,2023-07-27,Not stated in NPPES — call to verify,CMS NPPES via Affine
1679225403,Ljs Community Services Llc,Behavioral health,Mental Health (Including Community Mental Health Center),,Tempe,AZ,85281,7753543675,2022-01-23,Not stated in NPPES — call to verify,CMS NPPES via Affine
1710218854,Llc Patient Services Inc,Other care,,,Tempe,AZ,85283,8668895489,2011-12-01,Not stated in NPPES — call to verify,CMS NPPES via Affine
1083282867,Lois Marie Jablonski,Other care,,,Tempe,AZ,85284,4805880380,2021-06-16,Not stated in NPPES — call to verify,CMS NPPES via Affine
1134871965,Lonnie J Phillips-Jackson,Behavioral health,,,Tempe,AZ,85281,7753543675,2022-01-23,Not stated in NPPES — call to verify,CMS NPPES via Affine
1861701625,"Look, See, Move",Clinic / primary care,Occupational Medicine,"1801 S JENTILLY LN, SUITE A4",Tempe,AZ,85281,5204011081,2010-09-28,Not stated in NPPES — call to verify,CMS NPPES via Affine
1407612658,"Lora Pedrosa, Pmhnp-Bc",Behavioral health,Psychiatric/Mental Health,,Tempe,AZ,85282,9286556679,2026-05-25,Not stated in NPPES — call to verify,CMS NPPES via Affine
1124340096,"Lorain Moorehead, Lcsw",Behavioral health,Clinical,,Tempe,AZ,85282,4808040326,2018-04-20,Not stated in NPPES — call to verify,CMS NPPES via Affine
1124598586,"Loralynn Olivarez, Lpc",Behavioral health,Professional,,Tempe,AZ,85282,4808040326,2025-09-22,Not stated in NPPES — call to verify,CMS NPPES via Affine
1124397278,"Lorena A Conde, Pa-C",Clinic / primary care,Medical,"2727 W BASELINE RD, SUITE 8",Tempe,AZ,85283,6023230904,2012-05-09,Not stated in NPPES — call to verify,CMS NPPES via Affine
1902904394,"Lori J Cooper, Aprn",Clinic / primary care,Adult Health,"2141 E WARNER RD, STE. 101",Tempe,AZ,85284,4809698714,2012-06-19,Not stated in NPPES — call to verify,CMS NPPES via Affine
1356301279,"Lori K Ryan, Md",Other care,,,Tempe,AZ,85282,4804252160,2022-12-05,Not stated in NPPES — call to verify,CMS NPPES via Affine
1043679665,"Lori K. Ryan, M.D. Pllc",Other care,,"2421 E SOUTHERN AVE, SUITE 1",Tempe,AZ,85282,4804252160,2016-02-17,Not stated in NPPES — call to verify,CMS NPPES via Affine
1487261814,"Lori Lee Carson, Fnp-C",Clinic / primary care,Family,,Tempe,AZ,85283,4808275630,2020-11-03,Not stated in NPPES — call to verify,CMS NPPES via Affine
1225518376,"Lori Petterson, Otr/L, Cdms",Other care,,,Tempe,AZ,85282,6122807355,2018-08-17,Not stated in NPPES — call to verify,CMS NPPES via Affine
1386867695,"Lorraine Granau, Pharmd",Pharmacy,,"51 W 3RD ST, SUITE 501",Tempe,AZ,85281,4803176780,2007-07-08,Not stated in NPPES — call to verify,CMS NPPES via Affine
1003074394,"Lorre Royanne Anderson, Ms, Lpc",Behavioral health,Professional,,Tempe,AZ,85282,4802789024,2020-02-21,Not stated in NPPES — call to verify,CMS NPPES via Affine
1083282602,Lotus Behavioral Health Services,Behavioral health,Mental Health (Including Community Mental Health Center),,Tempe,AZ,85282,4809991190,2023-11-29,Not stated in NPPES — call to verify,CMS NPPES via Affine
1922638055,Lotus Health Arizona,Behavioral health,Adult Mental Health,,Tempe,AZ,85282,6039570540,2020-01-16,Not stated in NPPES — call to verify,CMS NPPES via Affine
1861472623,"Louis A Rosati, Md",Other care,Anatomic Pathology & Clinical Pathology,,Tempe,AZ,85281,6232667760,2007-11-15,Not stated in NPPES — call to verify,CMS NPPES via Affine
1306667985,Louisa Michelle Udall,Behavioral health,,"1010 SOUTH VE ELLA CIRCLE, BLD 10 APARTMENT 211 MAILBOX 22",Tempe,AZ,85281,4807722003,2024-10-17,Not stated in NPPES — call to verify,CMS NPPES via Affine
1942320098,"Louise A Koziol, Ccc Slp",Other care,,,Tempe,AZ,85282,4804560719,2019-03-29,Not stated in NPPES — call to verify,CMS NPPES via Affine
1154072445,Love N The Desert Home Health Care Llc,Other care,,,Tempe,AZ,85282,6028811530,2023-01-06,Not stated in NPPES — call to verify,CMS NPPES via Affine
1780005652,Loving Care Agency,Other care,,,Tempe,AZ,85284,4805411000,2013-12-19,Not stated in NPPES — call to verify,CMS NPPES via Affine
1770525354,Low Cost Pharmacy Inc,Pharmacy,Mail Order Pharmacy,,Tempe,AZ,85283,4805055720,2025-09-11,Not stated in NPPES — call to verify,CMS NPPES via Affine
1013486844,Lucila Velia Castillo,Behavioral health,,,Tempe,AZ,85284,6026665101,2018-11-22,Not stated in NPPES — call to verify,CMS NPPES via Affine
1285207357,Lucille Ryan,Behavioral health,,,Tempe,AZ,85282,4808040326,2021-07-19,Not stated in NPPES — call to verify,CMS NPPES via Affine
1194841205,"Lucinda Rae Michel, D.O.",Clinic / primary care,,,Tempe,AZ,85282,4807059413,2007-07-08,Not stated in NPPES — call to verify,CMS NPPES via Affine
1437778701,"Lucy Cheng, Md",Other care,,,Tempe,AZ,85283,4808206657,2024-08-15,Not stated in NPPES — call to verify,CMS NPPES via Affine
1558192765,"Lucy P Cisneros, Rn, Ccm",Other care,Case Management,,Tempe,AZ,85282,4805227954,2024-08-09,Not stated in NPPES — call to verify,CMS NPPES via Affine
1649247073,"Lucyna Boyle, Md",Other care,Anatomic Pathology & Clinical Pathology,,Tempe,AZ,85281,6026855211,2013-08-15,Not stated in NPPES — call to verify,CMS NPPES via Affine
1114493517,Luis E Garcia Ramos,Clinic / primary care,,,Tempe,AZ,85283,4807180568,2019-11-21,Not stated in NPPES — call to verify,CMS NPPES via Affine
1093549388,Luis Morales,Other care,Hospice,,Tempe,AZ,85284,2396920436,2024-08-28,Not stated in NPPES — call to verify,CMS NPPES via Affine
1528505062,Luis Tello,Hospital,,,Tempe,AZ,85282,4802082984,2017-01-23,Not stated in NPPES — call to verify,CMS NPPES via Affine
1760680961,Luke Naneste Holiday,Other care,,,Tempe,AZ,85282,4802151488,2007-07-10,Not stated in NPPES — call to verify,CMS NPPES via Affine
1861991432,Luna Yousef Al-Sadi,Behavioral health,,,Tempe,AZ,85284,6026665101,2018-02-08,Not stated in NPPES — call to verify,CMS NPPES via Affine
1043750334,Lunaria Llc,Other care,,"430 W WARNER RD, SUITE 104",Tempe,AZ,85284,4802066199,2017-03-06,Not stated in NPPES — call to verify,CMS NPPES via Affine
1225986946,Lux Health Llc,Behavioral health,,,Tempe,AZ,85283,4806181342,2026-03-18,Not stated in NPPES — call to verify,CMS NPPES via Affine
1376201368,Luxottica Of America Inc,Other care,,,Tempe,AZ,85282,4804910541,2021-12-07,Not stated in NPPES — call to verify,CMS NPPES via Affine
1346017258,Luxottica Of America Inc,Other care,,,Tempe,AZ,85288,4809660261,2023-12-11,Not stated in NPPES — call to verify,CMS NPPES via Affine
1477495158,Luxottica Of America Inc,Other care,,,Tempe,AZ,85288,6027353928,2026-04-09,Not stated in NPPES — call to verify,CMS NPPES via Affine
1528159795,Luxottica Of America Inc.,Other care,,,Tempe,AZ,85282,4808202198,2019-05-21,Not stated in NPPES — call to verify,CMS NPPES via Affine
1033641626,Luxxey Chiropractic Pllc,Other care,,"3330 S PRICE RD, STE D110",Tempe,AZ,85282,7703751427,2017-04-11,Not stated in NPPES — call to verify,CMS NPPES via Affine
1649922659,"Lydia A Nesemann, Pharm.D.",Pharmacy,,,Tempe,AZ,85281,6025366304,2022-01-20,Not stated in NPPES — call to verify,CMS NPPES via Affine
1982895033,"Lydia Longoria, M.S.",Other care,,,Tempe,AZ,85284,4807831204,2007-08-05,Not stated in NPPES — call to verify,CMS NPPES via Affine
1649825423,Lydia Smith,Other care,,,Tempe,AZ,85283,6164324547,2019-08-07,Not stated in NPPES — call to verify,CMS NPPES via Affine
1851871487,Lydian Dental,Dental,General Practice,,Tempe,AZ,85284,4808997996,2018-08-14,Not stated in NPPES — call to verify,CMS NPPES via Affine
1336290931,"Lynda Jane Broky, R. N.",Other care,School,,Tempe,AZ,85282,4807307100,2007-07-08,Not stated in NPPES — call to verify,CMS NPPES via Affine
1689803595,Lynda Walter,Other care,,,Tempe,AZ,85283,4802343728,2009-07-13,Not stated in NPPES — call to verify,CMS NPPES via Affine
1912312372,Lynn G Fredes,Clinic / primary care,Family,,Tempe,AZ,85282,4803045467,2025-05-01,Not stated in NPPES — call to verify,CMS NPPES via Affine
1134500887,"Lynn Koester, Pharmd",Pharmacy,,,Tempe,AZ,85284,4805332223,2015-06-17,Not stated in NPPES — call to verify,CMS NPPES via Affine
1194843193,"Lynnette M Stead, Ot",Other care,,,Tempe,AZ,85282,4804560719,2009-09-15,Not stated in NPPES — call to verify,CMS NPPES via Affine
1972223147,M & M Surgery Center Llc,Clinic / primary care,Ambulatory Surgical,,Tempe,AZ,85282,6026985820,2022-08-31,Not stated in NPPES — call to verify,CMS NPPES via Affine
1124084280,"M. Firas Joudeh, M.D.",Clinic / primary care,Pulmonary Disease,"2055 E SOUTHERN AVE, SUITE C",Tempe,AZ,85282,4806268737,2015-03-31,Not stated in NPPES — call to verify,CMS NPPES via Affine
1386459873,Maasai William Harris,Behavioral health,,,Tempe,AZ,85281,4808630763,2025-02-11,Not stated in NPPES — call to verify,CMS NPPES via Affine
1861948820,Mabuhay Healthcare Llc,Other care,,"8400 S KYRENE RD, SUITE 222",Tempe,AZ,85284,4804367227,2016-08-30,Not stated in NPPES — call to verify,CMS NPPES via Affine
1063965135,Mabuhay Healthcare Llc,Other care,,"8400 S KYRENE RD, SUITE 222",Tempe,AZ,85284,4804367227,2016-07-25,Not stated in NPPES — call to verify,CMS NPPES via Affine
1548719735,Mabuhay Llc,Other care,,"8400 S KYRENE ROAD, SUITE 222",Tempe,AZ,85284,4804367227,2016-09-28,Not stated in NPPES — call to verify,CMS NPPES via Affine
1255956850,Mackenzie Corey Kulina,Behavioral health,,,Tempe,AZ,85282,4803290881,2024-08-05,Not stated in NPPES — call to verify,CMS NPPES via Affine
1497675680,Maclaryn Elizabeth Orchard,Other care,Speech-Language Assistant,,Tempe,AZ,85284,4803744341,2026-07-17,Not stated in NPPES — call to verify,CMS NPPES via Affine
1255241717,Madeline Klemenz,Other care,,,Tempe,AZ,85282,4808589100,2026-09-08,Not stated in NPPES — call to verify,CMS NPPES via Affine
1962392027,Madeline Marie Niedfeldt,Behavioral health,Mental Health,,Tempe,AZ,85282,4805307581,2026-02-02,Not stated in NPPES — call to verify,CMS NPPES via Affine
1154196756,"Madeline Patricia Marotta, Pa-C",Clinic / primary care,,,Tempe,AZ,85281,4808347546,2025-07-18,Not stated in NPPES — call to verify,CMS NPPES via Affine
1427833920,"Madison Brooke Slesk, Cota/L",Other care,,,Tempe,AZ,85282,4804560719,2023-08-31,Not stated in NPPES — call to verify,CMS NPPES via Affine
1487241899,Madison Fenner,Behavioral health,,,Tempe,AZ,85284,6026665101,2020-12-31,Not stated in NPPES — call to verify,CMS NPPES via Affine
1619802501,"Madison Leeann Gossett, M.S. Cf-Slp",Other care,,,Tempe,AZ,85282,4807307100,2026-06-15,Not stated in NPPES — call to verify,CMS NPPES via Affine
1598322414,Madison Mandile,Behavioral health,,,Tempe,AZ,85284,6026665101,2019-05-27,Not stated in NPPES — call to verify,CMS NPPES via Affine
1821759580,"Madison Mcqueary, Dpt",Other care,,,Tempe,AZ,85282,4802220655,2025-08-25,Not stated in NPPES — call to verify,CMS NPPES via Affine
1326654831,Madison Taylor Vance,Other care,Athletic Trainer,,Tempe,AZ,85282,8017199505,2020-09-20,Not stated in NPPES — call to verify,CMS NPPES via Affine
1346738879,Madrona Hospice Az Llc,Other care,,,Tempe,AZ,85281,4805665997,2021-07-08,Not stated in NPPES — call to verify,CMS NPPES via Affine
1699339697,Madrona Hospice Az Llc,Other care,,,Tempe,AZ,85281,4805665997,2021-07-08,Not stated in NPPES — call to verify,CMS NPPES via Affine
1588580302,Madylin Farago,Other care,,,Tempe,AZ,85284,4803744341,2026-06-25,Not stated in NPPES — call to verify,CMS NPPES via Affine
1013726777,"Madysen Couture, Rd",Other care,,,Tempe,AZ,85282,6023620460,2025-01-06,Not stated in NPPES — call to verify,CMS NPPES via Affine
1609510031,"Magda Bobadilla, Rbt",Behavioral health,,,Tempe,AZ,85284,4806720536,2022-04-22,Not stated in NPPES — call to verify,CMS NPPES via Affine
1003087875,Magellan Health,Other care,,,Tempe,AZ,85283,4804561169,2008-03-19,Not stated in NPPES — call to verify,CMS NPPES via Affine
1770743213,Magellan Health Services,Other care,,,Tempe,AZ,85282,4809295100,2008-06-09,Not stated in NPPES — call to verify,CMS NPPES via Affine
1871764746,Magellan Health Services - Tempe,Other care,,,Tempe,AZ,85282,4809295100,2008-03-18,Not stated in NPPES — call to verify,CMS NPPES via Affine
1801910278,"Magellan Health Services Of Arizona, Inc.",Other care,,"1225 E BROADWAY RD, #240",Tempe,AZ,85282,4809295100,2007-10-15,Not stated in NPPES — call to verify,CMS NPPES via Affine
1518320423,Maggie G Villez,Other care,,,Tempe,AZ,85282,4804560719,2018-05-09,Not stated in NPPES — call to verify,CMS NPPES via Affine
1205258415,Maggie Lam Pllc,Other care,,,Tempe,AZ,85284,4807553320,2014-01-08,Not stated in NPPES — call to verify,CMS NPPES via Affine
1629736103,"Magimvuyu N Mumbere, Np",Clinic / primary care,Gerontology,,Tempe,AZ,85282,4802375098,2021-12-02,Not stated in NPPES — call to verify,CMS NPPES via Affine
1871909309,Mahealani Wing,Other care,,,Tempe,AZ,85283,4807031481,2014-07-03,Not stated in NPPES — call to verify,CMS NPPES via Affine
1689424764,"Mahjabeen M Qazi, Lac",Behavioral health,Mental Health,,Tempe,AZ,85282,4803001897,2024-03-25,Not stated in NPPES — call to verify,CMS NPPES via Affine
1508602616,Maile White,Behavioral health,Mental Health,,Tempe,AZ,85282,4808040326,2025-10-30,Not stated in NPPES — call to verify,CMS NPPES via Affine
1720865009,Mais-A-Mais Llc,Other care,,,Tempe,AZ,85282,6026322562,2023-09-11,Not stated in NPPES — call to verify,CMS NPPES via Affine
1750010260,Majestic Care Llc,Other care,,,Tempe,AZ,85283,4805721691,2025-05-02,Not stated in NPPES — call to verify,CMS NPPES via Affine
1679248819,Makayla Xaviera Watson-Wales,Other care,,,Tempe,AZ,85282,4804560719,2021-08-10,Not stated in NPPES — call to verify,CMS NPPES via Affine
1063062149,"Makenna Francis, Pmhnp",Behavioral health,Psychiatric/Mental Health,,Tempe,AZ,85288,4805001762,2026-08-28,Not stated in NPPES — call to verify,CMS NPPES via Affine
1457049298,Makiya Sado Badada,Behavioral health,Clinical,,Tempe,AZ,85282,4802569299,2026-05-19,Not stated in NPPES — call to verify,CMS NPPES via Affine
1962354605,Malaika Mental Health Services Llc,Behavioral health,Mental Health (Including Community Mental Health Center),,Tempe,AZ,85288,6612125670,2026-02-17,Not stated in NPPES — call to verify,CMS NPPES via Affine
1700446986,"Malia Paige Allen, Cf-Slp",Other care,,,Tempe,AZ,85284,4803744341,2019-06-19,Not stated in NPPES — call to verify,CMS NPPES via Affine
1104311661,"Malorey Ann Kooyman, Ms, Bcba, Lba",Behavioral health,,,Tempe,AZ,85284,4806720536,2023-09-05,Not stated in NPPES — call to verify,CMS NPPES via Affine
1477246817,Malyun S Hilowle,Other care,,,Tempe,AZ,85284,6028105817,2023-05-31,Not stated in NPPES — call to verify,CMS NPPES via Affine
1609582220,Mana O Nani,Other care,,,Tempe,AZ,85282,8333610040,2023-01-26,Not stated in NPPES — call to verify,CMS NPPES via Affine
1134811011,Manda Maria Radulovic,Other care,,,Tempe,AZ,85284,6023007949,2023-05-22,Not stated in NPPES — call to verify,CMS NPPES via Affine
1326037250,"Mandana Kheshtchin, D.D.S.",Dental,General Practice,,Tempe,AZ,85282,4805974163,2019-11-04,Not stated in NPPES — call to verify,CMS NPPES via Affine
1891428298,"Mandi J Forbis, Lmt",Other care,,,Tempe,AZ,85283,4802670488,2024-06-01,Not stated in NPPES — call to verify,CMS NPPES via Affine
1497407498,"Mandi Pokorney, Rph",Pharmacy,,,Tempe,AZ,85284,4804033689,2022-01-20,Not stated in NPPES — call to verify,CMS NPPES via Affine
1205435666,Manhattan Dental Pllc,Dental,,,Tempe,AZ,85282,6028327670,2020-10-18,Not stated in NPPES — call to verify,CMS NPPES via Affine
1346596780,Maple Leaf Chiropractic,Other care,,,Tempe,AZ,85283,4808312870,2012-08-02,Not stated in NPPES — call to verify,CMS NPPES via Affine
1538410071,"Mara Danielle Immediato, Pa-C",Clinic / primary care,Surgical,,Tempe,AZ,85281,4809620071,2019-02-04,Not stated in NPPES — call to verify,CMS NPPES via Affine
1356744387,"Maraeca Butler, Lpc",Behavioral health,Professional,,Tempe,AZ,85283,4805798827,2021-03-24,Not stated in NPPES — call to verify,CMS NPPES via Affine
1235228966,"Marc Braslow, Dds",Dental,,,Tempe,AZ,85283,4804650821,2025-09-11,Not stated in NPPES — call to verify,CMS NPPES via Affine
1609184613,"Marc Community Resources, Inc.",Behavioral health,Adult Mental Health,,Tempe,AZ,85283,4809693800,2012-11-12,Not stated in NPPES — call to verify,CMS NPPES via Affine
1942772710,"Marc Melis, Slpa",Other care,Speech-Language Assistant,,Tempe,AZ,85282,4802993975,2018-12-18,Not stated in NPPES — call to verify,CMS NPPES via Affine
1053257642,Marc-Antoine Harris,Other care,,,Tempe,AZ,85282,3057763427,2026-04-27,Not stated in NPPES — call to verify,CMS NPPES via Affine
1881182483,Marcee Williams,Behavioral health,,,Tempe,AZ,85284,6026665101,2018-04-29,Not stated in NPPES — call to verify,CMS NPPES via Affine
1114832482,Marcelo A Chirinos,Behavioral health,,,Tempe,AZ,85288,6054125590,2026-08-18,Not stated in NPPES — call to verify,CMS NPPES via Affine
1619030285,"Marci A Schutrum, Ed.S.",Behavioral health,,,Tempe,AZ,85284,4807832985,2007-08-29,Not stated in NPPES — call to verify,CMS NPPES via Affine
1184837460,"Marci Weisman, Dpt",Other care,Pediatrics,,Tempe,AZ,85282,4804560719,2018-06-04,Not stated in NPPES — call to verify,CMS NPPES via Affine
1669694485,"Marcia Silberman, M.A.",Behavioral health,,"2600 E SOUTHERN AVE, SUITE C3",Tempe,AZ,85282,4808396264,2007-07-08,Not stated in NPPES — call to verify,CMS NPPES via Affine
1245060987,"Marcus Anthony Aguallo, Pharmd",Pharmacy,,,Tempe,AZ,85282,4805570970,2024-08-07,Not stated in NPPES — call to verify,CMS NPPES via Affine
1417468273,Marcus Dickson,Behavioral health,,,Tempe,AZ,85282,4805441120,2018-06-16,Not stated in NPPES — call to verify,CMS NPPES via Affine
1639625320,"Marcus Genevro, Dpt",Other care,,"5110 S RURAL RD, STE 104",Tempe,AZ,85282,4806295549,2017-02-23,Not stated in NPPES — call to verify,CMS NPPES via Affine
1013862069,Marcus Martinez,Other care,,,Tempe,AZ,85281,4803174444,2026-03-03,Not stated in NPPES — call to verify,CMS NPPES via Affine
1679349898,Mareesa Figueroa,Behavioral health,,,Tempe,AZ,85284,6028997554,2025-01-31,Not stated in NPPES — call to verify,CMS NPPES via Affine
1477673754,"Margaret (Peggi) Marie Fitzgerald-Paeper, Ccc-Slp",Other care,,,Tempe,AZ,85284,4807832366,2007-07-08,Not stated in NPPES — call to verify,CMS NPPES via Affine
1841279270,"Margaret A Butler, Md",Other care,,"5032 S ASH AVE, SUITE 107",Tempe,AZ,85282,4808201919,2013-05-15,Not stated in NPPES — call to verify,CMS NPPES via Affine
1780219451,"Margaret Corbett, Lat, Atc",Other care,Athletic Trainer,,Tempe,AZ,85281,4809650185,2020-03-03,Not stated in NPPES — call to verify,CMS NPPES via Affine
1114551264,"Margaret Joyce Iseler, Lcsw",Behavioral health,Clinical,,Tempe,AZ,85282,4808040326,2022-09-15,Not stated in NPPES — call to verify,CMS NPPES via Affine
1710282330,"Margaret Komar, Rnp",Clinic / primary care,Adult Health,,Tempe,AZ,85282,4805570051,2013-03-29,Not stated in NPPES — call to verify,CMS NPPES via Affine
1326284670,Margaret L Payson,Other care,,"209 E BASELINE RD, SUITE E-102",Tempe,AZ,85283,4802848155,2008-12-16,Not stated in NPPES — call to verify,CMS NPPES via Affine
1386624153,"Margaret Mary Sobczak, Gnp-Bc",Clinic / primary care,Gerontology,,Tempe,AZ,85281,4802375098,2019-03-18,Not stated in NPPES — call to verify,CMS NPPES via Affine
1295269165,"Margaret Nero, Rn",Other care,School,,Tempe,AZ,85284,4805411192,2017-04-17,Not stated in NPPES — call to verify,CMS NPPES via Affine
1942961008,Margaret Ruth Mccauley,Other care,,,Tempe,AZ,85283,4802511481,2021-12-31,Not stated in NPPES — call to verify,CMS NPPES via Affine
1265667844,Margie Kelly,Other care,,,Tempe,AZ,85283,4807333053,2009-05-26,Not stated in NPPES — call to verify,CMS NPPES via Affine
1063741742,Margot Kirkpatrick O'donnal,Behavioral health,School,,Tempe,AZ,85283,4808976063,2009-12-09,Not stated in NPPES — call to verify,CMS NPPES via Affine
1265117576,Maria Cepeda,Behavioral health,,,Tempe,AZ,85283,4804744226,2023-06-15,Not stated in NPPES — call to verify,CMS NPPES via Affine
1265641740,"Maria Constanza Martinez, Ms Ccc Slp",Other care,,,Tempe,AZ,85284,4808311707,2007-07-08,Not stated in NPPES — call to verify,CMS NPPES via Affine
1659033082,Maria Diaz-Arellano,Behavioral health,,,Tempe,AZ,85282,4805424668,2021-10-13,Not stated in NPPES — call to verify,CMS NPPES via Affine
1023681723,"Maria Elena Castro, Lcsw",Behavioral health,Clinical,"1642 S. PRIEST DRIVE, BLDG 6, STE 101",Tempe,AZ,85281,6026856000,2021-07-20,Not stated in NPPES — call to verify,CMS NPPES via Affine
1548027196,"Maria Fernanda Sanchez-Torres, Rbt",Behavioral health,,,Tempe,AZ,85284,4806720536,2024-02-29,Not stated in NPPES — call to verify,CMS NPPES via Affine
1104462613,Maria Guadalupe Rodriguez,Clinic / primary care,Family,,Tempe,AZ,85282,6025693999,2019-12-13,Not stated in NPPES — call to verify,CMS NPPES via Affine
1528913290,Maria Karla Wilson,Behavioral health,,,Tempe,AZ,85288,7868385678,2026-02-27,Not stated in NPPES — call to verify,CMS NPPES via Affine
1407065295,"Maria Rita P Schatzki, M.S., Ccc-Slp",Other care,,,Tempe,AZ,85284,4806345440,2022-07-21,Not stated in NPPES — call to verify,CMS NPPES via Affine
1003382995,"Maria Rose Sarno, Lpc",Behavioral health,Professional,,Tempe,AZ,85282,4808040326,2018-10-17,Not stated in NPPES — call to verify,CMS NPPES via Affine
1689240772,"Maria Teresa Smith, Lcsw",Behavioral health,Mental Health,,Tempe,AZ,85283,6027914674,2021-05-31,Not stated in NPPES — call to verify,CMS NPPES via Affine
1164112611,Mariah Carmichael,Clinic / primary care,,,Tempe,AZ,85283,6026107337,2025-05-08,Not stated in NPPES — call to verify,CMS NPPES via Affine
1215510383,Mariah Smethwick,Behavioral health,,,Tempe,AZ,85281,8552237123,2021-05-05,Not stated in NPPES — call to verify,CMS NPPES via Affine
1053149799,"Mariana Cardenas Landeros, Rbt",Behavioral health,,,Tempe,AZ,85284,4806720536,2024-07-24,Not stated in NPPES — call to verify,CMS NPPES via Affine
1629553789,"Mariana Lupea, Fnp",Clinic / primary care,Family,,Tempe,AZ,85284,6023622983,2018-09-25,Not stated in NPPES — call to verify,CMS NPPES via Affine
1588355986,"Mariana Marisela Clark, Lpc",Behavioral health,Mental Health,,Tempe,AZ,85282,4806411165,2025-09-15,Not stated in NPPES — call to verify,CMS NPPES via Affine
1487793295,Maricopa Ear Nose & Throat P C,Other care,,,Tempe,AZ,85282,4808201200,2009-06-09,Not stated in NPPES — call to verify,CMS NPPES via Affine
1376678771,Maricopa Pediatric Anesthesia Pllc,Other care,,,Tempe,AZ,85282,4804252160,2022-12-01,Not stated in NPPES — call to verify,CMS NPPES via Affine
1942990593,"Marie Grace De Leon, Pmhnp",Behavioral health,Psychiatric/Mental Health,,Tempe,AZ,85288,7025894871,2026-09-11,Not stated in NPPES — call to verify,CMS NPPES via Affine
1326817461,Mariela Robert,Other care,,,Tempe,AZ,85284,4803744341,2024-01-01,Not stated in NPPES — call to verify,CMS NPPES via Affine
1922232875,Marino Camaioni Md Pc,Other care,,,Tempe,AZ,85284,4809851093,2009-05-06,Not stated in NPPES — call to verify,CMS NPPES via Affine
1922531045,Mariposa Speech Services Llc,Clinic / primary care,Physical Therapy,,Tempe,AZ,85284,4803744341,2021-03-26,Not stated in NPPES — call to verify,CMS NPPES via Affine
1609615418,Marisa Carroll,Behavioral health,,,Tempe,AZ,85284,6023408717,2024-05-21,Not stated in NPPES — call to verify,CMS NPPES via Affine
1154294445,Marisa Nicole Foster,Other care,,,Tempe,AZ,85284,4803744341,2025-10-24,Not stated in NPPES — call to verify,CMS NPPES via Affine
1487427050,Marissa Herrera,Behavioral health,,,Tempe,AZ,85283,6029267200,2023-11-03,Not stated in NPPES — call to verify,CMS NPPES via Affine
1063832343,"Marissa L Mascorro, Psyd",Behavioral health,Clinical,"2120 S MCCLINTOCK DR, SUITE 105",Tempe,AZ,85282,4808040326,2025-05-13,Not stated in NPPES — call to verify,CMS NPPES via Affine
1083276802,Marissa Miller,Other care,,,Tempe,AZ,85282,4804560719,2019-07-01,Not stated in NPPES — call to verify,CMS NPPES via Affine
1508894809,"Marjorie A Sergeant, Lpc",Behavioral health,Mental Health,"424 E SOUTHERN AVE, STE. 102",Tempe,AZ,85282,4809689446,2007-07-08,Not stated in NPPES — call to verify,CMS NPPES via Affine
1164595005,"Mark A Kyger, Pt, Atc",Other care,,"1025 E BROADWAY RD, STE. 100",Tempe,AZ,85282,4808290217,2007-07-08,Not stated in NPPES — call to verify,CMS NPPES via Affine
1245607639,Mark Beaty,Other care,,,Tempe,AZ,85281,4809414169,2015-09-01,Not stated in NPPES — call to verify,CMS NPPES via Affine
1447676192,"Mark C Lee, Lcsw",Behavioral health,Clinical,"2120 S MCCLINTOCK DR, SUITE 105",Tempe,AZ,85282,4808040326,2017-04-23,Not stated in NPPES — call to verify,CMS NPPES via Affine
1841390614,"Mark D'aloisio, M.P.T.",Other care,,,Tempe,AZ,85282,4809682020,2007-09-25,Not stated in NPPES — call to verify,CMS NPPES via Affine
1184605842,"Mark Grimmett, Pa-C",Clinic / primary care,Medical,,Tempe,AZ,85284,4806649443,2018-03-20,Not stated in NPPES — call to verify,CMS NPPES via Affine
1730459710,"Mark Harris, Lpc",Behavioral health,Professional,,Tempe,AZ,85283,6026995750,2024-07-08,Not stated in NPPES — call to verify,CMS NPPES via Affine
1700809738,"Mark J Groberski, Phd",Behavioral health,Clinical,,Tempe,AZ,85287,4809656147,2007-07-08,Not stated in NPPES — call to verify,CMS NPPES via Affine
1891172649,"Mark Rolwes, Dpt",Other care,Pediatrics,,Tempe,AZ,85282,4804560719,2018-05-10,Not stated in NPPES — call to verify,CMS NPPES via Affine
1952601064,"Mark Shen, Mc, Ncc, Lpc",Behavioral health,Professional,,Tempe,AZ,85284,6025102711,2010-10-25,Not stated in NPPES — call to verify,CMS NPPES via Affine
1942931167,Markaya Renee Hunter,Other care,,,Tempe,AZ,85283,4804500657,2022-06-20,Not stated in NPPES — call to verify,CMS NPPES via Affine
1063167203,Markus Health Llc,Other care,,,Tempe,AZ,85284,6026117752,2022-02-22,Not stated in NPPES — call to verify,CMS NPPES via Affine
1184203358,"Marlayna Ashley Anderson, Lmsw",Behavioral health,Clinical,,Tempe,AZ,85282,4804429089,2021-04-05,Not stated in NPPES — call to verify,CMS NPPES via Affine
1073249843,"Marlene Panganiban, Fnp-C",Clinic / primary care,Family,,Tempe,AZ,85282,4805241600,2023-05-16,Not stated in NPPES — call to verify,CMS NPPES via Affine
1922308527,"Marsha D Lindsey, Pt",Other care,,,Tempe,AZ,85282,4804560719,2018-05-11,Not stated in NPPES — call to verify,CMS NPPES via Affine
1710867585,"Marsha Zirfas Murphy, Rn",Other care,School,,Tempe,AZ,85283,4808977122,2025-09-03,Not stated in NPPES — call to verify,CMS NPPES via Affine
1508249905,Martha Alvis,Other care,,"1400 E SOUTHERN AVE, SUITE 310",Tempe,AZ,85282,6025679881,2015-07-02,Not stated in NPPES — call to verify,CMS NPPES via Affine
1811557986,Martha Anns Rainbow House Llc,Other care,,,Tempe,AZ,85282,4809686008,2019-06-19,Not stated in NPPES — call to verify,CMS NPPES via Affine
1891738894,"Martha D Christiansen, Phd",Behavioral health,Clinical,"1150 S FOREST, #334",Tempe,AZ,85287,4809656147,2026-07-13,Not stated in NPPES — call to verify,CMS NPPES via Affine
1093899643,"Martha L Reyes, Md",Clinic / primary care,,,Tempe,AZ,85281,4809677821,2025-01-08,Not stated in NPPES — call to verify,CMS NPPES via Affine
1639726953,Martin Sobieraj Dmd Ms Pc,Clinic / primary care,Dental,,Tempe,AZ,85284,4804182887,2019-08-21,Not stated in NPPES — call to verify,CMS NPPES via Affine
1366085128,"Martin Winfield Garman, Lac",Behavioral health,,,Tempe,AZ,85282,4808040326,2019-10-24,Not stated in NPPES — call to verify,CMS NPPES via Affine
1265624332,"Marvin Blane Jackson, Dds",Dental,,,Tempe,AZ,85283,6024851588,2026-08-14,Not stated in NPPES — call to verify,CMS NPPES via Affine
1679308829,"Mary A Gustafson, Rn, Bsn",Other care,School,,Tempe,AZ,85283,4808976233,2024-09-06,Not stated in NPPES — call to verify,CMS NPPES via Affine
1386860955,"Mary Aronson, Fnp",Clinic / primary care,,"1968 E BASELINE RD, F101",Tempe,AZ,85283,4807754110,2007-07-08,Not stated in NPPES — call to verify,CMS NPPES via Affine
1942270962,"Mary C Maselli, Dpm",Other care,,,Tempe,AZ,85283,4809687835,2007-07-08,Not stated in NPPES — call to verify,CMS NPPES via Affine
1538278221,"Mary Catherine Horton, L.C.S.W.",Behavioral health,Clinical,"2120 S MCCLINTOCK DR, SUITE 105",Tempe,AZ,85282,4808040326,2017-04-23,Not stated in NPPES — call to verify,CMS NPPES via Affine
1609190867,"Mary Colleen Iverson, Slpa",Other care,Speech-Language Assistant,"1535 N SCOTTSDALE RD, 1139",Tempe,AZ,85281,8053775021,2010-03-17,Not stated in NPPES — call to verify,CMS NPPES via Affine
1114932803,"Mary D Reidhead, P.T.",Other care,,,Tempe,AZ,85284,4807350124,2011-02-09,Not stated in NPPES — call to verify,CMS NPPES via Affine
1912390436,Mary Didde-Esteban,Other care,,,Tempe,AZ,85284,4802339557,2015-03-09,Not stated in NPPES — call to verify,CMS NPPES via Affine
1396351805,Mary Elizabeth Bastian,Other care,,,Tempe,AZ,85281,4809671661,2020-09-20,Not stated in NPPES — call to verify,CMS NPPES via Affine
1043028707,"Mary Elizabeth Gill, Lmsw",Behavioral health,,,Tempe,AZ,85282,4808040326,2024-12-26,Not stated in NPPES — call to verify,CMS NPPES via Affine
1730164336,"Mary Elizabeth Owens, Np",Clinic / primary care,Adult Health,,Tempe,AZ,85281,4809653346,2026-07-13,Not stated in NPPES — call to verify,CMS NPPES via Affine
1225766975,"Mary Elizabeth Rogers, Lcsw",Behavioral health,Clinical,,Tempe,AZ,85282,4802740529,2024-04-26,Not stated in NPPES — call to verify,CMS NPPES via Affine
1083860647,"Mary K Harty, Anp",Clinic / primary care,Adult Health,,Tempe,AZ,85281,4809653346,2008-08-14,Not stated in NPPES — call to verify,CMS NPPES via Affine
1588129902,Mary K Wheeler Mcfarland,Other care,Community Health,"ADOBE CARE AND WELLNESS LLC, ADDRESS IS 4041 S. MCCLINTOCK, STE 302",Tempe,AZ,85282,5202337111,2019-02-11,Not stated in NPPES — call to verify,CMS NPPES via Affine
1417733890,Mary Lynne Wilkins Giberson,Other care,Speech-Language Assistant,,Tempe,AZ,85283,9286066071,2023-09-01,Not stated in NPPES — call to verify,CMS NPPES via Affine
1699035246,"Mary M. Guerin, Fnp",Clinic / primary care,Family,,Tempe,AZ,85284,4808205525,2018-11-26,Not stated in NPPES — call to verify,CMS NPPES via Affine
1336099118,Mary O Igwenwanne,Behavioral health,,,Tempe,AZ,85281,4808630763,2026-01-30,Not stated in NPPES — call to verify,CMS NPPES via Affine
1205590106,Mary Wagoner,Pharmacy,,,Tempe,AZ,85281,4805679083,2021-10-26,Not stated in NPPES — call to verify,CMS NPPES via Affine
1801715040,Mary Walsh,Other care,,,Tempe,AZ,85284,4803744341,2026-07-13,Not stated in NPPES — call to verify,CMS NPPES via Affine
1528021904,"Maryann Graf, Rnfa",Other care,Registered Nurse First Assistant,,Tempe,AZ,85283,4805452610,2020-05-28,Not stated in NPPES — call to verify,CMS NPPES via Affine
1225517212,"Maryn Jayne Moreni, Fnp-C",Clinic / primary care,Family,,Tempe,AZ,85283,4807185400,2018-08-09,Not stated in NPPES — call to verify,CMS NPPES via Affine
1881046175,Mastour Mohammed,Other care,,,Tempe,AZ,85282,6023487389,2016-07-11,Not stated in NPPES — call to verify,CMS NPPES via Affine
1134759244,"Matread Care, Llc",Other care,,,Tempe,AZ,85282,4805253405,2020-02-12,Not stated in NPPES — call to verify,CMS NPPES via Affine
1639608623,"Matt Neufeld, Dpt",Other care,,,Tempe,AZ,85288,6309956910,2023-11-08,Not stated in NPPES — call to verify,CMS NPPES via Affine
1629840475,Matthew A Wade Pllc,Other care,,,Tempe,AZ,85282,4804252160,2023-10-25,Not stated in NPPES — call to verify,CMS NPPES via Affine
1447857586,"Matthew Brian Liljegren, Lmsw",Behavioral health,,,Tempe,AZ,85282,4808040326,2020-10-01,Not stated in NPPES — call to verify,CMS NPPES via Affine
1740146778,Matthew Brown,Other care,,,Tempe,AZ,85281,6022222200,2026-01-03,Not stated in NPPES — call to verify,CMS NPPES via Affine
1396425237,"Matthew Colby, Dc, Pllc",Clinic / primary care,Multi-Specialty,,Tempe,AZ,85284,4803100922,2023-10-31,Not stated in NPPES — call to verify,CMS NPPES via Affine
1184730806,"Matthew Faiman, Md",Clinic / primary care,,,Tempe,AZ,85288,4809248382,2025-09-08,Not stated in NPPES — call to verify,CMS NPPES via Affine
1639484538,"Matthew J Cangemi, Pharm.D.",Pharmacy,,,Tempe,AZ,85283,4808201990,2012-05-17,Not stated in NPPES — call to verify,CMS NPPES via Affine
1568644342,Matthew Jacob Dewaard,Other care,,,Tempe,AZ,85283,4808972541,2007-12-03,Not stated in NPPES — call to verify,CMS NPPES via Affine
1841631330,"Matthew Michael Rhodes, Fnp",Clinic / primary care,,,Tempe,AZ,85282,4805425590,2022-03-18,Not stated in NPPES — call to verify,CMS NPPES via Affine
1528897816,"Matthew Stephen Blake, Motr/L",Other care,,,Tempe,AZ,85284,4803744341,2025-05-27,Not stated in NPPES — call to verify,CMS NPPES via Affine
1730665530,"Matthew Stephen Greene, Pharmd",Pharmacy,,,Tempe,AZ,85282,4805570970,2018-07-14,Not stated in NPPES — call to verify,CMS NPPES via Affine
1003298480,"Matthew Sterling Zweig, M.D.",Clinic / primary care,,,Tempe,AZ,85281,4808827320,2019-04-16,Not stated in NPPES — call to verify,CMS NPPES via Affine
1669702692,"Matthew Varacallo, Pharmd",Pharmacy,,,Tempe,AZ,85284,4808209984,2010-01-14,Not stated in NPPES — call to verify,CMS NPPES via Affine
1215406079,"Maureen Colleary Zimmerman, Rdn",Other care,,,Tempe,AZ,85282,4803295481,2018-11-21,Not stated in NPPES — call to verify,CMS NPPES via Affine
1669912960,"Maureen Keaveny, Ph.D.",Behavioral health,,,Tempe,AZ,85284,4804306346,2018-02-15,Not stated in NPPES — call to verify,CMS NPPES via Affine
1245097807,"Mauricio Rene Hermann-Richer, Rbt",Behavioral health,,,Tempe,AZ,85284,4806720536,2024-02-29,Not stated in NPPES — call to verify,CMS NPPES via Affine
1396964516,"Mauricio Valdes, Md",Other care,,,Tempe,AZ,85281,6025533113,2021-05-20,Not stated in NPPES — call to verify,CMS NPPES via Affine
1053053975,Max Care,Other care,,,Tempe,AZ,85283,4780687030,2022-04-25,Not stated in NPPES — call to verify,CMS NPPES via Affine
1053465807,Maxim Chiropractic And Rehabilitation Center Pllc,Other care,,"1840 E WARNER RD, SUITE 122",Tempe,AZ,85284,4807551718,2007-10-16,Not stated in NPPES — call to verify,CMS NPPES via Affine
1033009758,Maximum Family Care Llc,Other care,Pediatrics,,Tempe,AZ,85282,6029215466,2025-07-04,Not stated in NPPES — call to verify,CMS NPPES via Affine
1831243401,"Maxine A Norris, Lcsw",Behavioral health,Mental Health,"3231 S COUNTRY CLUB WAY, SUITE 111",Tempe,AZ,85282,4808381719,2007-07-08,Not stated in NPPES — call to verify,CMS NPPES via Affine
1285563627,Maya Ann Lindstrom,Behavioral health,,,Tempe,AZ,85288,6512715806,2026-05-13,Not stated in NPPES — call to verify,CMS NPPES via Affine
1861386799,Maya Peremislov,Behavioral health,,,Tempe,AZ,85284,8557728847,2025-06-05,Not stated in NPPES — call to verify,CMS NPPES via Affine
1770209488,Maya Therapy Center Llc,Other care,,,Tempe,AZ,85281,6023683850,2025-04-19,Not stated in NPPES — call to verify,CMS NPPES via Affine
1871099663,Mayo Clinic Arizona,Other care,,,Tempe,AZ,85288,4803426800,2026-04-15,Not stated in NPPES — call to verify,CMS NPPES via Affine
1508575028,Mayo Clinic Arizona,Other care,,,Tempe,AZ,85288,4805742900,2026-04-15,Not stated in NPPES — call to verify,CMS NPPES via Affine
1568735132,"Mayra Elizabeth Santamaria, Msw, Lcsw",Behavioral health,Clinical,,Tempe,AZ,85288,6695996036,2024-06-20,Not stated in NPPES — call to verify,CMS NPPES via Affine
1508234303,"Mayur Patel, Pharm. D.",Pharmacy,,,Tempe,AZ,85284,4803451114,2016-08-30,Not stated in NPPES — call to verify,CMS NPPES via Affine
1598238651,"Mcclintock Medical Group, Llc",Clinic / primary care,,,Tempe,AZ,85283,4808398552,2023-01-05,Not stated in NPPES — call to verify,CMS NPPES via Affine
1255222501,Mccoy Partner,Behavioral health,Clinical,,Tempe,AZ,85282,4809236200,2025-07-14,Not stated in NPPES — call to verify,CMS NPPES via Affine
1821614496,"Mckayla Tully, M.A., Ccc - Slp",Other care,,,Tempe,AZ,85288,6023705328,2024-03-04,Not stated in NPPES — call to verify,CMS NPPES via Affine
1053099457,"Mckenna Brown, Dpt",Other care,Orthopedic,,Tempe,AZ,85282,4809219000,2023-07-06,Not stated in NPPES — call to verify,CMS NPPES via Affine
1699443226,Mckenna Massone,Behavioral health,,,Tempe,AZ,85284,6026665101,2021-08-30,Not stated in NPPES — call to verify,CMS NPPES via Affine
1801204490,Md Business Solutions Corp,Other care,,"441 S 48TH ST, 109, ARNOLDO LOPEZ",Tempe,AZ,85281,4809452558,2014-07-26,Not stated in NPPES — call to verify,CMS NPPES via Affine
1346659018,Md Business Solutions Corp,Other care,,"445 S 48TH ST, 109",Tempe,AZ,85281,4809452558,2014-08-07,Not stated in NPPES — call to verify,CMS NPPES via Affine
1992322192,Mdbb Management Llc,Dental,Orthodontics and Dentofacial Orthopedics,,Tempe,AZ,85283,4805766323,2020-07-03,Not stated in NPPES — call to verify,CMS NPPES via Affine
1801775382,Meagan Leona Bryant,Other care,,,Tempe,AZ,85281,4805270727,2025-08-29,Not stated in NPPES — call to verify,CMS NPPES via Affine
1790414134,Med Ride Llc,Other care,,,Tempe,AZ,85282,6023544463,2025-04-06,Not stated in NPPES — call to verify,CMS NPPES via Affine
1366361396,Medcore Supplies Llc,Other care,,,Tempe,AZ,85282,6469144848,2026-07-15,Not stated in NPPES — call to verify,CMS NPPES via Affine
1134438245,Medex Group,Other care,,,Tempe,AZ,85281,4802744466,2010-10-07,Not stated in NPPES — call to verify,CMS NPPES via Affine
1215697297,Medfords Family Services Llc,Clinic / primary care,"Rehabilitation, Comprehensive Outpatient Rehabilitation Facility (CORF)",,Tempe,AZ,85283,6197081440,2021-12-18,Not stated in NPPES — call to verify,CMS NPPES via Affine
1891425021,Medi-Ssage Outreach,Other care,,,Tempe,AZ,85282,4807706641,2022-06-11,Not stated in NPPES — call to verify,CMS NPPES via Affine
1518235415,Medical Equipment Solutions,Other care,,,Tempe,AZ,85283,8083890801,2012-05-15,Not stated in NPPES — call to verify,CMS NPPES via Affine
1609219872,"Medical Nutrition Services, Llc",Other care,,,Tempe,AZ,85284,4802046006,2013-06-29,Not stated in NPPES — call to verify,CMS NPPES via Affine
1669195137,Medical510 Llc,Clinic / primary care,,,Tempe,AZ,85284,7739713268,2022-09-20,Not stated in NPPES — call to verify,CMS NPPES via Affine
1760811400,"Medisage, Llc",Other care,,"5016 S ASH AVE, SUITE 105",Tempe,AZ,85282,6232959001,2013-11-04,Not stated in NPPES — call to verify,CMS NPPES via Affine
1467690966,Medone Healthcare Llc,Pharmacy,Home Infusion Therapy Pharmacy,,Tempe,AZ,85282,4808359100,2018-07-19,Not stated in NPPES — call to verify,CMS NPPES via Affine
1568547305,Medone Healthcare Llc,Other care,,,Tempe,AZ,85282,4808359100,2020-08-22,Not stated in NPPES — call to verify,CMS NPPES via Affine
1386757490,Meds Direct Inc,Other care,,"940 S PARK LANE, #7",Tempe,AZ,85281,4807361920,2020-08-22,Not stated in NPPES — call to verify,CMS NPPES via Affine
1629274881,"Medtrans Express, Inc",Other care,,,Tempe,AZ,85282,6023247178,2024-10-08,Not stated in NPPES — call to verify,CMS NPPES via Affine
1205666088,Medwell Medical Group Llc,Clinic / primary care,,,Tempe,AZ,85283,8108135550,2024-11-02,Not stated in NPPES — call to verify,CMS NPPES via Affine
1053772681,"Meejung Rhee, Lac",Other care,,,Tempe,AZ,85284,8183998251,2023-05-31,Not stated in NPPES — call to verify,CMS NPPES via Affine
1346623055,"Meenakshi Sambharia, Mbbs",Clinic / primary care,Nephrology,,Tempe,AZ,85284,4806106100,2025-08-19,Not stated in NPPES — call to verify,CMS NPPES via Affine
1558486258,"Megan Davis Dey, Msw Lcsw",Behavioral health,,"8727 S PRIEST, #101",Tempe,AZ,85284,4808317342,2007-07-08,Not stated in NPPES — call to verify,CMS NPPES via Affine
1689797318,"Megan Eileen Haslam, Ccc-Slp",Other care,,,Tempe,AZ,85282,4808976233,2007-07-08,Not stated in NPPES — call to verify,CMS NPPES via Affine
1083490338,"Megan Flesner, Otr/L",Other care,,,Tempe,AZ,85284,4808824934,2023-09-04,Not stated in NPPES — call to verify,CMS NPPES via Affine
1871203299,Megan Gamber,Behavioral health,,,Tempe,AZ,85282,4806749220,2025-07-06,Not stated in NPPES — call to verify,CMS NPPES via Affine
1326431941,"Megan Gibson, Lm",Other care,,,Tempe,AZ,85282,4806861452,2015-03-06,Not stated in NPPES — call to verify,CMS NPPES via Affine
1730676313,"Megan Gittins, Lpc",Behavioral health,Professional,,Tempe,AZ,85282,4808040326,2019-01-22,Not stated in NPPES — call to verify,CMS NPPES via Affine
1497017123,"Megan Hanyzewski, Pt",Other care,,,Tempe,AZ,85282,4804560719,2012-06-27,Not stated in NPPES — call to verify,CMS NPPES via Affine
1386239549,"Megan Kathleen Chapman, Msn, Aprn, Fnp-C",Clinic / primary care,Family,,Tempe,AZ,85282,4805900787,2023-04-25,Not stated in NPPES — call to verify,CMS NPPES via Affine
1134803935,Megan Kathleen Riley,Behavioral health,,,Tempe,AZ,85283,4804893925,2023-06-12,Not stated in NPPES — call to verify,CMS NPPES via Affine
1346163920,Megan Knowling,Other care,,,Tempe,AZ,85282,4808589100,2026-07-31,Not stated in NPPES — call to verify,CMS NPPES via Affine
1316423254,"Megan Lant, Cota/L",Other care,,,Tempe,AZ,85284,6028298562,2018-07-13,Not stated in NPPES — call to verify,CMS NPPES via Affine
1588827638,"Megan Mary Mccarthy, Msn, Np-C, Cvnp-Bc",Clinic / primary care,Adult Health,"2149 E BASELINE RD, SUITE 103",Tempe,AZ,85283,4803450034,2026-07-30,Not stated in NPPES — call to verify,CMS NPPES via Affine
1659105658,"Megan Michelle Mueller, Pa-C",Clinic / primary care,,,Tempe,AZ,85284,9139076063,2025-06-17,Not stated in NPPES — call to verify,CMS NPPES via Affine
1346811825,"Megan Nored, Rbt",Behavioral health,,,Tempe,AZ,85284,4806720536,2021-07-07,Not stated in NPPES — call to verify,CMS NPPES via Affine
1205725033,Megan Pottle,Behavioral health,,,Tempe,AZ,85282,4805307581,2025-06-27,Not stated in NPPES — call to verify,CMS NPPES via Affine
1780409433,"Megan Schwab, Lcsw",Behavioral health,Clinical,,Tempe,AZ,85283,4803076446,2024-11-18,Not stated in NPPES — call to verify,CMS NPPES via Affine
1043826886,Megan Todd,Other care,,,Tempe,AZ,85283,4807770607,2020-09-17,Not stated in NPPES — call to verify,CMS NPPES via Affine
1053633537,"Meghan M Delaney, Whnp-Bc",Clinic / primary care,Women''s Health,"6301 S MCCLINTOCK DR, SUITE 215",Tempe,AZ,85283,4808206657,2014-12-18,Not stated in NPPES — call to verify,CMS NPPES via Affine
1780826537,"Meghan Mccoobery Malay, Dpt",Other care,,,Tempe,AZ,85281,4809212273,2023-09-13,Not stated in NPPES — call to verify,CMS NPPES via Affine
1811278823,"Meghan Meyerson, Lpc",Behavioral health,Professional,,Tempe,AZ,85282,4808040326,2018-01-09,Not stated in NPPES — call to verify,CMS NPPES via Affine
1861192155,Meghan Schultz,Other care,,,Tempe,AZ,85284,4803744341,2023-03-06,Not stated in NPPES — call to verify,CMS NPPES via Affine
1003779505,Meilani West,Behavioral health,,,Tempe,AZ,85281,4808630763,2025-12-03,Not stated in NPPES — call to verify,CMS NPPES via Affine
1043834450,Mekinna Murphy,Other care,,,Tempe,AZ,85284,4803744341,2020-06-01,Not stated in NPPES — call to verify,CMS NPPES via Affine
1245192491,Melabiz Community Hub,Other care,,,Tempe,AZ,85282,6026005463,2025-11-25,Not stated in NPPES — call to verify,CMS NPPES via Affine
1023438181,Melanie Carey,Other care,Speech-Language Assistant,"1595 E UNIVERSITY DR, APT 1096",Tempe,AZ,85281,5209826850,2014-04-16,Not stated in NPPES — call to verify,CMS NPPES via Affine
1891470688,"Melanie Conrad, Rn/Ibclc",Other care,Lactation Consultant,,Tempe,AZ,85284,4804428491,2023-06-19,Not stated in NPPES — call to verify,CMS NPPES via Affine
1174744767,Melanie Greis,Pharmacy,,,Tempe,AZ,85281,8778827820,2007-07-08,Not stated in NPPES — call to verify,CMS NPPES via Affine
1932658895,"Melanie Hoang, Nmd",Other care,,,Tempe,AZ,85282,4804283232,2016-10-03,Not stated in NPPES — call to verify,CMS NPPES via Affine
1144900374,"Melanie Marie Catacutan Darcy, Fnp-C, Fnp-Bc",Clinic / primary care,"Endocrinology, Diabetes & Metabolism",,Tempe,AZ,85284,4807836257,2026-08-06,Not stated in NPPES — call to verify,CMS NPPES via Affine
1053806729,"Melanie Topete, Dpt",Other care,Orthopedic,,Tempe,AZ,85282,4809219000,2019-10-30,Not stated in NPPES — call to verify,CMS NPPES via Affine
1275999674,Melanie Zielinski,Pharmacy,,,Tempe,AZ,85282,4809662791,2016-01-14,Not stated in NPPES — call to verify,CMS NPPES via Affine
1699254680,"Melina Ghods, Dmd",Dental,General Practice,,Tempe,AZ,85284,4802849504,2018-08-09,Not stated in NPPES — call to verify,CMS NPPES via Affine
1689399446,Melinda Ann Rusanowski,Clinic / primary care,Family,,Tempe,AZ,85282,4807566965,2022-10-04,Not stated in NPPES — call to verify,CMS NPPES via Affine
1609383140,"Melinda Holder, Otr/L",Other care,,,Tempe,AZ,85281,2537363779,2018-01-05,Not stated in NPPES — call to verify,CMS NPPES via Affine
1952813248,"Melinda Lee Odabash, Fnp-Bc",Clinic / primary care,Family,,Tempe,AZ,85282,4805570970,2020-07-14,Not stated in NPPES — call to verify,CMS NPPES via Affine
1992422240,Melinda Uriarte,Other care,,,Tempe,AZ,85283,9282556213,2022-10-26,Not stated in NPPES — call to verify,CMS NPPES via Affine
1811270051,"Melissa A Longe, Lpc",Behavioral health,Professional,,Tempe,AZ,85282,4808040326,2024-05-07,Not stated in NPPES — call to verify,CMS NPPES via Affine
1801090816,"Melissa A Smith, Ccc Slp",Other care,,,Tempe,AZ,85282,4804560719,2009-09-10,Not stated in NPPES — call to verify,CMS NPPES via Affine
1700331766,"Melissa Abbitt, Lmsw",Behavioral health,,"2120 S MCCLINTOCK DR, SUITE 105",Tempe,AZ,85282,4808040326,2017-04-23,Not stated in NPPES — call to verify,CMS NPPES via Affine
1275313579,"Melissa Alas, Pmhnp-Bc",Behavioral health,Psychiatric/Mental Health,,Tempe,AZ,85288,7025894871,2026-09-11,Not stated in NPPES — call to verify,CMS NPPES via Affine
1760034805,Melissa Ann Mertens,Behavioral health,,,Tempe,AZ,85284,6026665101,2019-07-09,Not stated in NPPES — call to verify,CMS NPPES via Affine
1265747513,"Melissa Ciany, Ot",Other care,,,Tempe,AZ,85282,4804560719,2010-10-19,Not stated in NPPES — call to verify,CMS NPPES via Affine
1275763294,Melissa Cincotta,Other care,,,Tempe,AZ,85282,4804560719,2018-05-17,Not stated in NPPES — call to verify,CMS NPPES via Affine
1801510813,"Melissa Clark, Nd",Other care,,,Tempe,AZ,85284,4805579095,2025-08-18,Not stated in NPPES — call to verify,CMS NPPES via Affine
1780015628,Melissa Colson,Other care,,"5801 S MCCLINTOCK DR, STE 110",Tempe,AZ,85283,4807775988,2013-12-03,Not stated in NPPES — call to verify,CMS NPPES via Affine
1730624347,"Melissa Ells, Nurse",Other care,School,,Tempe,AZ,85282,4808976608,2017-01-05,Not stated in NPPES — call to verify,CMS NPPES via Affine
1326454810,"Melissa Jaclyn Lesaar, Fnp-C",Clinic / primary care,,,Tempe,AZ,85284,4807390007,2023-04-10,Not stated in NPPES — call to verify,CMS NPPES via Affine
1144112608,"Melissa Jean Stair, Rdh",Dental,,,Tempe,AZ,85288,6026427194,2025-07-18,Not stated in NPPES — call to verify,CMS NPPES via Affine
1669991303,"Melissa Kinworthy, Ms, Lasac",Behavioral health,Addiction (Substance Use Disorder),,Tempe,AZ,85282,4808319533,2022-07-21,Not stated in NPPES — call to verify,CMS NPPES via Affine
1184585697,Melissa Mae Mateo,Other care,,,Tempe,AZ,85284,4803615188,2025-11-24,Not stated in NPPES — call to verify,CMS NPPES via Affine
1558944967,"Melissa Marie Makela, Bcba",Behavioral health,,,Tempe,AZ,85284,4802625822,2024-10-11,Not stated in NPPES — call to verify,CMS NPPES via Affine
1497342752,Melissa Maureen Baker,Other care,Speech-Language Assistant,,Tempe,AZ,85284,4803744341,2020-12-21,Not stated in NPPES — call to verify,CMS NPPES via Affine
1881803567,Melissa Thompson,Behavioral health,School,,Tempe,AZ,85282,4809678336,2010-04-12,Not stated in NPPES — call to verify,CMS NPPES via Affine
1609602812,Melita Saldanha,Behavioral health,Psychiatric/Mental Health,,Tempe,AZ,85282,4806749220,2026-08-26,Not stated in NPPES — call to verify,CMS NPPES via Affine
1285411041,Melodie Spencer,Behavioral health,,,Tempe,AZ,85282,6232877958,2023-09-13,Not stated in NPPES — call to verify,CMS NPPES via Affine
1588303606,"Melonee Pearl Crouse, Lmt",Other care,,,Tempe,AZ,85282,4807706641,2022-05-27,Not stated in NPPES — call to verify,CMS NPPES via Affine
1568782308,"Men's Vitality Center, Pllc",Clinic / primary care,Adult Health,"4653 S LAKESHORE DR, SUITE 2",Tempe,AZ,85282,4804568981,2010-06-03,Not stated in NPPES — call to verify,CMS NPPES via Affine
1902576408,Mend Testing,Clinic / primary care,,,Tempe,AZ,85284,6233852288,2021-09-15,Not stated in NPPES — call to verify,CMS NPPES via Affine
1003510215,Mentally Free Psychiatry Llc,Behavioral health,Psychiatric/Mental Health,,Tempe,AZ,85288,4709445699,2024-10-01,Not stated in NPPES — call to verify,CMS NPPES via Affine
1861936460,Mercedes Sanchez,Pharmacy,,"750 W BASELINE RD, APT 1125",Tempe,AZ,85283,7733084471,2016-12-15,Not stated in NPPES — call to verify,CMS NPPES via Affine
1902795420,Mercy Center Of Arizona Llc,Clinic / primary care,Multi-Specialty,,Tempe,AZ,85284,6026617488,2025-06-30,Not stated in NPPES — call to verify,CMS NPPES via Affine
1881116663,Mercy Medical Transportation,Other care,,,Tempe,AZ,85283,6786625009,2022-07-21,Not stated in NPPES — call to verify,CMS NPPES via Affine
1518616770,Mercy Montano Carreras,Behavioral health,Clinical,,Tempe,AZ,85283,6027059901,2022-03-23,Not stated in NPPES — call to verify,CMS NPPES via Affine
1164399663,Meredith Everett,Behavioral health,Mental Health,,Tempe,AZ,85282,4802342266,2025-10-20,Not stated in NPPES — call to verify,CMS NPPES via Affine
1578286431,Meredith Johnson,Behavioral health,Psychiatric/Mental Health,,Tempe,AZ,85288,8337190886,2023-04-18,Not stated in NPPES — call to verify,CMS NPPES via Affine
1720184419,Meridian Dental,Dental,General Practice,"1842 E BASELINE RD, SUITE B1",Tempe,AZ,85283,4808201400,2020-08-22,Not stated in NPPES — call to verify,CMS NPPES via Affine
1306756754,Meridian Wellness And Recovery Center,Other care,,,Tempe,AZ,85282,5626590950,2026-09-09,Not stated in NPPES — call to verify,CMS NPPES via Affine
1174352488,"Merrijeanne Lawrence, Rn",Other care,School,,Tempe,AZ,85282,4804595048,2024-07-26,Not stated in NPPES — call to verify,CMS NPPES via Affine
1770682353,Mesa Pediatrics Professional Association,Other care,,"6301 S MCCLINTOCK DR, #101",Tempe,AZ,85283,4802142300,2012-11-14,Not stated in NPPES — call to verify,CMS NPPES via Affine
1467403790,Metro Foot & Ankle Pc,Other care,Foot & Ankle Surgery,"3231 S COUNTRY CLUB WAY, SUITE 108",Tempe,AZ,85282,4808310700,2025-04-07,Not stated in NPPES — call to verify,CMS NPPES via Affine
1346073939,Mi Jeong Kim,Behavioral health,Psychiatric/Mental Health,,Tempe,AZ,85288,9282727224,2025-05-31,Not stated in NPPES — call to verify,CMS NPPES via Affine
1548409816,"Mia Isadora Esmundo Adriano, M.D., M.P.H.",Clinic / primary care,,,Tempe,AZ,85282,6023375609,2023-01-04,Not stated in NPPES — call to verify,CMS NPPES via Affine
1003248618,Mia Quintanilla,Other care,School,,Tempe,AZ,85283,4807528673,2013-08-06,Not stated in NPPES — call to verify,CMS NPPES via Affine
1235681370,"Micaela Aida Simon, Fnp",Clinic / primary care,Family,,Tempe,AZ,85281,4804104128,2026-07-03,Not stated in NPPES — call to verify,CMS NPPES via Affine
1467721027,"Michael Alan Severn, Cpht",Pharmacy,,,Tempe,AZ,85282,4807364472,2011-12-27,Not stated in NPPES — call to verify,CMS NPPES via Affine
1356563373,"Michael Anthony Disalvo, Pharmd",Pharmacy,,"51 WEST 3RD STREET, SUITE 501",Tempe,AZ,85281,4803176780,2007-07-08,Not stated in NPPES — call to verify,CMS NPPES via Affine
1316274525,"Michael Christopher Perillo, Pt",Other care,,,Tempe,AZ,85283,4807300502,2009-11-09,Not stated in NPPES — call to verify,CMS NPPES via Affine
1083648927,"Michael D Prisbrey, Bs  Dc Pa-C",Clinic / primary care,,,Tempe,AZ,85283,8448444755,2024-12-03,Not stated in NPPES — call to verify,CMS NPPES via Affine
1821075391,"Michael David Guttenplan, Md",Other care,,"1492 S MILL AVE, SUITE 301",Tempe,AZ,85281,4808945550,2014-02-04,Not stated in NPPES — call to verify,CMS NPPES via Affine
1811722481,"Michael David Mather, Dpt",Other care,,,Tempe,AZ,85283,4807300501,2024-09-04,Not stated in NPPES — call to verify,CMS NPPES via Affine
1629024385,"Michael Ellis Hitz, M.D.",Other care,Psychiatry,"1501 W FOUNTAINHEAD PKWY, SUITE 295",Tempe,AZ,85282,8664956738,2026-07-13,Not stated in NPPES — call to verify,CMS NPPES via Affine
1710211396,"Michael Esp, Rn",Other care,,,Tempe,AZ,85283,4808976233,2009-09-29,Not stated in NPPES — call to verify,CMS NPPES via Affine
1992281463,Michael G Duran Llc,Other care,,,Tempe,AZ,85284,4808392020,2018-07-17,Not stated in NPPES — call to verify,CMS NPPES via Affine
1821110677,Michael G. Smith Dmd Pllc,Clinic / primary care,Dental,"6200 S MCCLINTOCK DR, STE #5",Tempe,AZ,85283,4808390502,2020-08-22,Not stated in NPPES — call to verify,CMS NPPES via Affine
1609141191,Michael Israel,Behavioral health,Clinical,,Tempe,AZ,85282,6233246544,2026-06-02,Not stated in NPPES — call to verify,CMS NPPES via Affine
1326014150,"Michael Ivchenko, Md",Other care,,"2501 E SOUTHERN AVE, STE 14",Tempe,AZ,85282,4807303331,2026-07-13,Not stated in NPPES — call to verify,CMS NPPES via Affine
1518326909,Michael J Corley Md A Professional Corp,Other care,,"2421 E SOUTHERN AVE, SUITE 1",Tempe,AZ,85282,4804252160,2016-02-15,Not stated in NPPES — call to verify,CMS NPPES via Affine
1982646097,"Michael J Orris, D.O.",Other care,,,Tempe,AZ,85282,4808296100,2023-08-17,Not stated in NPPES — call to verify,CMS NPPES via Affine
1801846001,Michael J Tingey Md Pc,Clinic / primary care,,"2600 E SOUTHERN AVE, SUITE B2",Tempe,AZ,85282,4807305100,2008-02-22,Not stated in NPPES — call to verify,CMS NPPES via Affine
1518507797,Michael J. Schauwecker D.D.S.,Dental,General Practice,,Tempe,AZ,85284,4803457413,2020-01-15,Not stated in NPPES — call to verify,CMS NPPES via Affine
1528995537,Michael Jermel Brown,Behavioral health,,,Tempe,AZ,85282,7209307749,2026-05-05,Not stated in NPPES — call to verify,CMS NPPES via Affine
1760332084,"Michael Johnson, Pmhnp",Behavioral health,Psychiatric/Mental Health,,Tempe,AZ,85283,4803455400,2026-01-28,Not stated in NPPES — call to verify,CMS NPPES via Affine
1144637513,Michael Lamhang,Pharmacy,,"1850 W RIO SALADO PKWY, SUITE 211",Tempe,AZ,85281,4803174635,2016-03-01,Not stated in NPPES — call to verify,CMS NPPES via Affine
1073656435,"Michael Lee Mckown, P.T.",Other care,,,Tempe,AZ,85282,4804560719,2020-01-20,Not stated in NPPES — call to verify,CMS NPPES via Affine
1083911796,"Michael Lee Plunkett, Mt-Bc",Other care,,,Tempe,AZ,85281,4804154848,2011-02-15,Not stated in NPPES — call to verify,CMS NPPES via Affine
1871611855,"Michael M Petkovic, Ot",Other care,,,Tempe,AZ,85282,4804560719,2009-09-15,Not stated in NPPES — call to verify,CMS NPPES via Affine
1043983216,"Michael Messer, Rbt",Behavioral health,,,Tempe,AZ,85284,4806720536,2021-07-26,Not stated in NPPES — call to verify,CMS NPPES via Affine
1740834654,"Michael Painter Benedict, Pharmd",Pharmacy,,,Tempe,AZ,85281,4802401111,2021-10-13,Not stated in NPPES — call to verify,CMS NPPES via Affine
1477563237,Michael S Ahn Dds Pc,Dental,,"2072 E SOUTHERN AVE, #A101",Tempe,AZ,85282,4804915000,2020-08-22,Not stated in NPPES — call to verify,CMS NPPES via Affine
1508681206,"Michael Shumway, Lac",Behavioral health,,,Tempe,AZ,85282,4804282944,2024-11-18,Not stated in NPPES — call to verify,CMS NPPES via Affine
1942133681,Michael Stearns Md Pllc,Other care,,,Tempe,AZ,85282,4804252160,2026-06-03,Not stated in NPPES — call to verify,CMS NPPES via Affine
1760463434,"Michael Stephen Klein, Md",Other care,,,Tempe,AZ,85282,4808209141,2010-07-30,Not stated in NPPES — call to verify,CMS NPPES via Affine
1366746505,"Michael Steven Schuk, Pt, Dpt",Other care,,"1025 E BROADWAY RD, SUITE 101",Tempe,AZ,85282,4808290217,2011-01-03,Not stated in NPPES — call to verify,CMS NPPES via Affine
1750258430,Michael Thomas Nunez,Pharmacy,,,Tempe,AZ,85284,4807836233,2026-02-26,Not stated in NPPES — call to verify,CMS NPPES via Affine
1073571816,"Michael Timothy Kelley, M.S. Pa-C",Clinic / primary care,Surgical,,Tempe,AZ,85283,4808334515,2023-08-08,Not stated in NPPES — call to verify,CMS NPPES via Affine
1871267443,Michael White,Other care,,,Tempe,AZ,85282,4806584599,2021-08-05,Not stated in NPPES — call to verify,CMS NPPES via Affine
1619087285,"Michael Zwanziger, P.T.",Other care,Orthopedic,,Tempe,AZ,85282,4805668125,2019-09-03,Not stated in NPPES — call to verify,CMS NPPES via Affine
1922497551,"Michaela Decker, Lmft",Behavioral health,,,Tempe,AZ,85282,4807464894,2021-11-22,Not stated in NPPES — call to verify,CMS NPPES via Affine
1760536411,"Michel Christine Turner, Pt",Other care,,,Tempe,AZ,85283,4808971906,2007-07-08,Not stated in NPPES — call to verify,CMS NPPES via Affine
1356185458,Michele A Walker,Other care,,,Tempe,AZ,85283,6025784836,2024-06-24,Not stated in NPPES — call to verify,CMS NPPES via Affine
1710551932,"Michele Gaines, Lpc",Behavioral health,Mental Health,,Tempe,AZ,85281,7347875438,2021-05-13,Not stated in NPPES — call to verify,CMS NPPES via Affine
1427047687,"Michele M Flanagan, Np",Clinic / primary care,Family,,Tempe,AZ,85281,4809653349,2016-10-07,Not stated in NPPES — call to verify,CMS NPPES via Affine
1407409121,Michele M Nied,Other care,,,Tempe,AZ,85283,4807770607,2019-07-22,Not stated in NPPES — call to verify,CMS NPPES via Affine
1144683004,"Michele Vail, M.A., Bcba",Behavioral health,,,Tempe,AZ,85282,8667478274,2016-03-29,Not stated in NPPES — call to verify,CMS NPPES via Affine
1942501069,"Michelle A Reaban, Mns, Ccc-Slp",Other care,,,Tempe,AZ,85284,4807350124,2010-11-04,Not stated in NPPES — call to verify,CMS NPPES via Affine
1154861003,"Michelle Augustyn, Bcba",Behavioral health,,,Tempe,AZ,85284,4802834674,2026-04-14,Not stated in NPPES — call to verify,CMS NPPES via Affine
1801747936,Michelle Brianna Rabino Zimmer,Behavioral health,Professional,,Tempe,AZ,85284,4805730000,2026-02-05,Not stated in NPPES — call to verify,CMS NPPES via Affine
1467282848,Michelle Ediza Catchpole,Clinic / primary care,Family,,Tempe,AZ,85284,9178336112,2025-07-27,Not stated in NPPES — call to verify,CMS NPPES via Affine
1962170241,"Michelle Fettig, Dpt",Other care,,,Tempe,AZ,85283,8083310054,2026-04-22,Not stated in NPPES — call to verify,CMS NPPES via Affine
1992624514,Michelle Gallardo,Behavioral health,,,Tempe,AZ,85282,4803276320,2026-07-15,Not stated in NPPES — call to verify,CMS NPPES via Affine
1588379259,"Michelle Garrone, Lcsw",Behavioral health,Clinical,,Tempe,AZ,85282,4808040326,2026-02-25,Not stated in NPPES — call to verify,CMS NPPES via Affine
1124944145,Michelle Gokey,Pharmacy,,,Tempe,AZ,85284,8003451036,2026-06-24,Not stated in NPPES — call to verify,CMS NPPES via Affine
1477987725,"Michelle Kvamme, Ot",Other care,,,Tempe,AZ,85282,4804560719,2013-10-03,Not stated in NPPES — call to verify,CMS NPPES via Affine
1770993685,"Michelle L Kozimor, Lmsw",Behavioral health,,"2120 S MCCLINTOCK DR, STE. 105",Tempe,AZ,85282,4808040326,2017-04-23,Not stated in NPPES — call to verify,CMS NPPES via Affine
1104100080,Michelle Lorraine Sladek,Other care,,"1221 W WARNER RD, SUITE 102",Tempe,AZ,85284,4807350124,2011-10-10,Not stated in NPPES — call to verify,CMS NPPES via Affine
1083978985,"Michelle Lynn Figurski, Lpc, Atr",Behavioral health,Professional,,Tempe,AZ,85283,4803076446,2021-06-23,Not stated in NPPES — call to verify,CMS NPPES via Affine
1992174718,"Michelle Marie Walker, Cnm",Other care,,,Tempe,AZ,85283,4808206657,2025-09-15,Not stated in NPPES — call to verify,CMS NPPES via Affine
1801319520,Michelle Mclean,Other care,,"5801 S MCCLINTOCK DR, STE 110",Tempe,AZ,85283,4804912407,2022-07-21,Not stated in NPPES — call to verify,CMS NPPES via Affine
1245940014,"Michelle R. Ford, Pmhnp-Bc",Behavioral health,Psychiatric/Mental Health,,Tempe,AZ,85281,4807841514,2022-12-01,Not stated in NPPES — call to verify,CMS NPPES via Affine
1760653836,"Michelle R. Lamendola, Anp",Clinic / primary care,,,Tempe,AZ,85281,4804104128,2025-05-13,Not stated in NPPES — call to verify,CMS NPPES via Affine
1275901332,"Michelle Rae Lewis, Cota/L",Other care,,,Tempe,AZ,85282,2629953498,2015-09-07,Not stated in NPPES — call to verify,CMS NPPES via Affine
1306683065,"Michelle Reijonen, Pmhnp",Behavioral health,Psychiatric/Mental Health,,Tempe,AZ,85282,4806749220,2026-07-23,Not stated in NPPES — call to verify,CMS NPPES via Affine
1245931245,Michelle Ugalde,Behavioral health,,,Tempe,AZ,85281,4802279101,2023-03-15,Not stated in NPPES — call to verify,CMS NPPES via Affine
1427871532,"Micki Monique Begay, Lcsw",Behavioral health,Clinical,,Tempe,AZ,85282,4808040326,2024-11-06,Not stated in NPPES — call to verify,CMS NPPES via Affine
1558978320,Mikki Rakestrow,Other care,,,Tempe,AZ,85283,4805414908,2020-09-25,Not stated in NPPES — call to verify,CMS NPPES via Affine
1801620273,"Miles Cemel, Lcsw",Behavioral health,Clinical,,Tempe,AZ,85281,4808485117,2024-08-28,Not stated in NPPES — call to verify,CMS NPPES via Affine
1851768030,Milissa Ward,Behavioral health,Psychiatric/Mental Health,,Tempe,AZ,85281,4809295100,2015-08-24,Not stated in NPPES — call to verify,CMS NPPES via Affine
1245309640,Mill Avenue Family Dentistry Pc,Dental,General Practice,"1712 E GUADALUPE RD, SUITE 109",Tempe,AZ,85283,4808298200,2012-04-26,Not stated in NPPES — call to verify,CMS NPPES via Affine
1841962743,Millennial Therapy Pllc,Behavioral health,Mental Health,,Tempe,AZ,85281,8472502815,2021-09-30,Not stated in NPPES — call to verify,CMS NPPES via Affine
1598388639,"Miller & Associates Consulting, Llc",Behavioral health,Clinical,,Tempe,AZ,85282,4806000539,2020-05-23,Not stated in NPPES — call to verify,CMS NPPES via Affine
1891574034,Mimi M Hauber,Behavioral health,Professional,,Tempe,AZ,85282,4805250058,2023-09-26,Not stated in NPPES — call to verify,CMS NPPES via Affine
1932842580,"Mind & Body Neurology, Llc",Other care,Neurology,,Tempe,AZ,85281,4802569270,2022-04-20,Not stated in NPPES — call to verify,CMS NPPES via Affine
1912302845,Mind Body Wellness Llc,Other care,Psychiatry,,Tempe,AZ,85282,4803455420,2014-11-04,Not stated in NPPES — call to verify,CMS NPPES via Affine
1518205467,Mind-Full Music Therapy Services,Other care,,,Tempe,AZ,85281,4803639524,2013-01-28,Not stated in NPPES — call to verify,CMS NPPES via Affine
1457100174,"Mind-Touch Psychiatry & Integrative Care, Llc",Behavioral health,Psychiatric/Mental Health,,Tempe,AZ,85284,6822532130,2024-05-15,Not stated in NPPES — call to verify,CMS NPPES via Affine
1134930738,Mindful Counseling And Supervision Pllc,Behavioral health,Mental Health (Including Community Mental Health Center),,Tempe,AZ,85283,6233774226,2025-01-14,Not stated in NPPES — call to verify,CMS NPPES via Affine
1588364111,Mindful Minds Counseling Llc,Other care,,,Tempe,AZ,85284,4804862125,2023-03-02,Not stated in NPPES — call to verify,CMS NPPES via Affine
1710732466,Mindwell Llc,Behavioral health,Psychiatric/Mental Health,,Tempe,AZ,85202,4805801353,2024-04-17,Not stated in NPPES — call to verify,CMS NPPES via Affine
1063810182,Minh Phuong Nguyen,Pharmacy,,,Tempe,AZ,85283,4808204478,2014-12-06,Not stated in NPPES — call to verify,CMS NPPES via Affine
1558515841,Ministry Research Inc,Other care,,,Tempe,AZ,85282,4807752599,2008-11-13,Not stated in NPPES — call to verify,CMS NPPES via Affine
1790607208,Mira Psychiatry Group Pllc,Behavioral health,Mental Health (Including Community Mental Health Center),,Tempe,AZ,85282,4809000965,2026-07-27,Not stated in NPPES — call to verify,CMS NPPES via Affine
1558954552,"Mirabella At Asu, Inc",Other care,,,Tempe,AZ,85281,6027777701,2025-12-11,Not stated in NPPES — call to verify,CMS NPPES via Affine
1265365506,Miracle View Health Llc,Behavioral health,Psychiatric/Mental Health,,Tempe,AZ,85282,5629615698,2026-06-05,Not stated in NPPES — call to verify,CMS NPPES via Affine
1639002892,Mirage Anesthesia Llc,Other care,,,Tempe,AZ,85282,4804252160,2026-06-06,Not stated in NPPES — call to verify,CMS NPPES via Affine
1477272094,"Miranda Odegard, Rn",Clinic / primary care,Acute Care,,Tempe,AZ,85281,4807845500,2026-07-17,Not stated in NPPES — call to verify,CMS NPPES via Affine
1215473806,"Miriam Emran, Lpc",Behavioral health,Professional,"2120 S MCCLINTOCK DR, SUITE 105",Tempe,AZ,85282,4808040326,2017-01-06,Not stated in NPPES — call to verify,CMS NPPES via Affine
1407824790,"Miriam K Anand, M.D.",Other care,,,Tempe,AZ,85283,4808384296,2014-02-24,Not stated in NPPES — call to verify,CMS NPPES via Affine
1780084533,Mirvat Farah,Other care,Speech-Language Assistant,,Tempe,AZ,85284,4805502952,2014-08-29,Not stated in NPPES — call to verify,CMS NPPES via Affine
1417185810,Miss Alexis M. Alexander,Behavioral health,Professional,"600 E BASELINE RD, B-2",Tempe,AZ,85283,5206103258,2012-02-10,Not stated in NPPES — call to verify,CMS NPPES via Affine
1215200993,"Miss Anne Marie Lozon, Lcsw",Behavioral health,Clinical,"2120 S MCCLINTOCK DR, SUITE 105",Tempe,AZ,85282,4808040326,2017-04-23,Not stated in NPPES — call to verify,CMS NPPES via Affine
1609536614,Miss Brittany Carole Cox,Other care,,,Tempe,AZ,85284,4803744341,2021-12-19,Not stated in NPPES — call to verify,CMS NPPES via Affine
1154475622,"Miss Carla Monica Seifert, Med",Behavioral health,School,"4525 S COLLEGE AVE, EVANS SCHOOL",Tempe,AZ,85282,4808398489,2007-07-08,Not stated in NPPES — call to verify,CMS NPPES via Affine
1427111277,"Miss Catherine Luz Marrs, Phd, Lcsw",Behavioral health,Clinical,,Tempe,AZ,85282,4807841514,2008-09-10,Not stated in NPPES — call to verify,CMS NPPES via Affine
1639677354,"Miss Courtney Alexandra Bogardus, Lmsw",Behavioral health,,,Tempe,AZ,85282,4808040326,2022-10-06,Not stated in NPPES — call to verify,CMS NPPES via Affine
1922804806,Miss Danielle Hendrix,Behavioral health,Mental Health,,Tempe,AZ,85283,1480307644,2025-02-21,Not stated in NPPES — call to verify,CMS NPPES via Affine
1023260627,"Miss Devin Novak, P.T.",Other care,,,Tempe,AZ,85282,4809687200,2008-10-15,Not stated in NPPES — call to verify,CMS NPPES via Affine
1598958993,"Miss Elizabeth Mullnix, Atc",Other care,Athletic Trainer,"1025 E BROADWAY RD, STE. 100",Tempe,AZ,85282,4808290217,2007-08-20,Not stated in NPPES — call to verify,CMS NPPES via Affine
1740513241,"Miss Hemali Tushar Jambusaria, Ed.S",Other care,,"1500 E BROADWAY RD, APT 2083",Tempe,AZ,85282,5626590414,2009-09-15,Not stated in NPPES — call to verify,CMS NPPES via Affine
1134419153,Miss Iliana Martinez,Behavioral health,,,Tempe,AZ,85283,4809020771,2026-04-06,Not stated in NPPES — call to verify,CMS NPPES via Affine
1952875700,"Miss Jasmine Alexis Smola, Slp",Other care,,,Tempe,AZ,85284,4803744341,2022-07-20,Not stated in NPPES — call to verify,CMS NPPES via Affine
1790115905,"Miss Jennifer Michelle Withee, Fnp-C",Clinic / primary care,Primary Care,,Tempe,AZ,85283,4808977070,2019-10-03,Not stated in NPPES — call to verify,CMS NPPES via Affine
1992097570,"Miss Jessica Lynn Katt, Dbh, Lcsw, Mpa",Behavioral health,Clinical,"2120 S MCCLINTOCK DR, SUITE 105",Tempe,AZ,85282,4808040326,2017-04-23,Not stated in NPPES — call to verify,CMS NPPES via Affine
1114326899,"Miss Jessica Paige Hauser, Ma, Lpc",Behavioral health,Professional,,Tempe,AZ,85283,4803077084,2023-08-01,Not stated in NPPES — call to verify,CMS NPPES via Affine
1316648322,"Miss Jodi Lee Ohnick, Lchw",Other care,,,Tempe,AZ,85281,4803508004,2023-09-21,Not stated in NPPES — call to verify,CMS NPPES via Affine
1275670978,Miss Katherine Mary Galaska,Other care,,,Tempe,AZ,85283,4808972544,2007-07-08,Not stated in NPPES — call to verify,CMS NPPES via Affine
1124653811,Miss Kendal Lee Cameron,Other care,Speech-Language Assistant,,Tempe,AZ,85284,4803744341,2020-03-03,Not stated in NPPES — call to verify,CMS NPPES via Affine
1558554949,"Miss Kim Oge, Atc",Other care,Athletic Trainer,"1025 E BROADWAY RD, STE. 100",Tempe,AZ,85282,4808290217,2007-08-20,Not stated in NPPES — call to verify,CMS NPPES via Affine
1982880068,"Miss Kristina Ann Cieply, Pa-C",Clinic / primary care,,,Tempe,AZ,85283,4807513777,2008-01-18,Not stated in NPPES — call to verify,CMS NPPES via Affine
1831683564,Miss Lucero Elizabeth Pulido,Other care,Speech-Language Assistant,,Tempe,AZ,85284,4803744341,2019-07-22,Not stated in NPPES — call to verify,CMS NPPES via Affine
1710612692,Miss Madison Leigh Hahn,Other care,,,Tempe,AZ,85284,4803744341,2022-07-23,Not stated in NPPES — call to verify,CMS NPPES via Affine
1649855768,"Miss Madison Rae Jeffery, Ms",Other care,,,Tempe,AZ,85282,4803477207,2025-06-11,Not stated in NPPES — call to verify,CMS NPPES via Affine
1134518079,Miss Paige Fergen,Other care,,"1400 E. SOUTHERN AVE. STE 310, SUPPLEMENTAL HEALTHCARE",Tempe,AZ,85282,8663082700,2015-01-15,Not stated in NPPES — call to verify,CMS NPPES via Affine
1982764767,"Miss Patricia Ann Thornton, Rn, Ms",Other care,School,,Tempe,AZ,85281,4809412440,2007-07-08,Not stated in NPPES — call to verify,CMS NPPES via Affine
1255271193,"Miss Stephanie Ann Jackson, Msw",Behavioral health,,,Tempe,AZ,85282,6232727638,2026-03-31,Not stated in NPPES — call to verify,CMS NPPES via Affine
1689589160,"Miss Taylor Headlough, Cnm, Aprn",Other care,,,Tempe,AZ,85281,4806472099,2026-08-18,Not stated in NPPES — call to verify,CMS NPPES via Affine
1104155738,"Miss Zakiyyah Jones, Rn",Other care,,,Tempe,AZ,85282,4807307100,2026-04-27,Not stated in NPPES — call to verify,CMS NPPES via Affine
1649873498,"Mitalben Bharatkumar Patel, Ms, Bcba, Lba",Behavioral health,,,Tempe,AZ,85284,4806720536,2022-08-08,Not stated in NPPES — call to verify,CMS NPPES via Affine
1326338989,Mitchell S Wagner Md Pllc,Other care,,"60 E RIO SALADO PKWY, STE 505",Tempe,AZ,85281,6029030443,2011-09-29,Not stated in NPPES — call to verify,CMS NPPES via Affine
1457003030,"Mitchell Steele, Rbt",Behavioral health,,,Tempe,AZ,85284,8557728847,2025-02-26,Not stated in NPPES — call to verify,CMS NPPES via Affine
1679228621,"Mithil Khemani, Rbt",Behavioral health,,,Tempe,AZ,85284,4806720536,2022-02-18,Not stated in NPPES — call to verify,CMS NPPES via Affine
1538006598,Mjl Anesthesia Services Llc,Other care,,,Tempe,AZ,85282,4804252160,2026-04-29,Not stated in NPPES — call to verify,CMS NPPES via Affine
1598698037,Mjp Anesthesia Services Pllc,Other care,,,Tempe,AZ,85282,4804252160,2026-06-04,Not stated in NPPES — call to verify,CMS NPPES via Affine
1891587051,Mkg United,Other care,,,Tempe,AZ,85282,4804252160,2025-05-21,Not stated in NPPES — call to verify,CMS NPPES via Affine
1881275436,"Mlee R Clark, Lmt, Clt",Other care,,,Tempe,AZ,85281,4804598164,2021-04-15,Not stated in NPPES — call to verify,CMS NPPES via Affine
1972518652,"Mobile On-Site Mammography, Inc.",Clinic / primary care,"Radiology, Mobile Mammography","2005 W 14TH ST, SUITE 134",Tempe,AZ,85281,4809673767,2015-03-09,Not stated in NPPES — call to verify,CMS NPPES via Affine
1720485253,"Mobility Research, Inc.",Other care,,,Tempe,AZ,85282,4808291727,2014-11-26,Not stated in NPPES — call to verify,CMS NPPES via Affine
1720256498,"Mobility Research,Llc",Other care,Customized Equipment,,Tempe,AZ,85282,8003329255,2008-02-15,Not stated in NPPES — call to verify,CMS NPPES via Affine
1316306798,"Modern Anesthesia, Llc",Other care,,"2421 E SOUTHERN AVE, STE 1",Tempe,AZ,85282,4804252160,2016-02-15,Not stated in NPPES — call to verify,CMS NPPES via Affine
1477104362,"Modern Recovery, Llc",Behavioral health,Adolescent and Children Mental Health,,Tempe,AZ,85282,2032008556,2025-12-11,Not stated in NPPES — call to verify,CMS NPPES via Affine
1568072387,Modern Sports Medicine Llc,Other care,Sports Medicine,,Tempe,AZ,85284,4808784806,2024-09-26,Not stated in NPPES — call to verify,CMS NPPES via Affine
1366116535,Modern Sports Medicine Llc,Other care,Sports Medicine,,Tempe,AZ,85284,4803066627,2024-09-26,Not stated in NPPES — call to verify,CMS NPPES via Affine
1396040697,Mohamed Gaafar Ahmed,Other care,,"3425 S. PRIEST DR., # 20",Tempe,AZ,85282,6024355506,2011-01-18,Not stated in NPPES — call to verify,CMS NPPES via Affine
1851950521,"Mohamed Khalil, Owner",Behavioral health,,,Tempe,AZ,85282,6023621823,2019-06-13,Not stated in NPPES — call to verify,CMS NPPES via Affine
1417758517,Mohamid Elnoor Salih,Other care,,,Tempe,AZ,85283,7734418437,2025-03-24,Not stated in NPPES — call to verify,CMS NPPES via Affine
1497204895,"Mohammad Nasser, Pllc",Clinic / primary care,,,Tempe,AZ,85281,6022518100,2017-12-06,Not stated in NPPES — call to verify,CMS NPPES via Affine
1235115130,Mohammadi Medical Professional Corporation,Clinic / primary care,,,Tempe,AZ,85282,4809682990,2020-08-22,Not stated in NPPES — call to verify,CMS NPPES via Affine
1629961958,Mohammed Omer,Other care,,,Tempe,AZ,85283,6503332923,2025-06-03,Not stated in NPPES — call to verify,CMS NPPES via Affine
1518364298,"Mohreet Kaur Rauni, Bs, Bht",Other care,,"1522 E SOUTHERN AVE, APT 1159",Tempe,AZ,85282,4806550035,2014-11-25,Not stated in NPPES — call to verify,CMS NPPES via Affine
1366983801,"Molled Travel Vaccines, Pllc",Other care,Public Health & General Preventive Medicine,"2034 E SOUTHERN AVE., SUITE L",Tempe,AZ,85282,8773588648,2022-08-04,Not stated in NPPES — call to verify,CMS NPPES via Affine
1881288322,"Mollie Gaeddert, Msn, Fnp-Bc",Clinic / primary care,Family,,Tempe,AZ,85281,4808827380,2023-06-22,Not stated in NPPES — call to verify,CMS NPPES via Affine
1013752237,Molly Ament,Clinic / primary care,Family,,Tempe,AZ,85282,6023233472,2025-07-17,Not stated in NPPES — call to verify,CMS NPPES via Affine
1134728595,"Molly Anne Bond, Dc",Other care,,,Tempe,AZ,85282,4807752593,2020-10-17,Not stated in NPPES — call to verify,CMS NPPES via Affine
1720151376,Molly Colleen Gregan,Behavioral health,,,Tempe,AZ,85284,6023210802,2025-11-18,Not stated in NPPES — call to verify,CMS NPPES via Affine
1265347702,Molly E Solorzano Md Pllc,Other care,,,Tempe,AZ,85282,4804252160,2026-08-18,Not stated in NPPES — call to verify,CMS NPPES via Affine
1760966774,"Molly Michelle Moore, Msn, Rn, Fnp-C",Clinic / primary care,Family,,Tempe,AZ,85281,4802375098,2018-09-17,Not stated in NPPES — call to verify,CMS NPPES via Affine
1104706431,Molly Swift,Behavioral health,Mental Health,,Tempe,AZ,85282,4805307581,2025-09-05,Not stated in NPPES — call to verify,CMS NPPES via Affine
1285207274,"Molly Turner, Lcsw",Behavioral health,,,Tempe,AZ,85282,4802501901,2025-04-26,Not stated in NPPES — call to verify,CMS NPPES via Affine
1801305305,"Mona Kamal, Np",Clinic / primary care,Family,,Tempe,AZ,85282,4802742820,2020-09-11,Not stated in NPPES — call to verify,CMS NPPES via Affine
1922119270,Monaliza Setudehnia Md Pllc,Clinic / primary care,,"2055 E SOUTHERN AVE, SUITE D",Tempe,AZ,85282,4803457676,2008-05-27,Not stated in NPPES — call to verify,CMS NPPES via Affine
1841143310,Monica Bariadura Kpobari Tusima,Behavioral health,,,Tempe,AZ,85283,4809020771,2026-02-16,Not stated in NPPES — call to verify,CMS NPPES via Affine
1184042715,"Monica Contreras-Garay, Acnp-Bc",Clinic / primary care,Acute Care,,Tempe,AZ,85283,4808382563,2014-04-01,Not stated in NPPES — call to verify,CMS NPPES via Affine
1356413637,Monica H Griffin,Other care,,,Tempe,AZ,85282,4804918871,2007-07-26,Not stated in NPPES — call to verify,CMS NPPES via Affine
1760041339,Monica J Lee,Behavioral health,Professional,,Tempe,AZ,85282,4808040326,2026-06-25,Not stated in NPPES — call to verify,CMS NPPES via Affine
1508236290,"Monica Jill Burns, Pa",Clinic / primary care,,,Tempe,AZ,85283,4808384296,2021-08-12,Not stated in NPPES — call to verify,CMS NPPES via Affine
1265128912,Monica Justice,Other care,,,Tempe,AZ,85284,4803744341,2023-04-14,Not stated in NPPES — call to verify,CMS NPPES via Affine
1710751474,Monica Lindmark,Behavioral health,,,Tempe,AZ,85281,8552237123,2023-11-13,Not stated in NPPES — call to verify,CMS NPPES via Affine
1982323424,Monica Pesqueira,Other care,School,,Tempe,AZ,85283,4809671661,2022-08-26,Not stated in NPPES — call to verify,CMS NPPES via Affine
1700330412,"Monica Reps, Lpc",Behavioral health,Professional,"2120 S MCCLINTOCK DR, SUITE 105",Tempe,AZ,85282,4808040326,2017-04-23,Not stated in NPPES — call to verify,CMS NPPES via Affine
1821746165,Monifa Middleton,Behavioral health,,,Tempe,AZ,85284,6026665101,2022-03-15,Not stated in NPPES — call to verify,CMS NPPES via Affine
1871072124,Monique Huynh,Other care,,,Tempe,AZ,85283,4807770607,2018-08-08,Not stated in NPPES — call to verify,CMS NPPES via Affine
1508467200,"Monique M Gomez, Lmsw",Other care,,,Tempe,AZ,85284,4804277883,2022-03-04,Not stated in NPPES — call to verify,CMS NPPES via Affine
1699451963,"Monique N Valencia, Rbt",Behavioral health,,,Tempe,AZ,85284,4806720536,2023-06-22,Not stated in NPPES — call to verify,CMS NPPES via Affine
1598356719,Moore Allies Childcare Staffing & Career Development Agency Llc,Other care,,,Tempe,AZ,85282,6024561170,2023-05-31,Not stated in NPPES — call to verify,CMS NPPES via Affine
1457130908,More Than A Latch,Other care,,,Tempe,AZ,85282,4805463999,2023-09-25,Not stated in NPPES — call to verify,CMS NPPES via Affine
1992474415,Morgan Ann Heathcote,Behavioral health,Mental Health,,Tempe,AZ,85282,4806411165,2021-09-08,Not stated in NPPES — call to verify,CMS NPPES via Affine
1659500361,"Morgan Brown, Pt",Other care,,,Tempe,AZ,85284,4807568617,2009-07-02,Not stated in NPPES — call to verify,CMS NPPES via Affine
1790339125,Morgan Elizabeth Fair,Behavioral health,,,Tempe,AZ,85284,6026665104,2019-07-24,Not stated in NPPES — call to verify,CMS NPPES via Affine
1609595651,"Morgan Ference, Ms, Lat, Atc",Other care,Athletic Trainer,,Tempe,AZ,85287,7573754769,2026-09-02,Not stated in NPPES — call to verify,CMS NPPES via Affine
1578874863,"Morgan Fullmer Mathie, D.O.",Other care,,"2421 E SOUTHERN AVE, STE 7",Tempe,AZ,85282,6022628900,2020-10-27,Not stated in NPPES — call to verify,CMS NPPES via Affine
1952228512,Morgan Maryellen Spilsbury,Other care,,,Tempe,AZ,85283,4802283199,2026-07-02,Not stated in NPPES — call to verify,CMS NPPES via Affine
1013562909,Morgan Snyder,Behavioral health,,,Tempe,AZ,85281,9379255665,2026-08-13,Not stated in NPPES — call to verify,CMS NPPES via Affine
1639972391,Morgana S Stout,Other care,,,Tempe,AZ,85284,4803744341,2025-03-28,Not stated in NPPES — call to verify,CMS NPPES via Affine
1598455958,Moses Waweru Kamuri,Behavioral health,Psychiatric/Mental Health,,Tempe,AZ,85282,4804324499,2026-01-05,Not stated in NPPES — call to verify,CMS NPPES via Affine
1992238414,"Mostafa Maita, Do",Other care,Interventional Pain Medicine,,Tempe,AZ,85282,6028534004,2026-05-26,Not stated in NPPES — call to verify,CMS NPPES via Affine
1376640656,Mountain Park Health Center,Clinic / primary care,Federally Qualified Health Center (FQHC),,Tempe,AZ,85282,6022437277,2018-03-12,Not stated in NPPES — call to verify,CMS NPPES via Affine
1801485339,"Mountainside Fitness Acquisitions, Llc",Other care,Sports Medicine,,Tempe,AZ,85281,4806646209,2021-01-11,Not stated in NPPES — call to verify,CMS NPPES via Affine
1598572562,Move Free Chiropratic Pllc,Other care,,,Tempe,AZ,85282,6025294383,2026-04-24,Not stated in NPPES — call to verify,CMS NPPES via Affine
1215885900,Mpvp Psychiatry,Behavioral health,Psychiatric/Mental Health,,Tempe,AZ,85283,5204099429,2026-03-18,Not stated in NPPES — call to verify,CMS NPPES via Affine
1326148263,"Mr. Aaron Michael Arreola, Pt, Mpt, Atc, Lat",Other care,,,Tempe,AZ,85282,4808290217,2015-07-17,Not stated in NPPES — call to verify,CMS NPPES via Affine
1477806412,Mr. Adam Abramovitch,Behavioral health,Professional,,Tempe,AZ,85281,6027941751,2012-10-15,Not stated in NPPES — call to verify,CMS NPPES via Affine
1265740633,"Mr. Adam Colby Whitescarver, Rph",Pharmacy,,,Tempe,AZ,85283,4808380448,2026-07-14,Not stated in NPPES — call to verify,CMS NPPES via Affine
1174547897,"Mr. Adam Schulte, Atc, Lat",Other care,Athletic Trainer,"4685 S ASH AVE, SUITE H-1",Tempe,AZ,85282,4806208660,2014-10-23,Not stated in NPPES — call to verify,CMS NPPES via Affine
1427716489,"Mr. Alan Jerald Haberman, Bcba",Behavioral health,,,Tempe,AZ,85283,4803783440,2026-02-12,Not stated in NPPES — call to verify,CMS NPPES via Affine
1619956034,"Mr. Alan Scott Andacht, M.D.",Other care,,,Tempe,AZ,85282,4804252160,2022-11-30,Not stated in NPPES — call to verify,CMS NPPES via Affine
1649831223,"Mr. Allan Cagampan Buenaventura, Fnp",Clinic / primary care,Family,,Tempe,AZ,85281,4809670799,2021-03-01,Not stated in NPPES — call to verify,CMS NPPES via Affine
1114483039,Mr. Alvin E Diamond Ii,Behavioral health,,,Tempe,AZ,85284,6026665101,2019-02-15,Not stated in NPPES — call to verify,CMS NPPES via Affine
1881476224,"Mr. Andrew Houston Hough, Lac",Behavioral health,Mental Health,,Tempe,AZ,85283,4806560500,2023-10-19,Not stated in NPPES — call to verify,CMS NPPES via Affine
1396954491,"Mr. Andrew Lee Davis, Rph",Pharmacy,,"51 W 3RD ST, SUITE 501",Tempe,AZ,85281,4803176780,2007-07-08,Not stated in NPPES — call to verify,CMS NPPES via Affine
1508996224,"Mr. Andrew Thomas Marchesi, Pt",Other care,,,Tempe,AZ,85282,4808384478,2009-05-22,Not stated in NPPES — call to verify,CMS NPPES via Affine
1205211802,"Mr. Anthony Vincent Olorunsola, Pmhnp-Bc",Behavioral health,Psychiatric/Mental Health,,Tempe,AZ,85282,6238066864,2023-01-16,Not stated in NPPES — call to verify,CMS NPPES via Affine
1326916198,Mr. Ashton Phillip Branca,Behavioral health,,,Tempe,AZ,85281,4808630763,2025-10-24,Not stated in NPPES — call to verify,CMS NPPES via Affine
1053834945,"Mr. Benitho Louissaint, Np",Behavioral health,Psychiatric/Mental Health,,Tempe,AZ,85283,4804718980,2023-10-29,Not stated in NPPES — call to verify,CMS NPPES via Affine
1356651459,"Mr. Benjamin Coe Vanderlip, H.I.S.",Other care,,,Tempe,AZ,85282,4807750950,2019-02-28,Not stated in NPPES — call to verify,CMS NPPES via Affine
1447811963,"Mr. Benjamin Lewis Iv, L.Ac",Other care,,,Tempe,AZ,85282,8133103569,2023-09-25,Not stated in NPPES — call to verify,CMS NPPES via Affine
1245435742,"Mr. Benjamin Robert Kibler, Lpn",Other care,,,Tempe,AZ,85282,3303271633,2008-07-24,Not stated in NPPES — call to verify,CMS NPPES via Affine
1285964247,"Mr. Brad L Michael, Rph",Pharmacy,,,Tempe,AZ,85283,4808389200,2010-01-13,Not stated in NPPES — call to verify,CMS NPPES via Affine
1477643989,"Mr. Bradley Taylor Hudson, Lpc",Behavioral health,Professional,,Tempe,AZ,85282,4808948647,2025-09-11,Not stated in NPPES — call to verify,CMS NPPES via Affine
1619145034,"Mr. Brian Morgan, Ma, Lpc, Lisac",Behavioral health,Professional,,Tempe,AZ,85281,4802770049,2008-02-19,Not stated in NPPES — call to verify,CMS NPPES via Affine
1982850442,"Mr. Bruce L Steinbrink, Lpc",Behavioral health,Professional,"2120 S MCCLINTOCK DR, SUITE 105",Tempe,AZ,85282,4808040326,2017-04-23,Not stated in NPPES — call to verify,CMS NPPES via Affine
1295723781,"Mr. Bryon Ross Sabatino, Mc, Lisac, Lpc",Behavioral health,Addiction (Substance Use Disorder),"3231 S COUNTRY CLUB WAY, SUITE 111",Tempe,AZ,85282,4807554016,2025-09-11,Not stated in NPPES — call to verify,CMS NPPES via Affine
1316942477,"Mr. Carl K Labbe, Rph",Pharmacy,Pharmacotherapy,"451 E. UNIVERSITY DR., ARIZONA STATE UNIVERSITY",Tempe,AZ,85287,4809653338,2026-07-13,Not stated in NPPES — call to verify,CMS NPPES via Affine
1003911520,"Mr. Charles David Laine, Crna",Other care,,,Tempe,AZ,85281,4807845500,2007-07-08,Not stated in NPPES — call to verify,CMS NPPES via Affine
1265102453,"Mr. Charles William Creager Iv, Ms",Behavioral health,Addiction (Substance Use Disorder),,Tempe,AZ,85282,4806411165,2021-09-17,Not stated in NPPES — call to verify,CMS NPPES via Affine
1295459063,"Mr. Christopher Clarke Johnson, Pa-C",Clinic / primary care,Sports Medicine,,Tempe,AZ,85283,4807513777,2022-09-26,Not stated in NPPES — call to verify,CMS NPPES via Affine
1003242314,"Mr. Christopher Ian Earle, Dnp",Behavioral health,Psychiatric/Mental Health,"1835 E 6TH ST, STE 21",Tempe,AZ,85281,4805816981,2020-07-31,Not stated in NPPES — call to verify,CMS NPPES via Affine
1811051444,"Mr. Conrad A. Brown, M.C.",Behavioral health,Professional,,Tempe,AZ,85282,4807841514,2007-07-08,Not stated in NPPES — call to verify,CMS NPPES via Affine
1174775472,"Mr. Dan Alan Allmond, Ms, Lac",Behavioral health,,,Tempe,AZ,85282,4802342266,2025-02-05,Not stated in NPPES — call to verify,CMS NPPES via Affine
1760178602,"Mr. Daniel Rufus James, Lpc",Behavioral health,Mental Health,,Tempe,AZ,85283,6027223993,2023-04-13,Not stated in NPPES — call to verify,CMS NPPES via Affine
1902159163,"Mr. Danny R Simard, R.Ph.",Pharmacy,,,Tempe,AZ,85284,8882736100,2016-06-20,Not stated in NPPES — call to verify,CMS NPPES via Affine
1023098779,"Mr. David A. Mcgowan, Lcsw",Behavioral health,Clinical,"1642 S PRIEST DR, BLDG 6, STE 101",Tempe,AZ,85281,4809295100,2016-04-13,Not stated in NPPES — call to verify,CMS NPPES via Affine
1902941545,"Mr. David Allen Kohl, M.S.W., L.C.S.W.",Behavioral health,Clinical,"2120 S MCCLINTOCK DR, SUITE 105",Tempe,AZ,85282,6027648542,2015-10-28,Not stated in NPPES — call to verify,CMS NPPES via Affine
1790421493,"Mr. David Andrew Geonetta, Lpc",Behavioral health,Professional,,Tempe,AZ,85282,2092841260,2023-07-18,Not stated in NPPES — call to verify,CMS NPPES via Affine
1194828640,"Mr. David C Richardson, Md",Other care,,,Tempe,AZ,85282,4804252160,2022-12-05,Not stated in NPPES — call to verify,CMS NPPES via Affine
1316939630,"Mr. David John Rope, N.P.",Behavioral health,Psychiatric/Mental Health,,Tempe,AZ,85282,9289851495,2024-04-02,Not stated in NPPES — call to verify,CMS NPPES via Affine
1952309551,"Mr. David Michael Curran, Md",Other care,,,Tempe,AZ,85282,4808399097,2026-07-13,Not stated in NPPES — call to verify,CMS NPPES via Affine
1588761472,"Mr. David Thomas Reed, Dc",Other care,,"250 W BASELINE RD, #107",Tempe,AZ,85283,4807851355,2007-07-08,Not stated in NPPES — call to verify,CMS NPPES via Affine
1063272334,"Mr. Derek B Eason, Agnp-C",Clinic / primary care,Primary Care,,Tempe,AZ,85281,4804104128,2026-07-24,Not stated in NPPES — call to verify,CMS NPPES via Affine
1215193826,"Mr. Don De Valle, Lpc, Lisac",Behavioral health,Professional,,Tempe,AZ,85283,4804913049,2008-08-03,Not stated in NPPES — call to verify,CMS NPPES via Affine
1518102656,Mr. Don Dey,Behavioral health,,"8727 S. PRIEST, SUITE 101",Tempe,AZ,85284,6025271106,2008-12-03,Not stated in NPPES — call to verify,CMS NPPES via Affine
1497294748,"Mr. Dustin Brant Ivanic, Fnp-C",Clinic / primary care,Family,,Tempe,AZ,85282,4803045467,2017-02-20,Not stated in NPPES — call to verify,CMS NPPES via Affine
1710430020,"Mr. Edward Hunter Hardy, P.T., D.P.T.",Other care,,,Tempe,AZ,85283,4808331005,2020-05-07,Not stated in NPPES — call to verify,CMS NPPES via Affine
1457074098,"Mr. Edward Omar Ontiveros, Lac",Behavioral health,Mental Health,,Tempe,AZ,85282,4805250058,2022-09-20,Not stated in NPPES — call to verify,CMS NPPES via Affine
1932976800,Mr. Elmo E Barnes Sr.,Other care,Laboratory Management,,Tempe,AZ,85282,6028843360,2023-12-11,Not stated in NPPES — call to verify,CMS NPPES via Affine
1831308444,"Mr. Eric Paul Munson, Act, Cscs, Nasm-Pes",Other care,Athletic Trainer,,Tempe,AZ,85282,3194312806,2007-07-08,Not stated in NPPES — call to verify,CMS NPPES via Affine
1194889758,"Mr. Eric R Shinn, Mc",Behavioral health,Professional,,Tempe,AZ,85282,4807841514,2007-07-09,Not stated in NPPES — call to verify,CMS NPPES via Affine
1023185410,"Mr. Erik Ray Shaffer, Bs Lisac",Behavioral health,Addiction (Substance Use Disorder),"1232 E BROADWAY RD, 120",Tempe,AZ,85282,4807841514,2007-07-08,Not stated in NPPES — call to verify,CMS NPPES via Affine
1053396937,"Mr. Frank P Caserta, M.D.",Other care,,,Tempe,AZ,85282,4809673381,2018-09-05,Not stated in NPPES — call to verify,CMS NPPES via Affine
1760869630,"Mr. Franklin Richey Green, Pharm D",Pharmacy,,,Tempe,AZ,85284,4802502698,2015-04-30,Not stated in NPPES — call to verify,CMS NPPES via Affine
1609463876,"Mr. Gabriel Estrada, Lmt",Other care,,,Tempe,AZ,85281,4803434257,2020-12-22,Not stated in NPPES — call to verify,CMS NPPES via Affine
1225252018,"Mr. Gary Frederick Mandile, Ccp",Other care,,"5801 S MCCLINTOCK DR, SUITE 110",Tempe,AZ,85283,4807770607,2010-04-07,Not stated in NPPES — call to verify,CMS NPPES via Affine
1154519585,"Mr. Gary Lenzo, Msw/Lmsw",Behavioral health,,"1225 E BROADWAY RD, SUITE 240",Tempe,AZ,85282,4809295100,2007-10-10,Not stated in NPPES — call to verify,CMS NPPES via Affine
1972588804,"Mr. Gerald P Ford, M.D.",Other care,,,Tempe,AZ,85282,4809673381,2018-09-07,Not stated in NPPES — call to verify,CMS NPPES via Affine
1003245523,"Mr. Giles Cassidy, Rcp/Crt",Other care,,"1400 E SOUTHERN AVE, SUITE 310",Tempe,AZ,85282,8663082700,2013-11-05,Not stated in NPPES — call to verify,CMS NPPES via Affine
1710335534,"Mr. Gregory A Mclarty, Pt, Dpt",Other care,,,Tempe,AZ,85288,4804744921,2026-01-05,Not stated in NPPES — call to verify,CMS NPPES via Affine
1356370878,"Mr. Harry William Schechner, C.C.P.",Other care,,"5801 S MCCLINTOCK DR, 110",Tempe,AZ,85283,4807770900,2009-08-18,Not stated in NPPES — call to verify,CMS NPPES via Affine
1669793030,"Mr. Hok Him Lau, Otr/L",Other care,,,Tempe,AZ,85284,8084289317,2010-06-18,Not stated in NPPES — call to verify,CMS NPPES via Affine
1013210848,"Mr. Jacob Daniel Koseki, Mm, Mt-Bc",Other care,,,Tempe,AZ,85281,8083750423,2010-12-16,Not stated in NPPES — call to verify,CMS NPPES via Affine
1427023589,"Mr. James B Scott, Md",Other care,,"2000 E SOUTHERN AVE, SUITE 105",Tempe,AZ,85282,4802828069,2010-01-12,Not stated in NPPES — call to verify,CMS NPPES via Affine
1407937741,"Mr. James D'apice Ii, Dpt",Other care,,"1844 E BASELINE RD, SUITE C-5",Tempe,AZ,85283,4808331005,2009-08-28,Not stated in NPPES — call to verify,CMS NPPES via Affine
1386869345,"Mr. James Edwin Beebe, Pt",Other care,,"4415 S RURAL RD, SUITE #11",Tempe,AZ,85282,4803452664,2007-07-08,Not stated in NPPES — call to verify,CMS NPPES via Affine
1326191115,"Mr. James Jew, M.D.",Other care,,,Tempe,AZ,85283,4808206657,2025-09-09,Not stated in NPPES — call to verify,CMS NPPES via Affine
1104904127,"Mr. James Keys, M.A.",Behavioral health,,,Tempe,AZ,85282,4809219003,2007-07-08,Not stated in NPPES — call to verify,CMS NPPES via Affine
1770854903,"Mr. James Paul Labella, Rph",Pharmacy,,,Tempe,AZ,85284,8558738739,2015-03-30,Not stated in NPPES — call to verify,CMS NPPES via Affine
1790206159,"Mr. James Stangle, Cpnp-Pc, Fnp-C",Clinic / primary care,Pediatrics,,Tempe,AZ,85283,6234015437,2021-04-28,Not stated in NPPES — call to verify,CMS NPPES via Affine
1396574497,"Mr. Jamil Alwazan, M.A",Behavioral health,,,Tempe,AZ,85288,4252331816,2024-07-29,Not stated in NPPES — call to verify,CMS NPPES via Affine
1083195556,"Mr. Jared Michael Henry-Gent, Au.D.",Other care,,,Tempe,AZ,85284,3162138164,2025-10-23,Not stated in NPPES — call to verify,CMS NPPES via Affine
1508494626,"Mr. Jared Ryan Calo, Cota/L",Other care,,,Tempe,AZ,85282,6023418445,2020-04-01,Not stated in NPPES — call to verify,CMS NPPES via Affine
1619247491,"Mr. Jarrod Newell Watson, Pt, Dpt",Other care,Orthopedic,"1805 N SCOTTSDALE RD, STE 2",Tempe,AZ,85281,4809414169,2012-08-06,Not stated in NPPES — call to verify,CMS NPPES via Affine
1801934757,"Mr. Jason S Pointer, P.T.",Other care,,,Tempe,AZ,85282,4805668125,2019-01-17,Not stated in NPPES — call to verify,CMS NPPES via Affine
1417371709,Mr. Jeffrey Herndon,Other care,Athletic Trainer,,Tempe,AZ,85284,6023790101,2014-02-07,Not stated in NPPES — call to verify,CMS NPPES via Affine
1841389699,"Mr. Jeffrey Petersen, Pt Momt",Other care,,,Tempe,AZ,85283,4808331005,2020-05-07,Not stated in NPPES — call to verify,CMS NPPES via Affine
1417457623,"Mr. Jeffrey Ray Fulkerson, M Ed, Ms, Lac, Lpc",Behavioral health,Professional,,Tempe,AZ,85282,4804282944,2023-12-22,Not stated in NPPES — call to verify,CMS NPPES via Affine
1548970965,"Mr. Jehu Medina Sr., Lmsw",Behavioral health,Mental Health,,Tempe,AZ,85282,9282548194,2022-11-28,Not stated in NPPES — call to verify,CMS NPPES via Affine
1255377636,Mr. Jerome Stuart Factor,Pharmacy,,,Tempe,AZ,85281,6022250005,2026-07-13,Not stated in NPPES — call to verify,CMS NPPES via Affine
1518276559,"Mr. Jerry Wayne Gray, Rdh",Dental,,,Tempe,AZ,85283,4804560821,2010-10-15,Not stated in NPPES — call to verify,CMS NPPES via Affine
1588991327,"Mr. Jesse L Hash, Lcsw",Behavioral health,Clinical,"2120 S MCCLINTOCK DR, SUITE105",Tempe,AZ,85282,4808040326,2026-06-11,Not stated in NPPES — call to verify,CMS NPPES via Affine
1245586817,Mr. John Edward Ebinger,Other care,Sports,,Tempe,AZ,85284,4807851765,2021-12-28,Not stated in NPPES — call to verify,CMS NPPES via Affine
1780651976,"Mr. John Jacob Andreson, Atc",Other care,,"521 SOUTH RURAL ROAD, ARIZONA STATE UNIVERSITY",Tempe,AZ,85281,4809658470,2014-05-23,Not stated in NPPES — call to verify,CMS NPPES via Affine
1679657399,"Mr. John James Rhiner, Lcsw",Behavioral health,Clinical,"2120 S. MCCLINTOCK DR., SUITE 105",Tempe,AZ,85282,4808040326,2020-11-03,Not stated in NPPES — call to verify,CMS NPPES via Affine
1154644953,"Mr. John Jay Cleveland, Mt-Bc",Other care,,,Tempe,AZ,85282,6028197431,2010-03-08,Not stated in NPPES — call to verify,CMS NPPES via Affine
1669409363,"Mr. John M Mccormick, C.C.P.",Other care,,"5801 S MCCLINTOCK DR, 110",Tempe,AZ,85283,4807770900,2009-08-18,Not stated in NPPES — call to verify,CMS NPPES via Affine
1184415143,"Mr. John M Tobin Iii, Lac",Behavioral health,Mental Health,"2033 E WARNER RD, SUITE 111",Tempe,AZ,85284,4807792997,2025-05-16,Not stated in NPPES — call to verify,CMS NPPES via Affine
1356319388,"Mr. John Michael Goldberg, Md",Clinic / primary care,Infectious Disease,"2501E SOUTHERN AVE, STE 22",Tempe,AZ,85282,4808381111,2026-07-13,Not stated in NPPES — call to verify,CMS NPPES via Affine
1255490504,"Mr. John N Chrisagis, O D P C",Other care,,,Tempe,AZ,85283,4809674910,2011-10-18,Not stated in NPPES — call to verify,CMS NPPES via Affine
1588696298,"Mr. John R Omohundro, Atc",Other care,,,Tempe,AZ,85284,6023790101,2007-07-08,Not stated in NPPES — call to verify,CMS NPPES via Affine
1639112675,"Mr. Jon R Zinger, C.C.P.",Other care,,"5801 S MCCLINTOCK DR, 110",Tempe,AZ,85283,4807770900,2009-08-18,Not stated in NPPES — call to verify,CMS NPPES via Affine
1831538313,"Mr. Jordan Brimhall, Ccp",Other care,,"5801 S MCCLINTOCK DR, #110",Tempe,AZ,85283,4807770900,2013-06-18,Not stated in NPPES — call to verify,CMS NPPES via Affine
1922178417,"Mr. Joseph Bruce Grant, M.C., L.P.C.",Behavioral health,Professional,,Tempe,AZ,85282,4807841514,2007-07-08,Not stated in NPPES — call to verify,CMS NPPES via Affine
1992992812,"Mr. Joseph James Rasor Ii, P.T.",Other care,,,Tempe,AZ,85283,4808337879,2024-09-16,Not stated in NPPES — call to verify,CMS NPPES via Affine
1669895918,"Mr. Joshua James Lopez, Pta",Other care,,,Tempe,AZ,85282,6025679881,2014-09-09,Not stated in NPPES — call to verify,CMS NPPES via Affine
1356517676,"Mr. Joshua Locke Azevedo, L.I.S.A.C.",Behavioral health,Addiction (Substance Use Disorder),,Tempe,AZ,85281,4809214050,2008-05-13,Not stated in NPPES — call to verify,CMS NPPES via Affine
1881966448,"Mr. Joshua Zalman Bloomberg, Do",Clinic / primary care,,"6301 S. MCCLINTOCK DR., SUITE 201",Tempe,AZ,85283,4808383100,2025-09-10,Not stated in NPPES — call to verify,CMS NPPES via Affine
1700450772,"Mr. Juan Murillo Jr., Lpc",Behavioral health,Professional,,Tempe,AZ,85284,4808186108,2024-06-06,Not stated in NPPES — call to verify,CMS NPPES via Affine
1194256289,"Mr. Juan Paulo Cueto Dela Cruz, Lpn",Other care,,"701 W GROVE PKWY, APT 218",Tempe,AZ,85283,4805164170,2017-03-21,Not stated in NPPES — call to verify,CMS NPPES via Affine
1407861255,"Mr. Kamal F Moukabary, Md",Other care,,,Tempe,AZ,85282,4804252160,2022-12-08,Not stated in NPPES — call to verify,CMS NPPES via Affine
1346313244,"Mr. Keith Alan Kocher, Pt, Momt",Other care,,"1025 E BROADWAY RD, STE. 100",Tempe,AZ,85282,4808290217,2025-02-19,Not stated in NPPES — call to verify,CMS NPPES via Affine
1801019013,"Mr. Kelly Kimbrell, Ma, Cags",Behavioral health,School,,Tempe,AZ,85283,4807833385,2007-07-08,Not stated in NPPES — call to verify,CMS NPPES via Affine
1558491282,"Mr. Kevin Kuo Tsai Cheng, Dds",Dental,,"6000 S MCCLINTOCK DR, SUITE B",Tempe,AZ,85283,4808206131,2007-07-08,Not stated in NPPES — call to verify,CMS NPPES via Affine
1891872511,Mr. Kevin Thomas Crane,Behavioral health,School,,Tempe,AZ,85281,4809667114,2007-07-25,Not stated in NPPES — call to verify,CMS NPPES via Affine
1386877678,Mr. Khalid Mutwakil Hassan,Other care,,"1710 S JENTILLY LN, APT 3",Tempe,AZ,85281,6023485754,2009-09-02,Not stated in NPPES — call to verify,CMS NPPES via Affine
1437471141,"Mr. Kristopher Thomas Young, Fnp-Bc",Clinic / primary care,Family,,Tempe,AZ,85281,4802375098,2019-03-13,Not stated in NPPES — call to verify,CMS NPPES via Affine
1245296920,"Mr. Kyle Bryant Herrig, Ms,Atc,Cscs",Other care,Athletic Trainer,"2065 S COTTONWOOD DR, SUITE 1",Tempe,AZ,85282,4809682020,2026-07-13,Not stated in NPPES — call to verify,CMS NPPES via Affine
1477765600,"Mr. Leif Munson, Pharmd",Pharmacy,,"51 W 3RD ST, SUITE 501",Tempe,AZ,85281,4803176780,2007-07-08,Not stated in NPPES — call to verify,CMS NPPES via Affine
1306152228,"Mr. Manish Bhakta, Rph",Pharmacy,,,Tempe,AZ,85282,4808383642,2010-08-30,Not stated in NPPES — call to verify,CMS NPPES via Affine
1396167714,"Mr. Marc Badros Morcos, Pharmacist",Pharmacy,,,Tempe,AZ,85281,4809672307,2014-01-21,Not stated in NPPES — call to verify,CMS NPPES via Affine
1982166096,"Mr. Mark Butterfield Ii, Rn",Other care,Community Health,,Tempe,AZ,85282,5202337111,2019-04-05,Not stated in NPPES — call to verify,CMS NPPES via Affine
1053306258,"Mr. Mark Franklin Swanson, M.C.",Behavioral health,Professional,"3231 S COUNTRY CLUB WAY, SUITE 111",Tempe,AZ,85282,4804910835,2026-07-13,Not stated in NPPES — call to verify,CMS NPPES via Affine
1700942810,Mr. Mark Sebastian Loeser,Behavioral health,Professional,"4635 S LAKESHORE DR, SUITE 116",Tempe,AZ,85282,4803454531,2007-07-08,Not stated in NPPES — call to verify,CMS NPPES via Affine
1376852111,Mr. Marwan Gamal Elmubarak,Other care,,,Tempe,AZ,85282,4808616490,2010-09-28,Not stated in NPPES — call to verify,CMS NPPES via Affine
1538230958,"Mr. Matthew Slavsky, Lcsw",Behavioral health,Clinical,"2120 S MCCLINTOCK DR, SUITE 105",Tempe,AZ,85282,4808040326,2015-10-09,Not stated in NPPES — call to verify,CMS NPPES via Affine
1568132975,"Mr. Mazi Darrell Condelee, Crna",Other care,,,Tempe,AZ,85281,4807845500,2021-09-16,Not stated in NPPES — call to verify,CMS NPPES via Affine
1902037583,Mr. Michael Buchsbaum,Behavioral health,School,,Tempe,AZ,85283,4808976063,2026-05-19,Not stated in NPPES — call to verify,CMS NPPES via Affine
1386609113,"Mr. Michael Eugene Johnson, Ph.D.",Behavioral health,,"430 WEST WARNER ROAD, SUITE 104",Tempe,AZ,85284,6024217481,2013-05-29,Not stated in NPPES — call to verify,CMS NPPES via Affine
1255483889,"Mr. Michael Jaime Morris, D.C.",Other care,,,Tempe,AZ,85284,4803456453,2007-07-08,Not stated in NPPES — call to verify,CMS NPPES via Affine
1215072764,"Mr. Michael James Boylan, Lcsw",Behavioral health,Clinical,"2120 S MCCLINTOCK DR, STE 105",Tempe,AZ,85282,4808040326,2017-04-23,Not stated in NPPES — call to verify,CMS NPPES via Affine
1427234434,"Mr. Michael Magarinos, Lamft",Behavioral health,,"2120 S MCCLINTOCK DR, SUITE 105",Tempe,AZ,85282,4808040326,2013-09-10,Not stated in NPPES — call to verify,CMS NPPES via Affine
1215971601,"Mr. Michael P Jukich, C.C.P.",Other care,,"5801 S MCCLINTOCK DR, 110",Tempe,AZ,85283,4807770900,2009-08-18,Not stated in NPPES — call to verify,CMS NPPES via Affine
1821938739,Mr. Michael William Baielli,Other care,,,Tempe,AZ,85288,2089170042,2026-03-30,Not stated in NPPES — call to verify,CMS NPPES via Affine
1558136671,"Mr. Mohamed Habib, Rph.",Pharmacy,Pharmacist Clinician (PhC)/ Clinical Pharmacy Specialist,,Tempe,AZ,85284,4808788393,2023-11-20,Not stated in NPPES — call to verify,CMS NPPES via Affine
1790012755,"Mr. Mohammad Ali None Samareh-Jahani, R.Ph",Pharmacy,,,Tempe,AZ,85284,4808939027,2009-11-12,Not stated in NPPES — call to verify,CMS NPPES via Affine
1306206032,"Mr. Nathan Garrett, Cota/L",Other care,,,Tempe,AZ,85284,4802259209,2016-02-23,Not stated in NPPES — call to verify,CMS NPPES via Affine
1356633770,"Mr. Nathan Nitzky, Rnfa",Other care,Registered Nurse First Assistant,,Tempe,AZ,85284,6026968664,2011-05-03,Not stated in NPPES — call to verify,CMS NPPES via Affine
1780765693,"Mr. Ned David Bratspis, M.A. ,L.M.F.T .",Behavioral health,,,Tempe,AZ,85283,2535140525,2025-12-05,Not stated in NPPES — call to verify,CMS NPPES via Affine
1477551083,"Mr. Neil Howard Aaron, Md",Other care,,,Tempe,AZ,85282,4808399097,2026-07-13,Not stated in NPPES — call to verify,CMS NPPES via Affine
1144767252,"Mr. Parris Watson, Msw, Lcsw",Behavioral health,Clinical,,Tempe,AZ,85282,4808040326,2023-12-05,Not stated in NPPES — call to verify,CMS NPPES via Affine
1427416387,"Mr. Paul K. Gibson, Mc, Lmft",Behavioral health,,,Tempe,AZ,85282,4804282944,2023-12-22,Not stated in NPPES — call to verify,CMS NPPES via Affine
1932178803,"Mr. Peter John Rennick, M.S.",Behavioral health,Mental Health,,Tempe,AZ,85282,6023060110,2026-07-13,Not stated in NPPES — call to verify,CMS NPPES via Affine
1427177898,"Mr. Randy Christopher Call, Lpc",Behavioral health,Professional,"2120 S MCCLINTOCK DR, SUITE 105",Tempe,AZ,85282,4808040326,2017-04-23,Not stated in NPPES — call to verify,CMS NPPES via Affine
1013338482,Mr. Ricardo Reyes Jr.,Other care,,,Tempe,AZ,85282,4806991233,2017-11-09,Not stated in NPPES — call to verify,CMS NPPES via Affine
1689862831,"Mr. Richard Brooks Canfield, Mc, Ceap, Lpc",Behavioral health,Mental Health,"4635 S LAKESHORE DR, SUITE 112",Tempe,AZ,85282,4803454477,2007-10-11,Not stated in NPPES — call to verify,CMS NPPES via Affine
1033511696,"Mr. Richard L Holder, R Ph",Pharmacy,,,Tempe,AZ,85284,4803451114,2014-09-25,Not stated in NPPES — call to verify,CMS NPPES via Affine
1720201924,"Mr. Richard Peck, M.Ed",Behavioral health,Mental Health,"2111 E BASELINE RD, SUITE A-4",Tempe,AZ,85283,4807757400,2007-07-08,Not stated in NPPES — call to verify,CMS NPPES via Affine
1023197779,"Mr. Robert Bruce St Pierre, M.A. Educ. Counselin",Behavioral health,School,,Tempe,AZ,85282,4809219003,2007-07-26,Not stated in NPPES — call to verify,CMS NPPES via Affine
1861431785,"Mr. Robert L Rearley, C.C.P",Other care,,"5801 S MCCLINTOCK DR, 110",Tempe,AZ,85283,4807770900,2009-08-18,Not stated in NPPES — call to verify,CMS NPPES via Affine
1376662452,"Mr. Robert P Keiser, Rph",Pharmacy,,"51 W 3RD ST, SUITE 501",Tempe,AZ,85281,4803176780,2007-07-08,Not stated in NPPES — call to verify,CMS NPPES via Affine
1932380193,Mr. Robert Sisson Busch,Other care,Optician,"1726 E SOUTHERN AVE, SUITE 6",Tempe,AZ,85282,4808393711,2007-11-16,Not stated in NPPES — call to verify,CMS NPPES via Affine
1528103769,Mr. Robert Stephen Burkhart,Behavioral health,,,Tempe,AZ,85284,4807832885,2007-07-08,Not stated in NPPES — call to verify,CMS NPPES via Affine
1043428477,"Mr. Robert Thomas Oyster, Rph",Pharmacy,,"51 W 3RD ST, SUITE 501",Tempe,AZ,85281,4803176780,2007-07-08,Not stated in NPPES — call to verify,CMS NPPES via Affine
1487954095,Mr. Robert William Foote,Pharmacy,,,Tempe,AZ,85284,4807551944,2010-10-28,Not stated in NPPES — call to verify,CMS NPPES via Affine
1992281240,Mr. Ruben David Mercado Jr.,Behavioral health,,,Tempe,AZ,85281,4808630763,2024-12-23,Not stated in NPPES — call to verify,CMS NPPES via Affine
1720016504,"Mr. Samuel T Armstrong, C.C.P.",Other care,,"5801 S MCCLINTOCK DR, 110",Tempe,AZ,85283,4807770900,2009-08-18,Not stated in NPPES — call to verify,CMS NPPES via Affine
1437825577,"Mr. Scott D. Mccracken, Ms",Behavioral health,Mental Health,,Tempe,AZ,85288,0247106706,2026-03-18,Not stated in NPPES — call to verify,CMS NPPES via Affine
1487815031,"Mr. Scott Smith, Msw",Behavioral health,,"700 W UNIVERSITY DR, #139",Tempe,AZ,85281,6028827146,2008-06-17,Not stated in NPPES — call to verify,CMS NPPES via Affine
1245423649,"Mr. Scott Stanhibel, Atc",Other care,Athletic Trainer,"1025 E BROADWAY RD, STE 100",Tempe,AZ,85282,4808290217,2007-08-20,Not stated in NPPES — call to verify,CMS NPPES via Affine
1447295118,"Mr. Sean C Blumhoff, C.C.P.",Other care,,"5801 S MCCLINTOCK DR, 110",Tempe,AZ,85283,4807770900,2009-08-18,Not stated in NPPES — call to verify,CMS NPPES via Affine
1396854451,"Mr. Shawn David Young, Dmd",Dental,,"1840 E BASELINE RD, STE C-7",Tempe,AZ,85283,4804565457,2007-07-08,Not stated in NPPES — call to verify,CMS NPPES via Affine
1588397434,"Mr. Shawn Patrick Gallo, Lisac, Cadac",Behavioral health,Addiction (Substance Use Disorder),,Tempe,AZ,85282,6029325796,2022-08-05,Not stated in NPPES — call to verify,CMS NPPES via Affine
1255228292,"Mr. Spencer Pearce, Lmsw",Behavioral health,,,Tempe,AZ,85282,4808040326,2025-06-26,Not stated in NPPES — call to verify,CMS NPPES via Affine
1144816885,"Mr. Stephen James Marshall, Lcsw",Behavioral health,Clinical,,Tempe,AZ,85282,4808040326,2024-09-10,Not stated in NPPES — call to verify,CMS NPPES via Affine
1851466346,Mr. Steven Werner,Other care,"Respite Care, Mental Illness, Child",,Tempe,AZ,85283,4808200566,2007-07-08,Not stated in NPPES — call to verify,CMS NPPES via Affine
1487783668,"Mr. Stewart Michael Lyon, Dc",Other care,,,Tempe,AZ,85284,4808290000,2025-09-11,Not stated in NPPES — call to verify,CMS NPPES via Affine
1912554817,"Mr. Taylor Piontek, Np-C",Clinic / primary care,Family,,Tempe,AZ,85281,4804104128,2026-07-24,Not stated in NPPES — call to verify,CMS NPPES via Affine
1033183009,"Mr. Thomas Jeremy Reed, Atc",Other care,Athletic Trainer,,Tempe,AZ,85284,6023791715,2013-03-27,Not stated in NPPES — call to verify,CMS NPPES via Affine
1689144305,"Mr. Timohty Michael Mcalee Ii, Mt-Bc",Other care,,,Tempe,AZ,85281,4809651082,2018-11-26,Not stated in NPPES — call to verify,CMS NPPES via Affine
1013022177,"Mr. Timothy B. Diesfeld, Ccp",Other care,,"5801 S MCCLINTOCK DR, #110",Tempe,AZ,85283,4807770900,2009-08-18,Not stated in NPPES — call to verify,CMS NPPES via Affine
1730793282,"Mr. Tyler Michael Kees I, Ms, Lac",Behavioral health,Mental Health,,Tempe,AZ,85283,4809992590,2020-09-02,Not stated in NPPES — call to verify,CMS NPPES via Affine
1235551698,"Mr. Victor Belcastro, Pharm D.",Pharmacy,,,Tempe,AZ,85282,4809662791,2014-01-20,Not stated in NPPES — call to verify,CMS NPPES via Affine
1972215374,Mr. Wesley Young Jr.,Other care,Personal Care Attendant,,Tempe,AZ,85284,4809990293,2023-04-24,Not stated in NPPES — call to verify,CMS NPPES via Affine
1740420751,"Mr. William A Gorback, M.S.",Behavioral health,,,Tempe,AZ,85284,4807834191,2009-03-03,Not stated in NPPES — call to verify,CMS NPPES via Affine
1962607036,"Mr. William A Herod Jr., Ccp",Other care,,,Tempe,AZ,85283,4807770900,2009-08-18,Not stated in NPPES — call to verify,CMS NPPES via Affine
1508570946,"Mr. William Hunter Santos, Lac",Behavioral health,Professional,,Tempe,AZ,85282,4805250058,2023-01-10,Not stated in NPPES — call to verify,CMS NPPES via Affine
1982698098,"Mr. William Lowell Bradley, M.S.W.",Behavioral health,,"2101 E BROADWAY RD, #25",Tempe,AZ,85282,4809213711,2025-09-11,Not stated in NPPES — call to verify,CMS NPPES via Affine
1003113143,"Mr. William Saunders, L.P.C.",Behavioral health,Professional,"2435 E SOUTHERN AVE, SUITE 2",Tempe,AZ,85282,4802412455,2011-02-25,Not stated in NPPES — call to verify,CMS NPPES via Affine
1780984849,"Mr. Yaagoub Eisa Salih Ii, Y.S",Other care,,,Tempe,AZ,85282,4802558817,2010-10-22,Not stated in NPPES — call to verify,CMS NPPES via Affine
1871324921,"Mr. Zachary Robert Lottes, Atc",Other care,Athletic Trainer,,Tempe,AZ,85288,4809654854,2024-08-12,Not stated in NPPES — call to verify,CMS NPPES via Affine
1144423294,"Mr. Zachary Whaley, Lpc, Lisac",Behavioral health,Addiction (Substance Use Disorder),,Tempe,AZ,85284,4808550075,2025-09-11,Not stated in NPPES — call to verify,CMS NPPES via Affine
1881770212,"Mrs. Alexandra Gregory, M.A.",Behavioral health,Addiction (Substance Use Disorder),"1232 E BROADWAY RD, 120",Tempe,AZ,85282,4807841514,2007-07-08,Not stated in NPPES — call to verify,CMS NPPES via Affine
1649283532,"Mrs. Alicia Janette Kostov, Lcsw",Behavioral health,Clinical,"2120 S MCCLINTOCK DR, SUITE 105",Tempe,AZ,85282,4808040326,2017-04-23,Not stated in NPPES — call to verify,CMS NPPES via Affine
1477612448,"Mrs. Alison Smith Beauer, Pt",Other care,,,Tempe,AZ,85283,4808976233,2007-07-08,Not stated in NPPES — call to verify,CMS NPPES via Affine
1942189691,Mrs. Amanda Berg Kershaw,Other care,,,Tempe,AZ,85283,4807778466,2025-08-28,Not stated in NPPES — call to verify,CMS NPPES via Affine
1780001214,Mrs. Amanda Kubany,Other care,Speech-Language Assistant,,Tempe,AZ,85282,4807207100,2014-03-21,Not stated in NPPES — call to verify,CMS NPPES via Affine
1598392698,"Mrs. Amanda M Loomis, Lcsw",Behavioral health,Clinical,,Tempe,AZ,85282,4808040326,2020-03-26,Not stated in NPPES — call to verify,CMS NPPES via Affine
1912720343,"Mrs. Amanda Rosenberg, Rn",Other care,General Practice,,Tempe,AZ,85282,6022830080,2024-11-04,Not stated in NPPES — call to verify,CMS NPPES via Affine
1215874797,"Mrs. Amber Dance, Lac",Behavioral health,Mental Health,,Tempe,AZ,85282,4804282944,2026-05-01,Not stated in NPPES — call to verify,CMS NPPES via Affine
1003970195,"Mrs. Ann Pinkwasser, Physical Therapist",Other care,,,Tempe,AZ,85283,4808393309,2007-07-08,Not stated in NPPES — call to verify,CMS NPPES via Affine
1245487883,"Mrs. Annie Louise Lattuca, M.A. Ncsp",Behavioral health,School,,Tempe,AZ,85282,4807307100,2008-08-26,Not stated in NPPES — call to verify,CMS NPPES via Affine
1841837861,"Mrs. Arricka Cox, Lmt, Pss",Other care,,"2055 E SOUNTHERN AVE, SUITE F",Tempe,AZ,85282,4807704606,2024-03-26,Not stated in NPPES — call to verify,CMS NPPES via Affine
1134673395,"Mrs. Ashley Marie Phelps, R.N.",Other care,Home Health,,Tempe,AZ,85284,4805411150,2016-08-04,Not stated in NPPES — call to verify,CMS NPPES via Affine
1316533169,"Mrs. Audrey Janet Schiete, Rn",Other care,School,,Tempe,AZ,85284,4805411000,2020-12-16,Not stated in NPPES — call to verify,CMS NPPES via Affine
1922389881,"Mrs. Beena A Patel, Rph",Pharmacy,,,Tempe,AZ,85283,4808204478,2011-09-06,Not stated in NPPES — call to verify,CMS NPPES via Affine
1083820211,"Mrs. Beth Ann Babcock, Lpc",Behavioral health,Professional,"2120 S MCCLINTOCK DR, SUITE 105",Tempe,AZ,85282,4808040326,2026-06-18,Not stated in NPPES — call to verify,CMS NPPES via Affine
1215932371,"Mrs. Betty Irene Novack, Pharm. D.",Pharmacy,,,Tempe,AZ,85281,4809653338,2026-07-13,Not stated in NPPES — call to verify,CMS NPPES via Affine
1942412176,"Mrs. Bonnie C Cathcart, Pharmd",Pharmacy,,"51 W 3RD ST, SUITE 501",Tempe,AZ,85281,4803176780,2007-07-22,Not stated in NPPES — call to verify,CMS NPPES via Affine
1801088463,"Mrs. Brenda Castellanos, Pharmd",Pharmacy,,,Tempe,AZ,85281,4806287903,2007-08-16,Not stated in NPPES — call to verify,CMS NPPES via Affine
1538271374,"Mrs. Bridget Nester Petrillo, Crna",Other care,,,Tempe,AZ,85281,4807845500,2026-04-29,Not stated in NPPES — call to verify,CMS NPPES via Affine
1689005829,"Mrs. Cailin Mccollough Ockert, M.S, Bcba",Behavioral health,,,Tempe,AZ,85283,6029267200,2013-12-12,Not stated in NPPES — call to verify,CMS NPPES via Affine
1306084447,"Mrs. Camera Ann Lumumba, Fnp",Clinic / primary care,Family,,Tempe,AZ,85282,4803045467,2025-05-08,Not stated in NPPES — call to verify,CMS NPPES via Affine
1114139144,"Mrs. Carin Conlin Caldwell, Lmsw",Behavioral health,,"2120 S MCCLINTOCK DR, STE. 105",Tempe,AZ,85282,4808040326,2015-07-28,Not stated in NPPES — call to verify,CMS NPPES via Affine
1376635581,"Mrs. Carissa Dawn Briddle, Pa-C",Clinic / primary care,Medical,,Tempe,AZ,85283,6027776000,2024-02-07,Not stated in NPPES — call to verify,CMS NPPES via Affine
1750576872,"Mrs. Carmela Helapitage, Mt",Other care,,,Tempe,AZ,85283,4807772864,2007-09-11,Not stated in NPPES — call to verify,CMS NPPES via Affine
1043860364,"Mrs. Carol Ann Durham, Rn, Bsn",Other care,Community Health,,Tempe,AZ,85282,5202337111,2019-09-18,Not stated in NPPES — call to verify,CMS NPPES via Affine
1629291794,"Mrs. Carole Pomilio, Ms",Other care,,,Tempe,AZ,85284,4807834020,2007-07-09,Not stated in NPPES — call to verify,CMS NPPES via Affine
1992107015,"Mrs. Caroline Olotu, Fnp",Behavioral health,Psychiatric/Mental Health,,Tempe,AZ,85282,4805729759,2022-03-29,Not stated in NPPES — call to verify,CMS NPPES via Affine
1134465008,"Mrs. Carrie Marie Mattie, Np",Clinic / primary care,Family,,Tempe,AZ,85284,4808555886,2014-12-10,Not stated in NPPES — call to verify,CMS NPPES via Affine
1649424938,"Mrs. Catherine M King, Ed.S.",Other care,,,Tempe,AZ,85284,4807833400,2022-07-21,Not stated in NPPES — call to verify,CMS NPPES via Affine
1063077469,"Mrs. Cecilia Ruzena Roldan Person, Fnp",Clinic / primary care,Family,,Tempe,AZ,85281,6154658684,2025-06-04,Not stated in NPPES — call to verify,CMS NPPES via Affine
1710188768,"Mrs. Charleen J. Thomas, R.N., B.S.N.",Other care,,,Tempe,AZ,85282,4808972955,2007-07-08,Not stated in NPPES — call to verify,CMS NPPES via Affine
1689731804,"Mrs. Cheryl Kay Beard, M.A.",Behavioral health,Mental Health,,Tempe,AZ,85283,4807557922,2007-07-08,Not stated in NPPES — call to verify,CMS NPPES via Affine
1093364622,Mrs. Christiana Archibong,Behavioral health,Psychiatric/Mental Health,,Tempe,AZ,85288,7025894871,2026-09-11,Not stated in NPPES — call to verify,CMS NPPES via Affine
1962058487,"Mrs. Christina Dudo, Lmft, Rpt, Imh-E",Behavioral health,,,Tempe,AZ,85283,4806304340,2022-07-15,Not stated in NPPES — call to verify,CMS NPPES via Affine
1548707839,"Mrs. Christina Kennedy, Ma, Lamft",Behavioral health,,,Tempe,AZ,85282,6237779696,2022-07-20,Not stated in NPPES — call to verify,CMS NPPES via Affine
1265654206,"Mrs. Christina Louise Barnes, Np",Behavioral health,Psychiatric/Mental Health,,Tempe,AZ,85283,4805315973,2020-02-23,Not stated in NPPES — call to verify,CMS NPPES via Affine
1730219932,"Mrs. Christine D Casanova, Ccc-Slp",Other care,,,Tempe,AZ,85284,4807834164,2007-07-08,Not stated in NPPES — call to verify,CMS NPPES via Affine
1598000945,"Mrs. Christine Davis, Rn",Other care,,,Tempe,AZ,85282,4807528670,2012-12-11,Not stated in NPPES — call to verify,CMS NPPES via Affine
1841330628,"Mrs. Christine Marion Owen Carron, Rn",Other care,,,Tempe,AZ,85282,4808972744,2007-07-08,Not stated in NPPES — call to verify,CMS NPPES via Affine
1952636458,"Mrs. Ciara Nicole Jones-Wright, Rn",Other care,,,Tempe,AZ,85282,5202337111,2020-06-08,Not stated in NPPES — call to verify,CMS NPPES via Affine
1447477203,"Mrs. Cindy Lee Dye, Pharmd",Pharmacy,,"51 W 3RD ST, SUITE 501",Tempe,AZ,85281,4803176780,2007-07-08,Not stated in NPPES — call to verify,CMS NPPES via Affine
1821211095,"Mrs. Colleen Mary Kelly-Peck, M.C.",Behavioral health,Mental Health,"2111 E BASELINE RD, SUITE A-4",Tempe,AZ,85283,4807757400,2007-07-08,Not stated in NPPES — call to verify,CMS NPPES via Affine
1710853429,Mrs. Crystal Amber Ashinhurst,Behavioral health,Mental Health,,Tempe,AZ,85282,6028342017,2025-10-11,Not stated in NPPES — call to verify,CMS NPPES via Affine
1659595213,"Mrs. Cynthia Kay Dappen, Rn",Other care,School,"HOLDEMAN ELEMENTARY SCHOOL, 1326 W. 18TH ST.",Tempe,AZ,85281,4809669934,2007-07-09,Not stated in NPPES — call to verify,CMS NPPES via Affine
1649325010,"Mrs. Cynthia L Hammer, Rn Bsn",Other care,,"1330 EAST CARSON DR, ARREDONDO ELEMENTARY SCHOOL",Tempe,AZ,85282,4808972744,2007-07-08,Not stated in NPPES — call to verify,CMS NPPES via Affine
1528713427,"Mrs. Daina C Sinica, Pta",Other care,,,Tempe,AZ,85284,4803744343,2022-02-18,Not stated in NPPES — call to verify,CMS NPPES via Affine
1053695437,"Mrs. Dana Roberts Cohen, Pa-C",Clinic / primary care,Medical,,Tempe,AZ,85282,4807181280,2014-02-04,Not stated in NPPES — call to verify,CMS NPPES via Affine
1619521960,"Mrs. Danielle Labrie Lowe, Ccc-Slp",Other care,,,Tempe,AZ,85284,6028282619,2023-11-27,Not stated in NPPES — call to verify,CMS NPPES via Affine
1174257166,"Mrs. Danielle Rahz Saeed, Pt, Dpt",Other care,,,Tempe,AZ,85282,8015583876,2022-07-14,Not stated in NPPES — call to verify,CMS NPPES via Affine
1487730982,"Mrs. Danise Kathleen Leveille, Lpc",Behavioral health,Professional,,Tempe,AZ,85282,4807841514,2007-07-08,Not stated in NPPES — call to verify,CMS NPPES via Affine
1851715742,"Mrs. Deborah Jalaghi, Rn",Other care,School,,Tempe,AZ,85285,4807307263,2014-02-12,Not stated in NPPES — call to verify,CMS NPPES via Affine
1194967612,"Mrs. Deborah Jeongweon Cheng, L.C.S.W.",Behavioral health,Clinical,"2120 S. MCCLINTOCK DR, SUITE 105",Tempe,AZ,85282,4804561169,2013-09-09,Not stated in NPPES — call to verify,CMS NPPES via Affine
1164557823,"Mrs. Deborah Kristofferson, M.C.D., Ccc-Slp",Other care,,,Tempe,AZ,85284,4807831931,2007-07-08,Not stated in NPPES — call to verify,CMS NPPES via Affine
1164511077,"Mrs. Debra K Briggs, Rdh",Dental,,,Tempe,AZ,85283,4808315200,2007-07-08,Not stated in NPPES — call to verify,CMS NPPES via Affine
1174992580,"Mrs. Debra Lynn Bartine, Fnp",Clinic / primary care,Family,,Tempe,AZ,85284,4807836257,2015-09-16,Not stated in NPPES — call to verify,CMS NPPES via Affine
1134218340,"Mrs. Debra Lynn Macdonald, R.N.",Other care,School,,Tempe,AZ,85281,4809667114,2007-07-08,Not stated in NPPES — call to verify,CMS NPPES via Affine
1407176258,"Mrs. Deidre Leigh Fiore, M.A.",Other care,,,Tempe,AZ,85282,4808316159,2011-10-19,Not stated in NPPES — call to verify,CMS NPPES via Affine
1669204491,"Mrs. Delila Isabel Hennek, Lmsw",Behavioral health,,,Tempe,AZ,85282,4808040326,2024-08-19,Not stated in NPPES — call to verify,CMS NPPES via Affine
1447326483,"Mrs. Denise Marie Allen, Rn",Other care,,,Tempe,AZ,85283,4808976063,2007-07-08,Not stated in NPPES — call to verify,CMS NPPES via Affine
1023295706,"Mrs. Diana Lynn Whitley-Janowski, Slp",Other care,,,Tempe,AZ,85281,6026208119,2008-01-29,Not stated in NPPES — call to verify,CMS NPPES via Affine
1629311642,"Mrs. Dina Melanie Breaux, Mt-Bc",Other care,,,Tempe,AZ,85283,4803324680,2013-03-27,Not stated in NPPES — call to verify,CMS NPPES via Affine
1184746687,"Mrs. Dorothy S. Hernandez, M.Ed.",Behavioral health,School,,Tempe,AZ,85283,4808380711,2007-07-25,Not stated in NPPES — call to verify,CMS NPPES via Affine
1033429741,"Mrs. Elena Castillo Boushley, Slpa",Other care,Speech-Language Assistant,"1500 E. BROADWAY RD, 1095",Tempe,AZ,85282,4807661743,2010-10-15,Not stated in NPPES — call to verify,CMS NPPES via Affine
1871075705,"Mrs. Elizabeth Joyce Houchens, Fnp",Clinic / primary care,Family,,Tempe,AZ,85282,4805570970,2025-07-04,Not stated in NPPES — call to verify,CMS NPPES via Affine
1538537394,"Mrs. Elizabeth Marcotte, Rn",Other care,,,Tempe,AZ,85282,4807528670,2015-09-10,Not stated in NPPES — call to verify,CMS NPPES via Affine
1427113596,"Mrs. Elizabeth Sarah Dinerman, Ma, Lac",Behavioral health,Mental Health,"1232 E BROADWAY RD, SUITE 120",Tempe,AZ,85282,4807841514,2007-07-08,Not stated in NPPES — call to verify,CMS NPPES via Affine
1609635390,"Mrs. Eloisa Margarita Scanlan, Msn,Pmhnp-Bc",Behavioral health,Psychiatric/Mental Health,,Tempe,AZ,85283,6232678489,2025-09-24,Not stated in NPPES — call to verify,CMS NPPES via Affine
1447616107,Mrs. Erica Cowley,Other care,,,Tempe,AZ,85282,4805210769,2024-03-05,Not stated in NPPES — call to verify,CMS NPPES via Affine
1770860538,"Mrs. Erlinda Aurora Pastor, Rn",Other care,School,,Tempe,AZ,85283,4802573904,2011-11-08,Not stated in NPPES — call to verify,CMS NPPES via Affine
1013275999,"Mrs. Eva Yihui Wang, Fnp",Clinic / primary care,Family,,Tempe,AZ,85281,4809653349,2019-01-03,Not stated in NPPES — call to verify,CMS NPPES via Affine
1578706248,"Mrs. Genevieve H Groff, Pa",Clinic / primary care,,"5030 S MILL AVE, SUITE D12",Tempe,AZ,85282,4808942823,2018-03-15,Not stated in NPPES — call to verify,CMS NPPES via Affine
1427675750,"Mrs. Gidette Michelene Obila, Rdn",Other care,,,Tempe,AZ,85282,4809676360,2023-02-03,Not stated in NPPES — call to verify,CMS NPPES via Affine
1073643003,"Mrs. Gina Robinson, M.A., Ccc-Slp",Other care,,,Tempe,AZ,85284,4807831700,2007-07-08,Not stated in NPPES — call to verify,CMS NPPES via Affine
1588732945,"Mrs. Gloria Gilman Stagner, Dental Hygienist",Dental,,,Tempe,AZ,85283,4808315200,2007-07-08,Not stated in NPPES — call to verify,CMS NPPES via Affine
1184805194,"Mrs. Gloria Jean Whelchel, Ma, Ncc, Lpc",Behavioral health,Professional,"1232 E BROADWAY RD, SUITE 120",Tempe,AZ,85282,6026856000,2016-12-15,Not stated in NPPES — call to verify,CMS NPPES via Affine
1306899653,"Mrs. Gwendolyn Llanas Astudillo-Tee, Fnp, Rn",Clinic / primary care,Family,"6301 S MCCLINTOCK DR, SUITE 201",Tempe,AZ,85283,4808383100,2007-10-11,Not stated in NPPES — call to verify,CMS NPPES via Affine
1871286419,"Mrs. Haley Nicole Williams, Lpc",Behavioral health,Professional,,Tempe,AZ,85282,4808040326,2023-05-30,Not stated in NPPES — call to verify,CMS NPPES via Affine
1932444304,"Mrs. Heather Marie Hodnett Igbinovia, Anp-Bc, Gnp-Bc",Clinic / primary care,,,Tempe,AZ,85281,6236248280,2023-05-04,Not stated in NPPES — call to verify,CMS NPPES via Affine
1275712259,"Mrs. Heather Marie Turnage, Lpc",Behavioral health,Mental Health,,Tempe,AZ,85282,4807841514,2007-10-26,Not stated in NPPES — call to verify,CMS NPPES via Affine
1780130211,"Mrs. Heidi Annest, Rn",Other care,School,,Tempe,AZ,85281,4808945574,2016-08-25,Not stated in NPPES — call to verify,CMS NPPES via Affine
1740353648,"Mrs. Heidi Doune Jannenga, Pt, Atc",Other care,Orthopedic,"1025 E BROADWAY RD, STE. 100",Tempe,AZ,85282,4808290217,2009-06-04,Not stated in NPPES — call to verify,CMS NPPES via Affine
1467118174,"Mrs. Irene Johnston, Lcsw",Behavioral health,Clinical,,Tempe,AZ,85282,8552847483,2021-11-17,Not stated in NPPES — call to verify,CMS NPPES via Affine
1457566531,"Mrs. Jane Alberta Joynt, Registered Nurse",Other care,School,,Tempe,AZ,85283,4808386217,2007-07-08,Not stated in NPPES — call to verify,CMS NPPES via Affine
1598227340,"Mrs. Jane Ramenofsky Ramenofsky Stewart, R.N M.S.N. C.C.M.",Other care,Community Health,,Tempe,AZ,85282,5202337111,2019-04-02,Not stated in NPPES — call to verify,CMS NPPES via Affine
1598305112,"Mrs. Janelle Elizabeth Hettick, Lmsw",Behavioral health,Mental Health,,Tempe,AZ,85281,2675720242,2020-01-11,Not stated in NPPES — call to verify,CMS NPPES via Affine
1396160354,Mrs. Janine Dukuze,Clinic / primary care,,,Tempe,AZ,85282,6822009629,2026-02-24,Not stated in NPPES — call to verify,CMS NPPES via Affine
1801952858,"Mrs. Jeaneen Diana Duensing, Ms Ccc Slp",Other care,,,Tempe,AZ,85283,4808976233,2007-07-08,Not stated in NPPES — call to verify,CMS NPPES via Affine
1386180560,"Mrs. Jenna Bernal, Cpnp-Pc",Clinic / primary care,Pediatrics,,Tempe,AZ,85284,4808275640,2018-05-24,Not stated in NPPES — call to verify,CMS NPPES via Affine
1376737692,"Mrs. Jenna Michele Meeks, M.S., Ccc-Slp",Other care,,,Tempe,AZ,85283,4808976233,2007-08-29,Not stated in NPPES — call to verify,CMS NPPES via Affine
1437844750,"Mrs. Jennifer Alma Mendoza, Certified Np",Clinic / primary care,,,Tempe,AZ,85283,6023230904,2023-04-11,Not stated in NPPES — call to verify,CMS NPPES via Affine
1336942663,Mrs. Jennifer Horton,Behavioral health,,,Tempe,AZ,85283,6022919375,2025-03-31,Not stated in NPPES — call to verify,CMS NPPES via Affine
1952521452,"Mrs. Jennifer Lee Doyle, Lpn",Other care,,,Tempe,AZ,85282,4808394222,2007-07-08,Not stated in NPPES — call to verify,CMS NPPES via Affine
1134392285,"Mrs. Jennifer Marie Curran, Mc, Lpc",Behavioral health,Mental Health,"1701 S MILL AVE, STE.103",Tempe,AZ,85281,4802759277,2013-04-10,Not stated in NPPES — call to verify,CMS NPPES via Affine
1295086361,"Mrs. Jennifer Martin, Lcsw",Behavioral health,Clinical,,Tempe,AZ,85282,6026380737,2020-10-05,Not stated in NPPES — call to verify,CMS NPPES via Affine
1265658561,"Mrs. Jenny Lou Boles, Nurse Practitioner",Clinic / primary care,Women''s Health,,Tempe,AZ,85282,4809695613,2007-07-09,Not stated in NPPES — call to verify,CMS NPPES via Affine
1578993671,"Mrs. Jessica Henry, Pa-C",Clinic / primary care,,,Tempe,AZ,85288,4809248385,2024-11-06,Not stated in NPPES — call to verify,CMS NPPES via Affine
1962075150,"Mrs. Jessica Leigh Hardman, Lmft",Behavioral health,,"4535 S LAKESHORE DR, STE 5",Tempe,AZ,85282,7147495611,2024-08-09,Not stated in NPPES — call to verify,CMS NPPES via Affine
1891973764,Mrs. Jill Merrie Weaver,Other care,,,Tempe,AZ,85284,4807832600,2008-02-03,Not stated in NPPES — call to verify,CMS NPPES via Affine
1437317401,"Mrs. Joanne E. Stott, Lpc",Behavioral health,Professional,"1232 E BROADWAY RD, SUITE 120",Tempe,AZ,85282,6026856000,2016-12-20,Not stated in NPPES — call to verify,CMS NPPES via Affine
1154517027,"Mrs. Jodi Cook Jones, Np",Clinic / primary care,,,Tempe,AZ,85283,4808209000,2016-11-10,Not stated in NPPES — call to verify,CMS NPPES via Affine
1447473434,"Mrs. Judith Ann Amadee, M.S., Ccc-Slp",Other care,,,Tempe,AZ,85284,4807832876,2007-07-08,Not stated in NPPES — call to verify,CMS NPPES via Affine
1871216028,"Mrs. Judith Joelle Kim, Lpc",Behavioral health,,,Tempe,AZ,85282,4809236200,2026-05-07,Not stated in NPPES — call to verify,CMS NPPES via Affine
1811022478,"Mrs. Julene M Corrington, Slp",Other care,,,Tempe,AZ,85284,4807832468,2007-07-08,Not stated in NPPES — call to verify,CMS NPPES via Affine
1275798464,"Mrs. Julie Marie Desoe, Aprn",Clinic / primary care,Family,,Tempe,AZ,85283,4803455191,2012-10-16,Not stated in NPPES — call to verify,CMS NPPES via Affine
1588782965,Mrs. Karen Casciani,Other care,,,Tempe,AZ,85284,4807832100,2007-07-08,Not stated in NPPES — call to verify,CMS NPPES via Affine
1972133304,Mrs. Karen Melissa Torres,Other care,Speech-Language Assistant,,Tempe,AZ,85282,4807307100,2020-01-24,Not stated in NPPES — call to verify,CMS NPPES via Affine
1104076637,"Mrs. Kari A Miller, Pmhnp",Behavioral health,Psychiatric/Mental Health,"2120 S MCCLINTOCK DR, SUITE 105",Tempe,AZ,85282,4808040326,2017-04-23,Not stated in NPPES — call to verify,CMS NPPES via Affine
1487775284,"Mrs. Karyn Maxwell Demartelaere, Ncc",Behavioral health,School,,Tempe,AZ,85282,4808398489,2007-07-08,Not stated in NPPES — call to verify,CMS NPPES via Affine
1326108440,"Mrs. Kathaerine Marie Payne, M.C.D.",Other care,,,Tempe,AZ,85282,4807307100,2007-07-08,Not stated in NPPES — call to verify,CMS NPPES via Affine
1841377488,"Mrs. Katherine Marie Dickinson, Rnfa",Other care,Registered Nurse First Assistant,"7650 S MCCLINTOCK DR, SUITE 103 PMB 291",Tempe,AZ,85284,6026927121,2007-07-08,Not stated in NPPES — call to verify,CMS NPPES via Affine
1508087156,"Mrs. Katherine Nora Wright, Speech Language Path",Other care,,,Tempe,AZ,85282,4809666415,2007-07-08,Not stated in NPPES — call to verify,CMS NPPES via Affine
1972899201,"Mrs. Katie J Mcwhirter, Ms, Rd",Other care,,,Tempe,AZ,85282,4808391288,2011-06-24,Not stated in NPPES — call to verify,CMS NPPES via Affine
1134279383,"Mrs. Kay F Busch, Msw",Behavioral health,Clinical,,Tempe,AZ,85283,4808381507,2007-07-08,Not stated in NPPES — call to verify,CMS NPPES via Affine
1639219793,"Mrs. Kelli Ann Dupps, Otr L",Other care,,,Tempe,AZ,85281,4804598327,2007-07-09,Not stated in NPPES — call to verify,CMS NPPES via Affine
1023178191,"Mrs. Kelly Ingram, Slp",Other care,,"ARIZONA STATE UNIVERSITY SPEECH AND HEARING, 975 S. MYRTLE LATTIE COOR HALL 2324",Tempe,AZ,85287,4809655830,2007-07-08,Not stated in NPPES — call to verify,CMS NPPES via Affine
1902372386,"Mrs. Kim Courtney Kriesel, Lac",Behavioral health,Mental Health,,Tempe,AZ,85282,8554837727,2018-10-23,Not stated in NPPES — call to verify,CMS NPPES via Affine
1508540642,"Mrs. Kim Nguyen, Fnp-Bc",Clinic / primary care,,,Tempe,AZ,85282,4802140621,2024-06-14,Not stated in NPPES — call to verify,CMS NPPES via Affine
1184823296,Mrs. Kimberly Kay Romen,Behavioral health,Clinical,"1801 S JENTILLY LN STE A18, SUITE A-18",Tempe,AZ,85281,4802770049,2007-07-17,Not stated in NPPES — call to verify,CMS NPPES via Affine
1558798371,"Mrs. Kimberly Munneke, Np-Bc",Clinic / primary care,Family,,Tempe,AZ,85283,6022546640,2024-01-31,Not stated in NPPES — call to verify,CMS NPPES via Affine
1407048234,Mrs. Korie Sue Dale,Behavioral health,School,,Tempe,AZ,85282,4809219003,2007-08-15,Not stated in NPPES — call to verify,CMS NPPES via Affine
1679690861,"Mrs. Kristi Kim Scofield, Ms, Ccc-Slp",Other care,,,Tempe,AZ,85283,6028343999,2024-11-05,Not stated in NPPES — call to verify,CMS NPPES via Affine
1851427157,"Mrs. Kristin E. Grover, M.A, Ccc-Slp",Other care,,,Tempe,AZ,85284,4807834000,2007-07-08,Not stated in NPPES — call to verify,CMS NPPES via Affine
1033398714,"Mrs. Kristin Marie Parmley, Pt",Other care,,"1025 E BROADWAY RD, #101",Tempe,AZ,85282,4808290217,2025-02-18,Not stated in NPPES — call to verify,CMS NPPES via Affine
1447732045,"Mrs. Kristin Sue Lovato, Lpc",Behavioral health,Professional,,Tempe,AZ,85283,6233774226,2021-09-22,Not stated in NPPES — call to verify,CMS NPPES via Affine
1225531650,"Mrs. Kristina Chow, Rn",Other care,School,,Tempe,AZ,85281,4809669934,2018-03-12,Not stated in NPPES — call to verify,CMS NPPES via Affine
1962109124,"Mrs. Kylie Aaron, Rdn, Ibclc",Other care,,,Tempe,AZ,85282,4804152084,2023-02-08,Not stated in NPPES — call to verify,CMS NPPES via Affine
1881839488,"Mrs. Laura Marie Montgomery, M.S., Ccc-Slp",Other care,,,Tempe,AZ,85283,6028260258,2022-07-21,Not stated in NPPES — call to verify,CMS NPPES via Affine
1659761641,"Mrs. Lauren Brogan, M.S., Ccc-Slp",Other care,,,Tempe,AZ,85284,4803744341,2021-01-27,Not stated in NPPES — call to verify,CMS NPPES via Affine
1912207291,"Mrs. Lauren Michelle Trader, M.S. Ccc-Slp",Other care,,,Tempe,AZ,85284,4803744341,2026-01-20,Not stated in NPPES — call to verify,CMS NPPES via Affine
1831980838,Mrs. Lazarica Verlean Ashley,Behavioral health,Mental Health,,Tempe,AZ,85283,4802221337,2025-07-01,Not stated in NPPES — call to verify,CMS NPPES via Affine
1801252770,"Mrs. Lelani Marie Morales, L.P.N",Other care,,,Tempe,AZ,85284,4805411372,2016-01-07,Not stated in NPPES — call to verify,CMS NPPES via Affine
1629226170,"Mrs. Liaini Quichocho-Chappell, Rn",Other care,Obstetrics,,Tempe,AZ,85282,4803700940,2025-08-28,Not stated in NPPES — call to verify,CMS NPPES via Affine
1972676823,"Mrs. Linda Jane Amado, Pta",Other care,,"1025 E BROADWAY RD, STE. 100",Tempe,AZ,85282,4808290217,2007-07-08,Not stated in NPPES — call to verify,CMS NPPES via Affine
1598132946,Mrs. Lindsay Carelse,Other care,Speech-Language Assistant,,Tempe,AZ,85281,7608777563,2015-09-01,Not stated in NPPES — call to verify,CMS NPPES via Affine
1609161967,"Mrs. Lindsey Ann Szczepanski, Whnp",Clinic / primary care,Women''s Health,,Tempe,AZ,85283,4808206657,2023-03-07,Not stated in NPPES — call to verify,CMS NPPES via Affine
1184950040,"Mrs. Lu-Ann Marie Armstrong, Rn",Other care,School,,Tempe,AZ,85282,4807307100,2009-10-28,Not stated in NPPES — call to verify,CMS NPPES via Affine
1043415839,"Mrs. Luna Viva Ananda, Md",Other care,Psychiatry,,Tempe,AZ,85281,4809295100,2021-05-11,Not stated in NPPES — call to verify,CMS NPPES via Affine
1801019005,"Mrs. Lynn Switzer Barlow, M.S.",Behavioral health,School,,Tempe,AZ,85281,4809669934,2007-07-09,Not stated in NPPES — call to verify,CMS NPPES via Affine
1104594670,"Mrs. Mackenzie E Thorsrud, Med, Ncc, Lac",Behavioral health,Mental Health,,Tempe,AZ,85282,5209558507,2021-08-31,Not stated in NPPES — call to verify,CMS NPPES via Affine
1780794271,"Mrs. Mamta Gupta, Mc",Behavioral health,,,Tempe,AZ,85281,4807844644,2025-09-11,Not stated in NPPES — call to verify,CMS NPPES via Affine
1497934822,Mrs. Manal M. Elbasheir,Other care,,,Tempe,AZ,85283,4802328025,2007-11-02,Not stated in NPPES — call to verify,CMS NPPES via Affine
1790380806,Mrs. Marcelina B Werne,Other care,Community Health,,Tempe,AZ,85282,5202337111,2020-12-04,Not stated in NPPES — call to verify,CMS NPPES via Affine
1295949626,"Mrs. Maria A. Mccleskey, Pa-C.",Clinic / primary care,,,Tempe,AZ,85284,6023622983,2018-09-20,Not stated in NPPES — call to verify,CMS NPPES via Affine
1194055319,"Mrs. Maria Carolina Cole, Pharmd",Pharmacy,,,Tempe,AZ,85281,6023968316,2023-04-19,Not stated in NPPES — call to verify,CMS NPPES via Affine
1598821092,"Mrs. Maria Conaci Chase, R.Ph.",Pharmacy,,"7909 S HARDY DR, SUITE 106",Tempe,AZ,85284,8009551171,2007-07-08,Not stated in NPPES — call to verify,CMS NPPES via Affine
1952249518,"Mrs. Maria Donaji Marinero, Lpc",Behavioral health,Professional,,Tempe,AZ,85282,4807181261,2026-07-02,Not stated in NPPES — call to verify,CMS NPPES via Affine
1902080757,"Mrs. Maria E Nasta, Msn/Fnp-C",Clinic / primary care,,,Tempe,AZ,85283,4808971737,2023-10-31,Not stated in NPPES — call to verify,CMS NPPES via Affine
1417562844,"Mrs. Maribeth Kitma Odango, Fnp",Clinic / primary care,Family,,Tempe,AZ,85284,4808827390,2023-04-11,Not stated in NPPES — call to verify,CMS NPPES via Affine
1396056263,"Mrs. Marie Celeste Hemmila, R.Ph.",Pharmacy,,,Tempe,AZ,85284,4807836233,2010-06-25,Not stated in NPPES — call to verify,CMS NPPES via Affine
1710021381,"Mrs. Marion Grace Beatrice Soderberg, R.N.",Other care,School,,Tempe,AZ,85282,4808976228,2007-07-08,Not stated in NPPES — call to verify,CMS NPPES via Affine
1922672344,"Mrs. Marisa Aguirre Olea, Lcsw",Behavioral health,Clinical,,Tempe,AZ,85282,4808040326,2021-11-03,Not stated in NPPES — call to verify,CMS NPPES via Affine
1447915194,"Mrs. Marnie Zang Katularu, Lpc, Ncc, Ms",Behavioral health,Professional,,Tempe,AZ,85283,4802538379,2021-11-07,Not stated in NPPES — call to verify,CMS NPPES via Affine
1538201074,"Mrs. Marykay Keller, Ma Counseling",Behavioral health,School,"2002 E CONCORDA DR, CONNOLLY MIDDLE SCHOOL",Tempe,AZ,85282,4809678933,2007-07-08,Not stated in NPPES — call to verify,CMS NPPES via Affine
1528275039,"Mrs. Maureen A. Siegel, Cota",Other care,,,Tempe,AZ,85284,4804564013,2007-07-08,Not stated in NPPES — call to verify,CMS NPPES via Affine
1619581634,"Mrs. Mayra Vanessa Alvarado, Fnp-C",Clinic / primary care,Family,,Tempe,AZ,85283,4802624195,2020-09-08,Not stated in NPPES — call to verify,CMS NPPES via Affine
1922281153,Mrs. Meaza Ejigu,Behavioral health,Psychiatric/Mental Health,,Tempe,AZ,85282,4803724135,2025-12-12,Not stated in NPPES — call to verify,CMS NPPES via Affine
1780366252,"Mrs. Megan Leigh Chmela, Msn, Fnp-Bc",Clinic / primary care,Family,,Tempe,AZ,85283,6028066146,2025-08-22,Not stated in NPPES — call to verify,CMS NPPES via Affine
1417082496,"Mrs. Melissa Ruth Dardis, R.N.",Other care,,,Tempe,AZ,85284,4807834043,2007-07-08,Not stated in NPPES — call to verify,CMS NPPES via Affine
1932969177,"Mrs. Melody Lynn Martinez, Pmhnp-Bc, Msn-Aprn",Behavioral health,Psychiatric/Mental Health,,Tempe,AZ,85281,6232676601,2024-03-21,Not stated in NPPES — call to verify,CMS NPPES via Affine
1568533586,"Mrs. Michelle Anne Lytle, M.S. Cf-Slp",Other care,,,Tempe,AZ,85283,4808977122,2007-07-08,Not stated in NPPES — call to verify,CMS NPPES via Affine
1528848116,"Mrs. Mirella Lorraine Bernal, Lac",Behavioral health,Mental Health,,Tempe,AZ,85282,4805250058,2023-10-02,Not stated in NPPES — call to verify,CMS NPPES via Affine
1669195913,"Mrs. Monica Jane Lopez, Bsc",Other care,Speech-Language Assistant,,Tempe,AZ,85284,4803744341,2022-09-21,Not stated in NPPES — call to verify,CMS NPPES via Affine
1326261215,"Mrs. Monica Kristin Thoresen, M.S. Ccc-Slp",Other care,,,Tempe,AZ,85284,4807833418,2007-07-08,Not stated in NPPES — call to verify,CMS NPPES via Affine
1649573890,"Mrs. Moriah Jane Hart, M.S. Ccc-Slp",Other care,,,Tempe,AZ,85282,9283007194,2017-10-18,Not stated in NPPES — call to verify,CMS NPPES via Affine
1790830891,Mrs. Munazza Farooqi,Pharmacy,,,Tempe,AZ,85282,4808291857,2009-10-07,Not stated in NPPES — call to verify,CMS NPPES via Affine
1194848002,"Mrs. Nancy Cecile Erdmann, Dnp, Fnp-Bc",Clinic / primary care,,"1968 E BASELINE RD # F101, F-101",Tempe,AZ,85283,4804971298,2015-09-16,Not stated in NPPES — call to verify,CMS NPPES via Affine
1780500306,"Mrs. Nancy Elizabeth Paserk, R.Ph.",Pharmacy,,,Tempe,AZ,85284,8003451036,2026-06-27,Not stated in NPPES — call to verify,CMS NPPES via Affine
1366413957,"Mrs. Nancy J Taylor, Mc Lpc Rpt",Behavioral health,Mental Health,,Tempe,AZ,85282,4808942281,2010-05-27,Not stated in NPPES — call to verify,CMS NPPES via Affine
1912142290,"Mrs. Nancy Jo Alice Sutton-Mcleod, Lcsw",Behavioral health,,,Tempe,AZ,85282,8335104357,2024-10-10,Not stated in NPPES — call to verify,CMS NPPES via Affine
1952622607,"Mrs. Nanette Louise Sherinian, Slpa",Other care,Speech-Language Assistant,,Tempe,AZ,85283,4804917802,2010-06-17,Not stated in NPPES — call to verify,CMS NPPES via Affine
1851416630,"Mrs. Natalie Anne Corsbie, Pmhnp",Behavioral health,Psychiatric/Mental Health,"2120 S MCCLINTOCK DR, SUITE 105",Tempe,AZ,85282,4808040326,2017-04-23,Not stated in NPPES — call to verify,CMS NPPES via Affine
1396828828,"Mrs. Neta Joy Ludwig, Lpc",Behavioral health,School,"1325 E. MALIBU DRIVE, HUDSON ELEMENTARY SCHOOL",Tempe,AZ,85282,4808976608,2025-09-11,Not stated in NPPES — call to verify,CMS NPPES via Affine
1164582854,"Mrs. Nicole Marie Nash, M.S.Ed.",Other care,,,Tempe,AZ,85283,4808977122,2011-02-08,Not stated in NPPES — call to verify,CMS NPPES via Affine
1639783210,"Mrs. Nicole Marie Riley, Fnp",Clinic / primary care,Family,,Tempe,AZ,85282,7026001315,2025-11-10,Not stated in NPPES — call to verify,CMS NPPES via Affine
1750579751,"Mrs. Pamela Sue Obermeyer, Lcsw",Behavioral health,Clinical,"4700 S MILL AVE, SUITE 2",Tempe,AZ,85282,4805586688,2007-10-04,Not stated in NPPES — call to verify,CMS NPPES via Affine
1306947676,"Mrs. Pat Linn Shriner, Rn Bsn",Other care,School,,Tempe,AZ,85284,4807528785,2007-07-08,Not stated in NPPES — call to verify,CMS NPPES via Affine
1447476676,"Mrs. Prudence Beatrice Hodgson, Ccc-Slp",Other care,,,Tempe,AZ,85284,4807306092,2007-07-08,Not stated in NPPES — call to verify,CMS NPPES via Affine
1114708344,"Mrs. Rachael Ashley Rezzonico, Pa-C",Clinic / primary care,,,Tempe,AZ,85288,8337190886,2025-09-19,Not stated in NPPES — call to verify,CMS NPPES via Affine
1043366024,"Mrs. Rachel Ann Jackson Belanger, Otrl",Other care,,,Tempe,AZ,85282,4805184602,2011-09-14,Not stated in NPPES — call to verify,CMS NPPES via Affine
1295065449,"Mrs. Rainey L Weaver, Rph",Pharmacy,,,Tempe,AZ,85284,4808209984,2010-01-11,Not stated in NPPES — call to verify,CMS NPPES via Affine
1700932506,Mrs. Randi Michelle Bagley,Other care,,,Tempe,AZ,85284,4807831140,2007-07-08,Not stated in NPPES — call to verify,CMS NPPES via Affine
1972831055,"Mrs. Rebecca Lyn Nead, Np-C",Clinic / primary care,Family,,Tempe,AZ,85281,4807923123,2012-05-29,Not stated in NPPES — call to verify,CMS NPPES via Affine
1457990913,"Mrs. Renee Marie Rundle, Fnp",Clinic / primary care,,,Tempe,AZ,85281,6236876680,2020-01-24,Not stated in NPPES — call to verify,CMS NPPES via Affine
1740722164,Mrs. Rosefel Biglete Andaya,Other care,,,Tempe,AZ,85283,7733912645,2016-11-16,Not stated in NPPES — call to verify,CMS NPPES via Affine
1821820861,"Mrs. Ryan Karvel, Rn",Other care,,,Tempe,AZ,85283,4807209039,2024-08-27,Not stated in NPPES — call to verify,CMS NPPES via Affine
1437395316,"Mrs. Sabrina Eymer Marmont, Fnp",Clinic / primary care,Family,,Tempe,AZ,85282,6022437277,2019-08-26,Not stated in NPPES — call to verify,CMS NPPES via Affine
1508351826,"Mrs. Sabrina Lynn Kibby, Fnp-C",Clinic / primary care,Family,,Tempe,AZ,85284,6027550800,2023-08-10,Not stated in NPPES — call to verify,CMS NPPES via Affine
1215694773,"Mrs. Samantha Lynne Kragel, Pmhnp-Bc",Behavioral health,Psychiatric/Mental Health,,Tempe,AZ,85282,4807800505,2021-11-19,Not stated in NPPES — call to verify,CMS NPPES via Affine
1225334477,"Mrs. Sandi L Mccauley, Pharmd., Rph",Pharmacy,,,Tempe,AZ,85282,4808944151,2011-02-07,Not stated in NPPES — call to verify,CMS NPPES via Affine
1902864945,"Mrs. Sandra Decuzzi, Lcsw",Behavioral health,Clinical,"2120 S. MCCLINTOCK DR., STE. 105",Tempe,AZ,85282,4808040326,2022-07-21,Not stated in NPPES — call to verify,CMS NPPES via Affine
1033232640,"Mrs. Sandra Dianne Walmsley, M.S., Ccc-Slp",Other care,,"3205 S RURAL RD, SPECIAL NEEDS DEPT.",Tempe,AZ,85282,4807307100,2007-07-08,Not stated in NPPES — call to verify,CMS NPPES via Affine
1265596316,"Mrs. Sandra Jean Windtberg, Pt",Other care,,,Tempe,AZ,85283,4808393309,2007-07-08,Not stated in NPPES — call to verify,CMS NPPES via Affine
1487789822,"Mrs. Sandra Lynn Hill, M.S., Ccc-Slp",Other care,,,Tempe,AZ,85284,4807833132,2007-07-08,Not stated in NPPES — call to verify,CMS NPPES via Affine
1477935773,"Mrs. Sarah Lynn Anzalone, Lcsw",Behavioral health,Clinical,,Tempe,AZ,85282,4802569299,2025-06-02,Not stated in NPPES — call to verify,CMS NPPES via Affine
1417198136,"Mrs. Shannon Lisa Mcgrath, Apn",Clinic / primary care,Women''s Health,,Tempe,AZ,85284,4808312445,2022-07-21,Not stated in NPPES — call to verify,CMS NPPES via Affine
1053442699,"Mrs. Sharon Adams, Lpc",Behavioral health,Mental Health,"3910 S RURAL RD, SUITE J",Tempe,AZ,85282,4803179868,2007-07-08,Not stated in NPPES — call to verify,CMS NPPES via Affine
1467569855,"Mrs. Sharon Lee Ponce, Np",Clinic / primary care,,,Tempe,AZ,85282,4809689890,2007-07-08,Not stated in NPPES — call to verify,CMS NPPES via Affine
1003625740,"Mrs. Shaylyn Sheaffer Kerbey, Ms, Ccc-Slp",Other care,,,Tempe,AZ,85281,4809652373,2025-01-07,Not stated in NPPES — call to verify,CMS NPPES via Affine
1366719965,"Mrs. Sonja T Gerard, Np",Clinic / primary care,Family,,Tempe,AZ,85283,4808398552,2023-10-03,Not stated in NPPES — call to verify,CMS NPPES via Affine
1588256002,"Mrs. Sonya M Andersen-Haile, Lac",Behavioral health,Mental Health,,Tempe,AZ,85284,6232948647,2026-03-09,Not stated in NPPES — call to verify,CMS NPPES via Affine
1326313644,Mrs. Sophia Samantha Qendro,Other care,,,Tempe,AZ,85283,4807737855,2012-03-20,Not stated in NPPES — call to verify,CMS NPPES via Affine
1841336773,"Mrs. Stacy Kay Sledge, M.C.",Behavioral health,Professional,,Tempe,AZ,85284,4802368202,2024-10-21,Not stated in NPPES — call to verify,CMS NPPES via Affine
1659071900,"Mrs. Stasee J Mcbride, Lcsw",Behavioral health,Clinical,,Tempe,AZ,85283,4804903545,2026-09-04,Not stated in NPPES — call to verify,CMS NPPES via Affine
1467418145,"Mrs. Susan Anderson, Msn Aprn",Behavioral health,Psychiatric/Mental Health,"1232 E BROADWAY RD, STE 120",Tempe,AZ,85282,4807841514,2012-02-16,Not stated in NPPES — call to verify,CMS NPPES via Affine
1861564189,"Mrs. Susan Valerie Anderson, M.S. Ccc-Slp",Other care,,,Tempe,AZ,85282,4809676599,2007-07-08,Not stated in NPPES — call to verify,CMS NPPES via Affine
1538248620,Mrs. Tamara Diane Lewis,Behavioral health,School,,Tempe,AZ,85281,4809667114,2007-07-25,Not stated in NPPES — call to verify,CMS NPPES via Affine
1497947766,"Mrs. Tamera Lynn Van Berkel, Lpc",Behavioral health,Mental Health,"2120 S MCCLINTOCK DR, SUITE 105",Tempe,AZ,85282,4808040326,2020-02-05,Not stated in NPPES — call to verify,CMS NPPES via Affine
1750579421,"Mrs. Tammera Lynn Cord-Gregory, Fnp",Clinic / primary care,Family,,Tempe,AZ,85282,4805570970,2019-10-04,Not stated in NPPES — call to verify,CMS NPPES via Affine
1891573028,"Mrs. Tanya Dupey, Rn",Other care,School,,Tempe,AZ,85282,4809676599,2023-09-19,Not stated in NPPES — call to verify,CMS NPPES via Affine
1396878237,"Mrs. Tanya H Harris, Lpc",Behavioral health,Mental Health,,Tempe,AZ,85284,4806560500,2025-07-08,Not stated in NPPES — call to verify,CMS NPPES via Affine
1952524118,"Mrs. Theresa Ann Busch, R.N.",Other care,School,,Tempe,AZ,85282,4809678933,2007-09-07,Not stated in NPPES — call to verify,CMS NPPES via Affine
1275779423,"Mrs. Tiffany Nichol Jordan, Pmhnp",Behavioral health,Psychiatric/Mental Health,"2120 S MCCLINTOCK DR, STE 105",Tempe,AZ,85282,4808040326,2015-10-23,Not stated in NPPES — call to verify,CMS NPPES via Affine
1194287714,"Mrs. Tonja A Lueders, M.Ed., Lat, Atc",Other care,Athletic Trainer,,Tempe,AZ,85287,4809650185,2019-06-18,Not stated in NPPES — call to verify,CMS NPPES via Affine
1326101932,"Mrs. Tyke Cheryllynn Hanisch, Rn, Ms, Fnp-C",Clinic / primary care,Primary Care,,Tempe,AZ,85281,4803505878,2007-07-08,Not stated in NPPES — call to verify,CMS NPPES via Affine
1184876492,"Mrs. Vanessa Rene Fisher, Pa-C",Clinic / primary care,Surgical,,Tempe,AZ,85281,4809620071,2021-09-17,Not stated in NPPES — call to verify,CMS NPPES via Affine
1922620913,"Mrs. Veronica Ramirez, Lpc",Behavioral health,Professional,,Tempe,AZ,85282,4808040326,2024-10-31,Not stated in NPPES — call to verify,CMS NPPES via Affine
1447310941,"Mrs. Vicki Lynn Arenz, Otr L",Other care,,,Tempe,AZ,85282,4807307100,2007-07-08,Not stated in NPPES — call to verify,CMS NPPES via Affine
1215065925,"Mrs. Vicki Lynn Dart, Ms",Behavioral health,School,,Tempe,AZ,85281,4808945574,2007-07-08,Not stated in NPPES — call to verify,CMS NPPES via Affine
1972718682,"Mrs. Vickie Varney Scheufler, Ms Ncc",Behavioral health,School,,Tempe,AZ,85282,4807844484,2007-07-08,Not stated in NPPES — call to verify,CMS NPPES via Affine
1609053495,"Mrs. Victoria B Johnson, Lpc",Behavioral health,Professional,"2120 S MCCLINTOCK DR, STE. 105",Tempe,AZ,85282,4808040326,2017-04-23,Not stated in NPPES — call to verify,CMS NPPES via Affine
1134264963,"Mrs. Victoria Dynda Burke, Rn, Cpnp",Clinic / primary care,Pediatrics,,Tempe,AZ,85284,4807834117,2007-07-08,Not stated in NPPES — call to verify,CMS NPPES via Affine
1144090333,Mrs. Victoria Nicole Gutierrez,Behavioral health,,,Tempe,AZ,85283,4806516458,2024-01-08,Not stated in NPPES — call to verify,CMS NPPES via Affine
1295576197,"Mrs. Vivian Nelson Melle, Mc, Lac",Behavioral health,Professional,,Tempe,AZ,85288,6028427042,2024-06-04,Not stated in NPPES — call to verify,CMS NPPES via Affine
1881752756,"Mrs. Wendy Christine Darling, Ms Ccc Slp",Other care,,,Tempe,AZ,85283,4807751284,2009-08-24,Not stated in NPPES — call to verify,CMS NPPES via Affine
1255304184,"Mrs. Wendy Lea Markovich, Np",Clinic / primary care,Family,,Tempe,AZ,85281,6023450647,2025-02-19,Not stated in NPPES — call to verify,CMS NPPES via Affine
1013494764,"Ms. Abhaya Christina Zapata Viado, Lcsw",Behavioral health,Clinical,,Tempe,AZ,85281,4802008234,2023-09-11,Not stated in NPPES — call to verify,CMS NPPES via Affine
1609256809,"Ms. Alex Kellett, P.T.A.",Other care,,"1400 E SOUTHERN AVE, STE 310",Tempe,AZ,85282,4807210758,2015-06-02,Not stated in NPPES — call to verify,CMS NPPES via Affine
1730715582,"Ms. Alexandra Rene Thomas, Pa-C",Clinic / primary care,,,Tempe,AZ,85281,4805080882,2023-03-15,Not stated in NPPES — call to verify,CMS NPPES via Affine
1336879683,"Ms. Allison K Koyak, Cfy-Slp",Other care,,,Tempe,AZ,85284,4803744341,2022-06-10,Not stated in NPPES — call to verify,CMS NPPES via Affine
1972624948,"Ms. Allison Lee Strathearn, Lmt",Other care,,,Tempe,AZ,85284,6027999286,2007-07-08,Not stated in NPPES — call to verify,CMS NPPES via Affine
1174073035,"Ms. Alverna Hess, Mpas, Pa-C",Other care,Psychiatry,,Tempe,AZ,85282,4809236200,2023-10-21,Not stated in NPPES — call to verify,CMS NPPES via Affine
1295777886,"Ms. Amy Sue Alter-Pandya, D.O.",Clinic / primary care,,,Tempe,AZ,85281,4808827320,2025-08-13,Not stated in NPPES — call to verify,CMS NPPES via Affine
1417161571,"Ms. Ann A Williams, Lpc",Behavioral health,Professional,"2120 S MCCLINTOCK DR, SUITE 105",Tempe,AZ,85282,4808040326,2017-04-23,Not stated in NPPES — call to verify,CMS NPPES via Affine
1588870612,"Ms. Ann Elizabeth Piedra, Lpc",Behavioral health,Mental Health,"HOLDEMAN ELEMENTARY SCHOOL, 1326 W 18TH STREET",Tempe,AZ,85281,4809669934,2007-07-08,Not stated in NPPES — call to verify,CMS NPPES via Affine
1962442020,"Ms. Anna June Hartman, Ms, Atc, Cscs",Other care,Athletic Trainer,,Tempe,AZ,85281,4804499000,2007-07-08,Not stated in NPPES — call to verify,CMS NPPES via Affine
1235445479,"Ms. Anna Marie Vitale, R.D.H.",Dental,,,Tempe,AZ,85283,4803308791,2010-08-25,Not stated in NPPES — call to verify,CMS NPPES via Affine
1508080888,"Ms. Anne Marie Heffernan, R.N.",Other care,School,,Tempe,AZ,85284,4803458492,2007-07-08,Not stated in NPPES — call to verify,CMS NPPES via Affine
1952691206,"Ms. April Johnson, Mc, Ncc, Lpc",Behavioral health,Professional,"6625 S RURAL RD, SUITE 111",Tempe,AZ,85283,4802974149,2011-04-07,Not stated in NPPES — call to verify,CMS NPPES via Affine
1427151463,"Ms. Barbara Alene Albrecht, M.C., L.P.C.",Behavioral health,Professional,"2111 E BASELINE RD, SUITE F-4",Tempe,AZ,85283,4807569455,2007-07-08,Not stated in NPPES — call to verify,CMS NPPES via Affine
1558431114,"Ms. Barbara B Helling, Rdh",Dental,,"6655 S RURAL RD, SUITE 1",Tempe,AZ,85283,4808315200,2007-07-08,Not stated in NPPES — call to verify,CMS NPPES via Affine
1477626489,"Ms. Barbara Jean Weber, Rn  Bsn",Other care,School,,Tempe,AZ,85282,4809219003,2007-07-09,Not stated in NPPES — call to verify,CMS NPPES via Affine
1275595522,"Ms. Barbara Newton, Msw/Lcsw",Behavioral health,Clinical,"2435 E SOUTHERN AVE, #2",Tempe,AZ,85282,4804969270,2026-07-13,Not stated in NPPES — call to verify,CMS NPPES via Affine
1447459953,"Ms. Barbara R. Knapp, L.P.C.",Behavioral health,Professional,"2120 S MCCLINTOCK DR, SUITE 105",Tempe,AZ,85282,4808040326,2016-01-20,Not stated in NPPES — call to verify,CMS NPPES via Affine
1760693428,"Ms. Becky Lynn Tomaszewski, Mc, Lpc",Behavioral health,Mental Health,"1801 S JENTILLY LN, A-18",Tempe,AZ,85281,4806283079,2007-12-28,Not stated in NPPES — call to verify,CMS NPPES via Affine
1760428767,"Ms. Beth Ann Spanier, Rd",Other care,"Nutrition, Renal","2149 E WARNER RD, SUITE 101",Tempe,AZ,85284,4806106111,2007-07-08,Not stated in NPPES — call to verify,CMS NPPES via Affine
1750614848,"Ms. Beth Lawson Todd, Msw, Lcsw",Behavioral health,Clinical,,Tempe,AZ,85284,4805730000,2025-10-04,Not stated in NPPES — call to verify,CMS NPPES via Affine
1346378445,"Ms. Betty J Phillips, R.N.",Behavioral health,"Psychiatric/Mental Health, Child & Adolescent",,Tempe,AZ,85283,4808972544,2007-07-08,Not stated in NPPES — call to verify,CMS NPPES via Affine
1922146083,"Ms. Bonnie Jeanne Rabe, M.C., Lpc",Behavioral health,Professional,"1250 E BASELINE RD, SUITE 105",Tempe,AZ,85283,4807531655,2007-07-09,Not stated in NPPES — call to verify,CMS NPPES via Affine
1194392951,"Ms. Brittany Bonfield, Np",Clinic / primary care,,,Tempe,AZ,85283,4806180123,2023-09-25,Not stated in NPPES — call to verify,CMS NPPES via Affine
1861644254,Ms. Brittany Snow,Clinic / primary care,Medical,,Tempe,AZ,85284,4808205525,2018-06-01,Not stated in NPPES — call to verify,CMS NPPES via Affine
1649522657,"Ms. Bronte' A Scott, Pa-C",Clinic / primary care,,"2737 W BASELINE RD, SUITE 24",Tempe,AZ,85283,6024374800,2025-04-04,Not stated in NPPES — call to verify,CMS NPPES via Affine
1386793412,"Ms. Bronwyn Renee Marshall, Lcsw",Behavioral health,Clinical,,Tempe,AZ,85282,4808040326,2018-09-24,Not stated in NPPES — call to verify,CMS NPPES via Affine
1396564373,"Ms. Camille L Rankin, Lac",Behavioral health,Mental Health,,Tempe,AZ,85282,2707024974,2024-10-07,Not stated in NPPES — call to verify,CMS NPPES via Affine
1952320335,"Ms. Carol Lynn Ketchum, Lpc",Behavioral health,Professional,"1 W ELLIOT RD, SUITE 101",Tempe,AZ,85284,4806948979,2007-07-08,Not stated in NPPES — call to verify,CMS NPPES via Affine
1821313545,"Ms. Caroline E. Allen, Lmsw",Behavioral health,Mental Health,,Tempe,AZ,85282,4808040326,2012-03-23,Not stated in NPPES — call to verify,CMS NPPES via Affine
1558462614,"Ms. Carolyn A Smith, Pa-C",Clinic / primary care,Medical,"2034 E SOUTHERN AVE, SUITE O",Tempe,AZ,85282,4807770077,2007-07-08,Not stated in NPPES — call to verify,CMS NPPES via Affine
1467763060,"Ms. Carolyn Prince, Lpc,  Lmhc",Behavioral health,Professional,,Tempe,AZ,85282,9195897009,2025-06-02,Not stated in NPPES — call to verify,CMS NPPES via Affine
1548304397,Ms. Carrie Barrett,Behavioral health,Mental Health,,Tempe,AZ,85282,4807314608,2013-01-18,Not stated in NPPES — call to verify,CMS NPPES via Affine
1972450906,"Ms. Cassandra Lynne Santucci, Pmhnp-Bc",Behavioral health,Psychiatric/Mental Health,,Tempe,AZ,85281,6232883656,2026-03-10,Not stated in NPPES — call to verify,CMS NPPES via Affine
1760801369,"Ms. Catherine O'neill, Np-C",Clinic / primary care,Family,,Tempe,AZ,85281,6232883656,2026-04-17,Not stated in NPPES — call to verify,CMS NPPES via Affine
1306967013,"Ms. Cheryl Ann Cross, M.C.",Behavioral health,Professional,"4015 S MCCLINTOCK DR, SUITE 101",Tempe,AZ,85282,4808976261,2007-07-08,Not stated in NPPES — call to verify,CMS NPPES via Affine
1003934241,"Ms. Cheryl H. Davis, M.A. Ccc-Slp",Other care,,,Tempe,AZ,85284,4807834100,2007-07-08,Not stated in NPPES — call to verify,CMS NPPES via Affine
1013072479,"Ms. Cheryl Lynn Sanders, Mc, Lpc",Behavioral health,Professional,"1232 E BROADWAY RD, SUITE #120",Tempe,AZ,85282,4807841514,2007-07-08,Not stated in NPPES — call to verify,CMS NPPES via Affine
1316075526,"Ms. Christine Anne Sullivan, Ma",Behavioral health,School,,Tempe,AZ,85282,4809219003,2007-07-08,Not stated in NPPES — call to verify,CMS NPPES via Affine
1790265171,"Ms. Christine Louise Taylor, Lpc",Behavioral health,Professional,,Tempe,AZ,85281,4807841514,2018-08-15,Not stated in NPPES — call to verify,CMS NPPES via Affine
1376752451,"Ms. Christine Marie Elliott, M.S., Ccc-Sp.",Other care,,,Tempe,AZ,85282,4803452012,2007-07-08,Not stated in NPPES — call to verify,CMS NPPES via Affine
1285798868,"Ms. Claudia Davis, R. N.",Other care,School,,Tempe,AZ,85282,4807307286,2007-07-08,Not stated in NPPES — call to verify,CMS NPPES via Affine
1235388497,"Ms. Colleen M. Leblanc, L.M.S.W., L.I.S.A.C.",Behavioral health,Addiction (Substance Use Disorder),"8727 S PRIEST DR, SUITE 101",Tempe,AZ,85284,4802272706,2008-09-12,Not stated in NPPES — call to verify,CMS NPPES via Affine
1841580610,"Ms. Constance E. Ikonomou, Fnp",Clinic / primary care,Family,,Tempe,AZ,85281,4809670799,2026-09-09,Not stated in NPPES — call to verify,CMS NPPES via Affine
1699375030,"Ms. Crystal Marie Thomson, Lmft",Behavioral health,,,Tempe,AZ,85283,4804270097,2026-05-01,Not stated in NPPES — call to verify,CMS NPPES via Affine
1699697409,"Ms. Dani Anissa Ybarra, Rn",Other care,School,,Tempe,AZ,85283,4802022810,2026-07-27,Not stated in NPPES — call to verify,CMS NPPES via Affine
1457699308,"Ms. Deborah R Kret, Mm, Mt-Bc, Nmt",Other care,,,Tempe,AZ,85281,4803639524,2013-01-28,Not stated in NPPES — call to verify,CMS NPPES via Affine
1003110065,"Ms. Debra Gordon, R.D.H.",Dental,,,Tempe,AZ,85283,4808315200,2011-06-28,Not stated in NPPES — call to verify,CMS NPPES via Affine
1003974775,"Ms. Debra Kay Mikkelsen, Ms Ccc Slp",Other care,,,Tempe,AZ,85283,4808976233,2007-07-08,Not stated in NPPES — call to verify,CMS NPPES via Affine
1538439914,Ms. Despina Hardy,Other care,Research Study,,Tempe,AZ,85282,6024029262,2012-01-03,Not stated in NPPES — call to verify,CMS NPPES via Affine
1851516553,"Ms. Diane Ruth Johnson, Otr",Other care,,,Tempe,AZ,85284,4807832000,2007-07-08,Not stated in NPPES — call to verify,CMS NPPES via Affine
1164740932,Ms. Dorothy Ayobami Worika,Clinic / primary care,Family,,Tempe,AZ,85281,6236248280,2023-03-22,Not stated in NPPES — call to verify,CMS NPPES via Affine
1821818956,Ms. Ebony Friend,Other care,School,,Tempe,AZ,85283,4808380711,2024-10-14,Not stated in NPPES — call to verify,CMS NPPES via Affine
1689728420,"Ms. Elaine F Woidke, Pt",Other care,,,Tempe,AZ,85283,4807304103,2007-07-08,Not stated in NPPES — call to verify,CMS NPPES via Affine
1881829158,"Ms. Elaine Mary Oconnor, Lmt",Other care,,,Tempe,AZ,85282,4807893475,2009-05-15,Not stated in NPPES — call to verify,CMS NPPES via Affine
1902034358,"Ms. Elia Simon, Lpc",Behavioral health,Mental Health,"1151 S. FOREST AVENUE, SUITE 334",Tempe,AZ,85287,4809656146,2023-02-02,Not stated in NPPES — call to verify,CMS NPPES via Affine
1407979081,"Ms. Elizabeth Shambo, M.A. , Nbcc",Behavioral health,School,,Tempe,AZ,85281,4809412440,2007-07-08,Not stated in NPPES — call to verify,CMS NPPES via Affine
1265178685,"Ms. Emilie Celeste Behnken, Lmsw",Behavioral health,Clinical,,Tempe,AZ,85282,6029092085,2022-05-09,Not stated in NPPES — call to verify,CMS NPPES via Affine
1295872794,"Ms. Evelyn Esther Goodell, L.P.C.",Behavioral health,Professional,"2435 E SOUTHERN AVE, #2",Tempe,AZ,85282,4802098118,2007-07-08,Not stated in NPPES — call to verify,CMS NPPES via Affine
1457692600,"Ms. Faviola Tapia, Slp",Other care,,"577 E BASELINE RD, APT. G3087",Tempe,AZ,85283,6232022577,2024-10-21,Not stated in NPPES — call to verify,CMS NPPES via Affine
1407971070,"Ms. Frances Ann Harris, Msw,Lcsw,Lmft",Behavioral health,,"2131 E BROADWAY RD, SUITE 15",Tempe,AZ,85282,4809676895,2007-07-08,Not stated in NPPES — call to verify,CMS NPPES via Affine
1366584823,"Ms. Gale Marie White, Msw/Ma",Behavioral health,Clinical,,Tempe,AZ,85283,2699301607,2016-07-10,Not stated in NPPES — call to verify,CMS NPPES via Affine
1407011430,"Ms. Genny L Gaustad, Mc",Behavioral health,Professional,,Tempe,AZ,85281,4803295578,2010-06-25,Not stated in NPPES — call to verify,CMS NPPES via Affine
1225139322,"Ms. Genowefa H Sarko, Pa-C",Clinic / primary care,Medical,"2034 E SOUTHERN AVE, SUITE O",Tempe,AZ,85282,4807770077,2007-07-08,Not stated in NPPES — call to verify,CMS NPPES via Affine
1164561973,"Ms. Gwendolyn Faye Hanigan Baily, Lpc",Behavioral health,Professional,"8727 S PRIEST DR, SUITE 102",Tempe,AZ,85284,4808387273,2007-08-21,Not stated in NPPES — call to verify,CMS NPPES via Affine
1316089956,"Ms. Heather L English, Lcsw",Behavioral health,Clinical,,Tempe,AZ,85282,4805307371,2019-09-04,Not stated in NPPES — call to verify,CMS NPPES via Affine
1528374766,"Ms. Heidi Esparza Esparza, Rdh",Dental,,,Tempe,AZ,85283,4808315200,2010-08-25,Not stated in NPPES — call to verify,CMS NPPES via Affine
1386307932,"Ms. Heidi M Clapham, Mc, Lpc, Lisac",Behavioral health,Addiction (Substance Use Disorder),,Tempe,AZ,85282,4804914444,2021-10-20,Not stated in NPPES — call to verify,CMS NPPES via Affine
1982215521,"Ms. Isabella Vento, Ma, Lpc, Ncc",Behavioral health,Mental Health,,Tempe,AZ,85282,4807181261,2024-07-17,Not stated in NPPES — call to verify,CMS NPPES via Affine
1962589135,"Ms. Jacci Arden Caplin, Msw, Lcsw",Behavioral health,Clinical,,Tempe,AZ,85284,4807077790,2022-01-20,Not stated in NPPES — call to verify,CMS NPPES via Affine
1285364422,"Ms. Jade Shang Tao Holder, Ms",Other care,,,Tempe,AZ,85284,4803744341,2022-06-11,Not stated in NPPES — call to verify,CMS NPPES via Affine
1740011923,"Ms. Jane Na, Pmhnp",Behavioral health,Psychiatric/Mental Health,,Tempe,AZ,85283,9285044700,2024-10-05,Not stated in NPPES — call to verify,CMS NPPES via Affine
1174659718,"Ms. Janet R San George, Fnp-C",Clinic / primary care,Family,"2141 E WARNER RD, SUITE 101",Tempe,AZ,85284,4809698714,2012-06-19,Not stated in NPPES — call to verify,CMS NPPES via Affine
1245661503,"Ms. Janine L Roberts, Pnp",Clinic / primary care,Pediatrics,,Tempe,AZ,85284,6022540390,2016-11-30,Not stated in NPPES — call to verify,CMS NPPES via Affine
1942196407,"Ms. Jasmine Nicole Henley, Ms, C.F-Slp",Other care,,,Tempe,AZ,85284,4803744341,2025-06-16,Not stated in NPPES — call to verify,CMS NPPES via Affine
1093853111,"Ms. Jenine Cook, Otr-L",Other care,,"1835 E GUADALUPE RD, STE 103",Tempe,AZ,85283,4804560942,2007-07-08,Not stated in NPPES — call to verify,CMS NPPES via Affine
1679827505,"Ms. Jennifer Anne Lux, M.Ed",Behavioral health,Professional,"3205 S. RURAL ROAD, TEMPE ELEMENTARY SCHOOL DISTRICT #3",Tempe,AZ,85282,4809678336,2012-10-30,Not stated in NPPES — call to verify,CMS NPPES via Affine
1164721403,"Ms. Jennifer Brianna Hoffman, Lac",Behavioral health,Professional,"2120 S MCCLINTOCK DR, SUITE 105",Tempe,AZ,85282,4808040326,2012-06-21,Not stated in NPPES — call to verify,CMS NPPES via Affine
1699896860,"Ms. Jennifer Engberg, M.A.",Behavioral health,School,,Tempe,AZ,85282,4808945574,2007-07-25,Not stated in NPPES — call to verify,CMS NPPES via Affine
1306433651,Ms. Jennifer Erin Dwyer,Behavioral health,,,Tempe,AZ,85282,4808040326,2020-12-22,Not stated in NPPES — call to verify,CMS NPPES via Affine
1700032265,"Ms. Jennifer Lee Willis, Lcsw",Behavioral health,Clinical,"2120 S MCCLINTOCK DR, SUITE 105",Tempe,AZ,85282,4808040326,2017-04-23,Not stated in NPPES — call to verify,CMS NPPES via Affine
1669543435,"Ms. Jennifer R. Marko, Ms Ed, Cags",Behavioral health,School,,Tempe,AZ,85282,4807307286,2007-07-26,Not stated in NPPES — call to verify,CMS NPPES via Affine
1922566322,Ms. Jennifer Rebecca Saucier,Other care,,,Tempe,AZ,85283,4802579759,2019-03-05,Not stated in NPPES — call to verify,CMS NPPES via Affine
1326341322,"Ms. Jessica Lauren Rosenblum, Pa-C",Clinic / primary care,,,Tempe,AZ,85282,4808308333,2026-08-21,Not stated in NPPES — call to verify,CMS NPPES via Affine
1588765895,"Ms. Judy Honig, Ccc-Slp",Other care,,,Tempe,AZ,85283,4802254540,2007-07-08,Not stated in NPPES — call to verify,CMS NPPES via Affine
1275521395,"Ms. Julia R Coleman, C.N.M.",Other care,,"1492 S. MILL AVE., STE. 312",Tempe,AZ,85281,4809211100,2009-07-24,Not stated in NPPES — call to verify,CMS NPPES via Affine
1437738275,"Ms. Julie Ann Lehman, Lmt",Other care,,,Tempe,AZ,85283,4026904574,2021-04-07,Not stated in NPPES — call to verify,CMS NPPES via Affine
1407024912,"Ms. Julie E. Sapienza, Lcsw",Behavioral health,Clinical,,Tempe,AZ,85281,6022437277,2018-09-11,Not stated in NPPES — call to verify,CMS NPPES via Affine
1093298499,Ms. June Yijiun Lin-Lee,Behavioral health,,,Tempe,AZ,85282,4802697730,2018-09-11,Not stated in NPPES — call to verify,CMS NPPES via Affine
1336540178,"Ms. Kaitlyn Ives, Au.D.",Other care,,,Tempe,AZ,85281,4808945550,2021-08-18,Not stated in NPPES — call to verify,CMS NPPES via Affine
1760807903,"Ms. Karen Blanco, Fnp-C",Clinic / primary care,Family,,Tempe,AZ,85282,4808297799,2014-02-25,Not stated in NPPES — call to verify,CMS NPPES via Affine
1831820802,"Ms. Karen Elaine Haynie, Lmsw",Behavioral health,,,Tempe,AZ,85281,4805244009,2022-06-21,Not stated in NPPES — call to verify,CMS NPPES via Affine
1205906757,"Ms. Karen J. Klibanow, Lcsw",Behavioral health,Clinical,"3910 S. RURAL RD., SUITE J",Tempe,AZ,85282,4803179868,2007-07-08,Not stated in NPPES — call to verify,CMS NPPES via Affine
1922309905,"Ms. Karen Lieberwitz Bruch, Lcsw",Behavioral health,Clinical,"2120 S. MCCLINTICK DR., #105",Tempe,AZ,85282,4808040326,2013-12-11,Not stated in NPPES — call to verify,CMS NPPES via Affine
1700948171,"Ms. Karen M Allen, Rn",Other care,,,Tempe,AZ,85283,4807307645,2007-07-08,Not stated in NPPES — call to verify,CMS NPPES via Affine
1568588267,"Ms. Karra Marie Krug, Msotr/L",Other care,,,Tempe,AZ,85284,4805411000,2022-06-14,Not stated in NPPES — call to verify,CMS NPPES via Affine
1366748394,"Ms. Katherine Elaine Paxton, C.N.M.",Other care,,,Tempe,AZ,85281,4806472099,2023-10-30,Not stated in NPPES — call to verify,CMS NPPES via Affine
1427407055,Ms. Katherine Mary O'brien,Other care,Speech-Language Assistant,,Tempe,AZ,85284,4806345440,2016-06-04,Not stated in NPPES — call to verify,CMS NPPES via Affine
1164547881,"Ms. Kathleen Maffett Clarke, Lcsw",Behavioral health,Clinical,"1250 E BASELINE RD, SUITE 105",Tempe,AZ,85283,4802288933,2007-07-08,Not stated in NPPES — call to verify,CMS NPPES via Affine
1447314984,"Ms. Kathleen Payne Hinkle, Ma Ccc Slp",Other care,Speech-Language Assistant,,Tempe,AZ,85283,4808976233,2007-07-08,Not stated in NPPES — call to verify,CMS NPPES via Affine
1003882549,"Ms. Kathryn F. Wexler, Au.D.",Other care,,"ASU SPEECH AND HEARING CLINIC, COOR HALL, RM. 2211",Tempe,AZ,85287,4809652913,2017-04-10,Not stated in NPPES — call to verify,CMS NPPES via Affine
1043359300,"Ms. Kelly Dunn Will, Otr",Other care,Pediatrics,,Tempe,AZ,85282,4806204226,2007-07-08,Not stated in NPPES — call to verify,CMS NPPES via Affine
1245223833,"Ms. Kimberly A Bader, Md",Clinic / primary care,,"2600 E SOUTHERN AVE, SUITE B2",Tempe,AZ,85282,4808275265,2016-01-19,Not stated in NPPES — call to verify,CMS NPPES via Affine
1053497370,"Ms. Kimberly Hull Leight, Ms, Psynp",Behavioral health,Psychiatric/Mental Health,,Tempe,AZ,85282,4807841514,2012-03-15,Not stated in NPPES — call to verify,CMS NPPES via Affine
1255406963,"Ms. Kimberly M.E. Robinson, Ms Ccc-Slp",Other care,,,Tempe,AZ,85281,4809299909,2007-07-08,Not stated in NPPES — call to verify,CMS NPPES via Affine
1477632768,"Ms. Kristeen Kaye Ouellette, P.T.",Other care,,,Tempe,AZ,85282,4807307100,2007-07-09,Not stated in NPPES — call to verify,CMS NPPES via Affine
1427268002,"Ms. Kristen Lyn Coupland, Slp",Other care,,,Tempe,AZ,85283,4808390292,2007-07-08,Not stated in NPPES — call to verify,CMS NPPES via Affine
1689805459,"Ms. Kristine Marie Stewart, Pta",Other care,,,Tempe,AZ,85284,4803902003,2009-07-28,Not stated in NPPES — call to verify,CMS NPPES via Affine
1043372626,"Ms. Laura Janel Sokol, Lpc",Behavioral health,Professional,,Tempe,AZ,85282,4807841514,2007-07-08,Not stated in NPPES — call to verify,CMS NPPES via Affine
1285449884,"Ms. Lauren Berry, Mt-Bc",Other care,,,Tempe,AZ,85281,6029602200,2025-02-11,Not stated in NPPES — call to verify,CMS NPPES via Affine
1538881412,"Ms. Lauren Hunter Miller, Rn",Other care,,,Tempe,AZ,85282,4809678336,2022-09-16,Not stated in NPPES — call to verify,CMS NPPES via Affine
1548450943,"Ms. Leah Carol Thompson, Ccc-Slp",Other care,,,Tempe,AZ,85282,4802224100,2007-07-31,Not stated in NPPES — call to verify,CMS NPPES via Affine
1306854260,"Ms. Leslie Peterson, Lpc",Behavioral health,,"2120 S RURAL RD, STE 6",Tempe,AZ,85282,4809669880,2007-07-08,Not stated in NPPES — call to verify,CMS NPPES via Affine
1235270240,"Ms. Leslie Sue Innis, Physical Therapist",Other care,,"4515 S MCCLINTOCK DR, SUITE#118",Tempe,AZ,85282,5052706545,2007-07-08,Not stated in NPPES — call to verify,CMS NPPES via Affine
1295212652,Ms. Linda Faye Squalls,Other care,,,Tempe,AZ,85283,2195887162,2018-07-27,Not stated in NPPES — call to verify,CMS NPPES via Affine
1386367068,"Ms. Lindsey H Malone, Rn",Other care,Case Management,,Tempe,AZ,85282,5202337111,2022-09-19,Not stated in NPPES — call to verify,CMS NPPES via Affine
1255520334,"Ms. Lisa Boyer, Lisac, Cadac",Behavioral health,Addiction (Substance Use Disorder),"2115 E SOUTHERN AVE, RIO SURENO MEDICAL PLAZA",Tempe,AZ,85282,4808319533,2007-10-15,Not stated in NPPES — call to verify,CMS NPPES via Affine
1023153079,"Ms. Lisa J. Monheit, M.S., Ccc-Slp",Other care,,,Tempe,AZ,85284,4807833220,2007-07-08,Not stated in NPPES — call to verify,CMS NPPES via Affine
1841854932,"Ms. Lynn Stafford, Rn",Other care,Community Health,,Tempe,AZ,85282,4803391780,2019-04-24,Not stated in NPPES — call to verify,CMS NPPES via Affine
1508037326,"Ms. Mar Pollock, Lcsw",Behavioral health,Clinical,,Tempe,AZ,85282,4808040326,2022-07-21,Not stated in NPPES — call to verify,CMS NPPES via Affine
1205157021,"Ms. Marcia Diane, Lpc, Lisac",Behavioral health,Mental Health,"1801 S. JENTILLY LANE, SUITE B-16",Tempe,AZ,85281,4805401752,2013-05-31,Not stated in NPPES — call to verify,CMS NPPES via Affine
1124181524,Ms. Margaret Elizabeth Distasio,Other care,"Respite Care, Mental Illness, Child",,Tempe,AZ,85283,4808396497,2007-07-08,Not stated in NPPES — call to verify,CMS NPPES via Affine
1609352483,"Ms. Mariaclara Mandujano, Rbt",Behavioral health,,,Tempe,AZ,85281,4808630763,2025-01-17,Not stated in NPPES — call to verify,CMS NPPES via Affine
1003689126,"Ms. Marina Spiegel-Westfall, Lpc",Behavioral health,Professional,,Tempe,AZ,85282,4808040326,2026-05-04,Not stated in NPPES — call to verify,CMS NPPES via Affine
1326111741,"Ms. Martha Lamarre, Pa-C",Clinic / primary care,,,Tempe,AZ,85282,4807180568,2020-04-27,Not stated in NPPES — call to verify,CMS NPPES via Affine
1508176694,"Ms. Mary Elizabeth Braham, Anpc",Clinic / primary care,Adult Health,"233 E SOUTHERN AVE, #24256",Tempe,AZ,85282,6023290174,2026-07-22,Not stated in NPPES — call to verify,CMS NPPES via Affine
1316019870,"Ms. Melissa A Strohmeyer, P.T., D.P.T.",Other care,Orthopedic,,Tempe,AZ,85281,4809414169,2008-01-29,Not stated in NPPES — call to verify,CMS NPPES via Affine
1487292983,Ms. Melissa Ann Bootz,Other care,,,Tempe,AZ,85284,4803744341,2019-12-15,Not stated in NPPES — call to verify,CMS NPPES via Affine
1639388374,"Ms. Melissa Carol Shaw, Ma, Lpc",Behavioral health,Professional,"2120 S MCCLINTOCK DR, SUITE #105",Tempe,AZ,85282,4808040326,2017-04-23,Not stated in NPPES — call to verify,CMS NPPES via Affine
1760784623,"Ms. Melissa Marie Bowen, Lcsw",Behavioral health,Clinical,,Tempe,AZ,85282,4802610300,2020-04-01,Not stated in NPPES — call to verify,CMS NPPES via Affine
1366011686,"Ms. Mercedes Shingler, Lcsw",Behavioral health,Clinical,,Tempe,AZ,85282,4808040326,2025-10-10,Not stated in NPPES — call to verify,CMS NPPES via Affine
1063835676,"Ms. Micah Crawford, Lpc",Behavioral health,Professional,,Tempe,AZ,85282,4808040326,2022-07-21,Not stated in NPPES — call to verify,CMS NPPES via Affine
1558459651,"Ms. Michelle Dee Onacki, Psy-Mh N.P.",Behavioral health,Psychiatric/Mental Health,"4015 S MCCLINTOCK DR, SUITE112",Tempe,AZ,85282,4807758811,2007-07-08,Not stated in NPPES — call to verify,CMS NPPES via Affine
1538477799,"Ms. Michelle Franklin, Lmsw",Behavioral health,,"2120 S MCCLINTOCK DR, SUITE 105",Tempe,AZ,85282,4808040326,2017-04-23,Not stated in NPPES — call to verify,CMS NPPES via Affine
1992021000,"Ms. Michelle Nordblom Hottya, Ibclc, Rlc",Other care,,,Tempe,AZ,85282,4804208567,2024-03-23,Not stated in NPPES — call to verify,CMS NPPES via Affine
1558986711,"Ms. Michelle Orme, Nmd",Clinic / primary care,,,Tempe,AZ,85282,7042584337,2020-06-13,Not stated in NPPES — call to verify,CMS NPPES via Affine
1932305711,"Ms. Michelle R. Crowell, Lcsw",Behavioral health,Clinical,,Tempe,AZ,85282,4808977307,2007-07-08,Not stated in NPPES — call to verify,CMS NPPES via Affine
1891832465,"Ms. Nancy L. Groppenbacher, Lmft",Behavioral health,,"1232 E BROADWAY RD, STE. 120",Tempe,AZ,85282,4807841514,2007-07-08,Not stated in NPPES — call to verify,CMS NPPES via Affine
1962645986,"Ms. Nichole Lee Steidler, Md",Other care,Anatomic Pathology & Clinical Pathology,,Tempe,AZ,85281,6026855211,2014-07-15,Not stated in NPPES — call to verify,CMS NPPES via Affine
1407122880,"Ms. Nicole Janette Menefee, Pa-C",Clinic / primary care,,,Tempe,AZ,85281,8886636331,2025-03-17,Not stated in NPPES — call to verify,CMS NPPES via Affine
1689195018,"Ms. Norma Padilla, Med, Bcba, Lba",Behavioral health,,,Tempe,AZ,85284,4806720536,2022-08-05,Not stated in NPPES — call to verify,CMS NPPES via Affine
1376901199,"Ms. Olubukola Aremu, Fnp-C",Clinic / primary care,Family,,Tempe,AZ,85283,8002333264,2026-02-03,Not stated in NPPES — call to verify,CMS NPPES via Affine
1609996735,"Ms. Pamela Jean Cain, Lpc",Behavioral health,Professional,"2120 S MCCLINTOCK DR, SUITE 105",Tempe,AZ,85282,4808040326,2017-04-23,Not stated in NPPES — call to verify,CMS NPPES via Affine
1225682909,"Ms. Patrice Ann Moritz, Ms, Cf Slp",Other care,,,Tempe,AZ,85284,4805414600,2019-07-30,Not stated in NPPES — call to verify,CMS NPPES via Affine
1396866604,"Ms. Patricia A Mcmillan, Msw, Lcsw",Behavioral health,Clinical,"2120 S MCCLINTOCK DR, SUITE 105",Tempe,AZ,85282,4808040326,2014-07-10,Not stated in NPPES — call to verify,CMS NPPES via Affine
1932246642,"Ms. Patricia Alexis Lamb, Rn",Other care,,,Tempe,AZ,85282,4808298002,2007-07-08,Not stated in NPPES — call to verify,CMS NPPES via Affine
1801899448,"Ms. Patricia Gail Romo, Cnm",Other care,,"1492 S MILL AVE, SUITE 306",Tempe,AZ,85281,4805594776,2012-04-02,Not stated in NPPES — call to verify,CMS NPPES via Affine
1598849861,"Ms. Paula F Ware, M.C.",Behavioral health,,"1255 W. BASELINE RD., #186",Tempe,AZ,85202,4808317071,2011-09-14,Not stated in NPPES — call to verify,CMS NPPES via Affine
1538214895,"Ms. Paula J Mistovich, Lcsw",Behavioral health,Clinical,,Tempe,AZ,85282,6022257466,2007-07-08,Not stated in NPPES — call to verify,CMS NPPES via Affine
1114112414,"Ms. Penny L Philippi, Csfa",Other care,Surgical Assistant,,Tempe,AZ,85282,6024380041,2012-04-27,Not stated in NPPES — call to verify,CMS NPPES via Affine
1134814643,Ms. Quentina Anetra Mcdonald,Behavioral health,Mental Health,,Tempe,AZ,85282,6028991519,2023-04-10,Not stated in NPPES — call to verify,CMS NPPES via Affine
1942144597,"Ms. Rachel Ann Jones, Lmsw",Behavioral health,Clinical,,Tempe,AZ,85282,4808040326,2026-04-15,Not stated in NPPES — call to verify,CMS NPPES via Affine
1013191063,"Ms. Ramona Lou Welch, Rph",Pharmacy,Pharmacist Clinician (PhC)/ Clinical Pharmacy Specialist,,Tempe,AZ,85282,4806998044,2018-09-20,Not stated in NPPES — call to verify,CMS NPPES via Affine
1164504668,"Ms. Rebecca Diane Gassett, Rn, Ms, Cpnp",Clinic / primary care,Pediatrics,,Tempe,AZ,85283,6026884191,2026-01-19,Not stated in NPPES — call to verify,CMS NPPES via Affine
1588927073,"Ms. Rebecca Lynn Brown, C-Pnp",Clinic / primary care,Pediatrics,,Tempe,AZ,85282,4808399097,2012-09-15,Not stated in NPPES — call to verify,CMS NPPES via Affine
1538301015,"Ms. Renee Karen Chase, Ms-Fnp",Clinic / primary care,Family,,Tempe,AZ,85283,4803532210,2023-05-26,Not stated in NPPES — call to verify,CMS NPPES via Affine
1245462951,"Ms. Rikki Lanetta Stewart, Nd",Other care,,,Tempe,AZ,85282,4805843224,2026-07-09,Not stated in NPPES — call to verify,CMS NPPES via Affine
1588632301,"Ms. Rita Dransoff, Rn, Ms, Cpnp",Clinic / primary care,Pediatrics,,Tempe,AZ,85284,4807834117,2008-05-21,Not stated in NPPES — call to verify,CMS NPPES via Affine
1427073709,"Ms. Rochelle L Gallagher, Rph",Pharmacy,,,Tempe,AZ,85284,8009551171,2007-07-08,Not stated in NPPES — call to verify,CMS NPPES via Affine
1043293103,"Ms. Sally Jean Kennedy, Np",Clinic / primary care,Adult Health,,Tempe,AZ,85282,4808380068,2026-07-13,Not stated in NPPES — call to verify,CMS NPPES via Affine
1720138316,"Ms. Sandra Elizabeth Goodman, M.S., Ccc-Slp",Other care,,,Tempe,AZ,85283,4808390292,2007-07-08,Not stated in NPPES — call to verify,CMS NPPES via Affine
1063597185,"Ms. Sandra Jayne Garcia, Mc, Lpc",Behavioral health,,,Tempe,AZ,85282,4807841514,2007-07-08,Not stated in NPPES — call to verify,CMS NPPES via Affine
1851512313,"Ms. Sandra L Lindberg, B.S. Slp",Other care,,"7250 S KYRENE RD, UNIT # 136",Tempe,AZ,85283,4807349290,2007-07-08,Not stated in NPPES — call to verify,CMS NPPES via Affine
1831684851,"Ms. Sara Jean Eberline, Np",Clinic / primary care,Family,,Tempe,AZ,85281,8663892727,2025-12-04,Not stated in NPPES — call to verify,CMS NPPES via Affine
1841351038,"Ms. Sarah Anne Jenkins, Mc, Lpc",Behavioral health,Mental Health,"3231 S COUNTRY CLUB WAY, SUITE 111",Tempe,AZ,85282,4803707630,2007-07-08,Not stated in NPPES — call to verify,CMS NPPES via Affine
1710104229,"Ms. Sarah L Bruner, Fnp-C",Clinic / primary care,Family,,Tempe,AZ,85282,4808942823,2018-07-14,Not stated in NPPES — call to verify,CMS NPPES via Affine
1235445347,"Ms. Sarah R Radtke, M.S., Ccc-Slp",Other care,,,Tempe,AZ,85284,4807833167,2010-08-26,Not stated in NPPES — call to verify,CMS NPPES via Affine
1376116848,"Ms. Savanna Howe, Pa-C",Clinic / primary care,,,Tempe,AZ,85283,4805560446,2025-11-22,Not stated in NPPES — call to verify,CMS NPPES via Affine
1437481512,"Ms. Sharon Kathleen Dietz, M.A.",Behavioral health,,,Tempe,AZ,85281,4808205186,2010-02-01,Not stated in NPPES — call to verify,CMS NPPES via Affine
1265663504,"Ms. Sharon Suzette Smith-Wilborn, Lmsw, Lisac",Behavioral health,Addiction (Substance Use Disorder),"4839 S DARROW DR, G162",Tempe,AZ,85282,4802342404,2011-11-30,Not stated in NPPES — call to verify,CMS NPPES via Affine
1114597523,"Ms. Sheila Bucalo, Ms",Behavioral health,Mental Health,,Tempe,AZ,85282,4804090322,2021-06-28,Not stated in NPPES — call to verify,CMS NPPES via Affine
1043746696,"Ms. Sheryl Braat, Pmhnp",Behavioral health,Psychiatric/Mental Health,,Tempe,AZ,85281,6026856000,2025-08-29,Not stated in NPPES — call to verify,CMS NPPES via Affine
1194448878,"Ms. Shreena Bankim Patel, Pa-C",Clinic / primary care,,,Tempe,AZ,85284,4807390007,2025-11-10,Not stated in NPPES — call to verify,CMS NPPES via Affine
1639369069,"Ms. Sophie Helen Borowski, Lcsw 10013",Behavioral health,Clinical,,Tempe,AZ,85284,4808317526,2007-08-01,Not stated in NPPES — call to verify,CMS NPPES via Affine
1003960857,"Ms. Susan L Fetter, Otr",Other care,,,Tempe,AZ,85283,4807304103,2007-07-08,Not stated in NPPES — call to verify,CMS NPPES via Affine
1467503078,Ms. Susan Leslie Mcgill,Behavioral health,,,Tempe,AZ,85283,4808390292,2007-07-08,Not stated in NPPES — call to verify,CMS NPPES via Affine
1346368784,"Ms. Susan Popovich, Ma",Other care,,,Tempe,AZ,85284,4807831885,2007-07-08,Not stated in NPPES — call to verify,CMS NPPES via Affine
1568681427,"Ms. Suzanne Ruth Abram, R.N.",Other care,Pediatrics,,Tempe,AZ,85282,4809676599,2007-07-09,Not stated in NPPES — call to verify,CMS NPPES via Affine
1356585715,"Ms. Tanja Nicole Mundt, Ma, Lpc-S",Behavioral health,Professional,,Tempe,AZ,85282,9139048565,2023-12-12,Not stated in NPPES — call to verify,CMS NPPES via Affine
1447509617,"Ms. Tara L Mckeeman, Lmsw",Behavioral health,Mental Health,"2120 S MCCLINTOCK DR, STE 105",Tempe,AZ,85282,4808040326,2015-10-22,Not stated in NPPES — call to verify,CMS NPPES via Affine
1790808160,Ms. Teresa Renee Thompson,Other care,,,Tempe,AZ,85284,4807833387,2007-07-08,Not stated in NPPES — call to verify,CMS NPPES via Affine
1346625654,"Ms. Terri Verason, Ms, Rdn",Other care,,,Tempe,AZ,85281,4806567163,2015-07-28,Not stated in NPPES — call to verify,CMS NPPES via Affine
1801049804,"Ms. Tiffany Ayn Layton, Rn, Ccrp",Other care,General Practice,,Tempe,AZ,85282,4804067272,2008-11-04,Not stated in NPPES — call to verify,CMS NPPES via Affine
1952798605,"Ms. Trica Johanna-Regalado D'spain, Pt, Dpt, Tps",Other care,,,Tempe,AZ,85282,4802220655,2024-08-07,Not stated in NPPES — call to verify,CMS NPPES via Affine
1164540324,"Ms. Veronica Mouton Moore, Lcsw, Bcd",Behavioral health,Clinical,,Tempe,AZ,85282,4802488082,2007-07-08,Not stated in NPPES — call to verify,CMS NPPES via Affine
1780745133,"Ms. Virginia Sue Grant, Lcsw",Behavioral health,Clinical,,Tempe,AZ,85283,4808970444,2007-07-08,Not stated in NPPES — call to verify,CMS NPPES via Affine
1073735973,"Ms. Vy Linh Thuy Hoang, Pharmd",Pharmacy,,"51 WEST 3RD STREET, SUITE 101",Tempe,AZ,85281,4803176780,2007-07-08,Not stated in NPPES — call to verify,CMS NPPES via Affine
1194154583,"Ms. Wen-Chien Lin, Lpc",Behavioral health,Professional,,Tempe,AZ,85282,6026382055,2025-08-04,Not stated in NPPES — call to verify,CMS NPPES via Affine
1508149360,"Ms. Xuankieu Thai Tran, Rph",Pharmacy,,,Tempe,AZ,85282,4802005893,2011-09-27,Not stated in NPPES — call to verify,CMS NPPES via Affine
1154884658,Mst Sultana,Other care,,,Tempe,AZ,85283,6027707611,2019-04-11,Not stated in NPPES — call to verify,CMS NPPES via Affine
1831980986,Mulberry Medical Llc,Clinic / primary care,,,Tempe,AZ,85283,6232202601,2026-05-27,Not stated in NPPES — call to verify,CMS NPPES via Affine
1174903173,Mulligan's Manor,Other care,,,Tempe,AZ,85282,4804552601,2022-07-21,Not stated in NPPES — call to verify,CMS NPPES via Affine
1427536770,"Mulligan's Manor, Inc.",Behavioral health,Mental Health,,Tempe,AZ,85282,4808318721,2018-07-30,Not stated in NPPES — call to verify,CMS NPPES via Affine
1366857815,Multispecialty Group Of Flagstaff,Other care,Pain Medicine,,Tempe,AZ,85284,6024328813,2014-06-24,Not stated in NPPES — call to verify,CMS NPPES via Affine
1639468077,"Muna A Jama, Pharmacist",Pharmacy,,,Tempe,AZ,85283,4808389200,2011-04-06,Not stated in NPPES — call to verify,CMS NPPES via Affine
1851243653,Murphy U Brown,Clinic / primary care,Multi-Specialty,,Tempe,AZ,85282,5629615698,2026-02-12,Not stated in NPPES — call to verify,CMS NPPES via Affine
1174674535,Murray Chiropractic Pllc,Other care,,,Tempe,AZ,85284,4802348396,2020-08-22,Not stated in NPPES — call to verify,CMS NPPES via Affine
1063002509,My City Radius Community Health Services,Other care,,,Tempe,AZ,85283,6023413863,2021-01-19,Not stated in NPPES — call to verify,CMS NPPES via Affine
1043029549,My City Radius Community Health Services,Clinic / primary care,,,Tempe,AZ,85283,4806516458,2024-12-31,Not stated in NPPES — call to verify,CMS NPPES via Affine
1124403597,My Momentum Chiropractic Llc,Other care,,,Tempe,AZ,85284,4804206303,2015-07-27,Not stated in NPPES — call to verify,CMS NPPES via Affine
1609725399,"My Path Aba, Llc",Behavioral health,,,Tempe,AZ,85283,6029083417,2026-02-18,Not stated in NPPES — call to verify,CMS NPPES via Affine
1922260082,My Therapist Inc,Behavioral health,,"2435 E SOUTHERN AVE, STE 2",Tempe,AZ,85282,4802050062,2008-06-30,Not stated in NPPES — call to verify,CMS NPPES via Affine
1285977181,"Mychael A Seubert, Nd",Other care,,,Tempe,AZ,85281,7184962451,2013-03-29,Not stated in NPPES — call to verify,CMS NPPES via Affine
1659790988,"Myra Falconer Stehle, Slpa",Other care,Speech-Language Assistant,"1250 W GROVE PKWY, #1001",Tempe,AZ,85283,4806945571,2014-04-15,Not stated in NPPES — call to verify,CMS NPPES via Affine
1639687684,Myungran Kim,Clinic / primary care,Family,,Tempe,AZ,85282,4803045467,2025-04-30,Not stated in NPPES — call to verify,CMS NPPES via Affine
1841269701,"Nabor Rios, Ms, Pa-C",Clinic / primary care,Medical,,Tempe,AZ,85284,4808205525,2018-04-18,Not stated in NPPES — call to verify,CMS NPPES via Affine
1861346488,Nafiso Ahmed Mohamud,Imaging,,,Tempe,AZ,85283,4802747830,2026-02-23,Not stated in NPPES — call to verify,CMS NPPES via Affine
1093409617,Najiyyah Jamilah Bellmon-Cooper,Clinic / primary care,"Rehabilitation, Comprehensive Outpatient Rehabilitation Facility (CORF)",,Tempe,AZ,85282,7377421867,2023-06-06,Not stated in NPPES — call to verify,CMS NPPES via Affine
1225779283,"Najwan Sami Wafi, Hygienist",Dental,,,Tempe,AZ,85282,6022437277,2022-04-05,Not stated in NPPES — call to verify,CMS NPPES via Affine
1215612395,Nalani Santos,Behavioral health,,,Tempe,AZ,85283,4804744226,2023-06-16,Not stated in NPPES — call to verify,CMS NPPES via Affine
1649957713,Nana Hope Home Health Llc,Other care,,,Tempe,AZ,85281,6029520346,2023-06-30,Not stated in NPPES — call to verify,CMS NPPES via Affine
1245255637,"Nancy Euegina Williams, Aprn",Behavioral health,Psychiatric/Mental Health,,Tempe,AZ,85282,4807180568,2020-06-10,Not stated in NPPES — call to verify,CMS NPPES via Affine
1649465675,"Nancy Jo Robinson, Dmd",Dental,General Practice,"2043 E SOUTHERN AVE, #C",Tempe,AZ,85282,4807300553,2007-09-12,Not stated in NPPES — call to verify,CMS NPPES via Affine
1437766441,Nancy Melissa Lopresti,Behavioral health,Clinical,,Tempe,AZ,85282,4808040326,2022-07-28,Not stated in NPPES — call to verify,CMS NPPES via Affine
1225404106,Nancy Mounteer,Other care,,"1400 E SOUTHERN AVE, SUITE 310",Tempe,AZ,85282,6025679881,2015-08-14,Not stated in NPPES — call to verify,CMS NPPES via Affine
1467382580,"Nange Olivacce, Np",Behavioral health,Psychiatric/Mental Health,,Tempe,AZ,85288,7025894871,2026-08-04,Not stated in NPPES — call to verify,CMS NPPES via Affine
1801498399,Naoki Therapy Llc,Behavioral health,Professional,,Tempe,AZ,85281,4807984123,2021-04-20,Not stated in NPPES — call to verify,CMS NPPES via Affine
1972156248,Naomi Goodman,Other care,Speech-Language Assistant,,Tempe,AZ,85284,4803744341,2019-07-16,Not stated in NPPES — call to verify,CMS NPPES via Affine
1174483432,Naomi Perry,Other care,,,Tempe,AZ,85281,4803174444,2025-11-17,Not stated in NPPES — call to verify,CMS NPPES via Affine
1851119044,Naomi Rothschild,Behavioral health,,,Tempe,AZ,85282,6027677942,2024-09-27,Not stated in NPPES — call to verify,CMS NPPES via Affine
1457981003,"Naomi Torrez, Lpc",Behavioral health,Professional,,Tempe,AZ,85281,4807984123,2020-10-23,Not stated in NPPES — call to verify,CMS NPPES via Affine
1386574457,Nasro Hassan Aweys,Behavioral health,Mental Health,,Tempe,AZ,85281,9166641691,2026-05-21,Not stated in NPPES — call to verify,CMS NPPES via Affine
1053048017,Natalie Garcia,Other care,Speech-Language Assistant,,Tempe,AZ,85288,3108046897,2022-08-01,Not stated in NPPES — call to verify,CMS NPPES via Affine
1447119904,"Natalie Hernandez, Cota",Other care,,,Tempe,AZ,85281,4803174444,2026-01-20,Not stated in NPPES — call to verify,CMS NPPES via Affine
1427595206,"Natalie K Johns, Mms, Pa-C",Clinic / primary care,Medical,,Tempe,AZ,85282,4808399097,2017-01-31,Not stated in NPPES — call to verify,CMS NPPES via Affine
1336399492,"Natalie Kerr Olesko, Ba",Behavioral health,,,Tempe,AZ,85285,4803825347,2026-03-20,Not stated in NPPES — call to verify,CMS NPPES via Affine
1396256384,Natalie Laroche,Other care,,,Tempe,AZ,85287,4809653521,2018-04-04,Not stated in NPPES — call to verify,CMS NPPES via Affine
1144068099,"Natalie Megan Claassen, Ms, Rd",Other care,,,Tempe,AZ,85282,6022437277,2024-07-16,Not stated in NPPES — call to verify,CMS NPPES via Affine
1497830814,"Natalya M Bilyk, Md",Clinic / primary care,,,Tempe,AZ,85281,4809653346,2007-07-08,Not stated in NPPES — call to verify,CMS NPPES via Affine
1619500972,Natasha De Soysa,Behavioral health,Mental Health,,Tempe,AZ,85283,4803076446,2020-02-14,Not stated in NPPES — call to verify,CMS NPPES via Affine
1851061360,"Natasha Haas, Rbt",Behavioral health,,,Tempe,AZ,85284,4806720536,2021-09-16,Not stated in NPPES — call to verify,CMS NPPES via Affine
1578394383,"Nathalie Alejandro, Lac, Lamft",Behavioral health,Mental Health,,Tempe,AZ,85282,4807222730,2025-07-01,Not stated in NPPES — call to verify,CMS NPPES via Affine
1841188257,"Nathan Allan Pleitner, Aprn",Clinic / primary care,Family,,Tempe,AZ,85283,4802448457,2025-06-25,Not stated in NPPES — call to verify,CMS NPPES via Affine
1679353239,Nathan David Smith,Behavioral health,,,Tempe,AZ,85283,6233301956,2023-10-02,Not stated in NPPES — call to verify,CMS NPPES via Affine
1336260439,Nathan Lyon,Other care,,,Tempe,AZ,85283,4808976233,2007-07-08,Not stated in NPPES — call to verify,CMS NPPES via Affine
1699418962,"National Birth Centers, Inc.",Clinic / primary care,Birthing,,Tempe,AZ,85282,8003494054,2024-12-22,Not stated in NPPES — call to verify,CMS NPPES via Affine
1447694047,National Durable Medical Equipment,Other care,,,Tempe,AZ,85284,8006441968,2013-04-25,Not stated in NPPES — call to verify,CMS NPPES via Affine
1790325611,National Mobility Eldercare Inc.,Other care,,,Tempe,AZ,85282,4805845894,2024-10-09,Not stated in NPPES — call to verify,CMS NPPES via Affine
1871074971,"National Vision, Inc.",Other care,Optician,,Tempe,AZ,85284,6026064498,2018-08-27,Not stated in NPPES — call to verify,CMS NPPES via Affine
1588736227,Nationwide Optometry P.C.,Other care,,,Tempe,AZ,85283,4807301884,2024-11-14,Not stated in NPPES — call to verify,CMS NPPES via Affine
1881764157,Nationwide Optometry P.C.,Other care,,,Tempe,AZ,85288,4809664992,2024-11-14,Not stated in NPPES — call to verify,CMS NPPES via Affine
1326472945,Nationwide Optometry P.C.,Other care,,,Tempe,AZ,85288,4809664992,2023-11-08,Not stated in NPPES — call to verify,CMS NPPES via Affine
1750520763,Nativeaz Llc,Other care,,,Tempe,AZ,85283,4804460767,2009-02-13,Not stated in NPPES — call to verify,CMS NPPES via Affine
1376019406,Navajo Care Trans Llc,Other care,,,Tempe,AZ,85281,8444378594,2018-10-16,Not stated in NPPES — call to verify,CMS NPPES via Affine
1356019202,"Nayeli Herrera Rivera, Rbt",Behavioral health,,,Tempe,AZ,85284,4806720536,2021-09-03,Not stated in NPPES — call to verify,CMS NPPES via Affine
1184150484,Ndg Adult Care Home Llc,Other care,,,Tempe,AZ,85281,4808942902,2017-05-04,Not stated in NPPES — call to verify,CMS NPPES via Affine
1629229380,"Neil Adam Paslawski, P.T., D.P.T., A.T.C.",Other care,,"1844 E BASELINE RD, STE. C-5",Tempe,AZ,85283,4808331005,2009-08-28,Not stated in NPPES — call to verify,CMS NPPES via Affine
1528465721,Neil Feliciano,Other care,,"950 S TERRACE RD, 105",Tempe,AZ,85281,6239396786,2014-12-03,Not stated in NPPES — call to verify,CMS NPPES via Affine
1386569101,Nekton Autism Of Arizona Llc,Behavioral health,,,Tempe,AZ,85282,8455336355,2026-08-11,Not stated in NPPES — call to verify,CMS NPPES via Affine
1821341710,"Nerve Assure, Llc",Other care,Electroneurodiagnostic,"2131 E BROADWAY RD, SUITE 22",Tempe,AZ,85282,6233352466,2017-02-06,Not stated in NPPES — call to verify,CMS NPPES via Affine
1194813279,"Neuro Institute, Inc",Other care,,"1221 W WARNER RD, SUITE 102",Tempe,AZ,85284,4807350124,2020-08-22,Not stated in NPPES — call to verify,CMS NPPES via Affine
1538821129,"Neurology Pain Group, Llc",Other care,Neurology,,Tempe,AZ,85284,4805669755,2021-10-11,Not stated in NPPES — call to verify,CMS NPPES via Affine
1083850465,"Neuropsych Connections, Inc.",Behavioral health,Clinical,"2600 E SOUTHERN AVE, STE. C3",Tempe,AZ,85282,7738072566,2009-01-06,Not stated in NPPES — call to verify,CMS NPPES via Affine
1023572658,Nevada First Choice,Other care,,,Tempe,AZ,85283,7022035591,2020-06-02,Not stated in NPPES — call to verify,CMS NPPES via Affine
1093602385,"Nevin Jensen, Dmd",Dental,,,Tempe,AZ,85283,6024389245,2026-07-08,Not stated in NPPES — call to verify,CMS NPPES via Affine
1972938116,New Choices Counseling,Behavioral health,Mental Health,"1701 S MILL AVE, SUITE 103",Tempe,AZ,85281,4802759277,2013-09-06,Not stated in NPPES — call to verify,CMS NPPES via Affine
1851887277,"New Horizon Institute, Inc.",Dental,,,Tempe,AZ,85283,4806642270,2018-07-09,Not stated in NPPES — call to verify,CMS NPPES via Affine
1053635599,New Horizon Youth Homes,Other care,,,Tempe,AZ,85282,4807222730,2023-10-06,Not stated in NPPES — call to verify,CMS NPPES via Affine
1417389958,New Solutions Counseling,Other care,,"424 E SOUTHERN AVE, SUITE 102",Tempe,AZ,85282,4809210101,2013-08-07,Not stated in NPPES — call to verify,CMS NPPES via Affine
1558092197,"New Tempo Family Dental, Llc",Clinic / primary care,Dental,,Tempe,AZ,85282,4804915000,2022-06-23,Not stated in NPPES — call to verify,CMS NPPES via Affine
1558090019,Newfound Hope Llc,Other care,,,Tempe,AZ,85282,6027251463,2022-06-08,Not stated in NPPES — call to verify,CMS NPPES via Affine
1730748435,Next Gen Medicus,Behavioral health,,,Tempe,AZ,85282,6023621823,2019-09-04,Not stated in NPPES — call to verify,CMS NPPES via Affine
1750248894,Next Level Behavioral Health Llc.,Behavioral health,Mental Health (Including Community Mental Health Center),,Tempe,AZ,85284,4807202897,2026-03-15,Not stated in NPPES — call to verify,CMS NPPES via Affine
1508015462,Next Level Physical Therapy Llc,Clinic / primary care,Physical Therapy,"4820 S ASH AVE, SUITE 101",Tempe,AZ,85282,4803456578,2008-09-16,Not stated in NPPES — call to verify,CMS NPPES via Affine
1982073672,"Next Step Southwest, Llc",Behavioral health,,"1835 E GUADALUPE RD, SUITE 103",Tempe,AZ,85283,4806595456,2015-09-23,Not stated in NPPES — call to verify,CMS NPPES via Affine
1114798071,Nextcare Arizona I Jv Llc,Clinic / primary care,Urgent Care,,Tempe,AZ,85288,4809248382,2025-01-08,Not stated in NPPES — call to verify,CMS NPPES via Affine
1366213225,Nextcare Arizona Ii Jv Llc,Clinic / primary care,Urgent Care,,Tempe,AZ,85283,4807044411,2024-01-10,Not stated in NPPES — call to verify,CMS NPPES via Affine
1780904656,Nextcare Arizona Llc,Clinic / primary care,Urgent Care,"914 N SCOTTSDALE RD, STE. 104",Tempe,AZ,85281,8008198566,2025-01-29,Not stated in NPPES — call to verify,CMS NPPES via Affine
1043371826,Nextcare Arizona Llc,Clinic / primary care,Urgent Care,,Tempe,AZ,85288,4809248382,2025-01-28,Not stated in NPPES — call to verify,CMS NPPES via Affine
1831647122,Nextcare Urgent Care,Clinic / primary care,Urgent Care,,Tempe,AZ,85283,8887058558,2025-01-29,Not stated in NPPES — call to verify,CMS NPPES via Affine
1114633815,"Nicholas Conrad Eisemann-Astone, Pmhnp",Behavioral health,Psychiatric/Mental Health,,Tempe,AZ,85281,6022167094,2024-02-26,Not stated in NPPES — call to verify,CMS NPPES via Affine
1013550383,Nicholas Moore,Other care,,,Tempe,AZ,85281,4807845500,2021-10-15,Not stated in NPPES — call to verify,CMS NPPES via Affine
1962833236,"Nicholas Rawlins, Atc",Other care,Athletic Trainer,"615 E WEBER DR, APT 1018",Tempe,AZ,85281,7076849406,2013-12-11,Not stated in NPPES — call to verify,CMS NPPES via Affine
1568927408,Nicholas Valdez,Other care,,,Tempe,AZ,85283,4807770900,2019-02-05,Not stated in NPPES — call to verify,CMS NPPES via Affine
1457785685,"Nichole A Holmes, Bht",Behavioral health,,"1817 E SOUTHERN AVE, 122",Tempe,AZ,85282,7602775562,2017-03-31,Not stated in NPPES — call to verify,CMS NPPES via Affine
1669330361,Nichole Eileen Villasana,Behavioral health,,,Tempe,AZ,85282,4808037334,2026-02-11,Not stated in NPPES — call to verify,CMS NPPES via Affine
1013916659,"Nicolas Antonio Gonzalez, M.D.",Other care,,"2600 E SOUTHERN AVE, BLDG. H",Tempe,AZ,85282,4806997248,2011-06-08,Not stated in NPPES — call to verify,CMS NPPES via Affine
1851039879,Nicole Beverly Cobb,Behavioral health,,,Tempe,AZ,85281,4808630763,2025-07-18,Not stated in NPPES — call to verify,CMS NPPES via Affine
1871815423,"Nicole Boeri, C.A.G.S., Ncsp",Behavioral health,School,"4630 S LAKESHORE DR, APT 362",Tempe,AZ,85282,4804979343,2010-02-24,Not stated in NPPES — call to verify,CMS NPPES via Affine
1669125498,Nicole Burns,Behavioral health,,,Tempe,AZ,85282,4808040326,2022-02-01,Not stated in NPPES — call to verify,CMS NPPES via Affine
1730462565,"Nicole Cain, N.M.D.",Other care,,,Tempe,AZ,85282,4809700000,2011-09-28,Not stated in NPPES — call to verify,CMS NPPES via Affine
1427556240,"Nicole Carlson, Lcsw, Pmhnp-Bc",Behavioral health,Psychiatric/Mental Health,,Tempe,AZ,85282,6265158875,2026-03-14,Not stated in NPPES — call to verify,CMS NPPES via Affine
1386361848,Nicole Christine Morin,Clinic / primary care,,,Tempe,AZ,85281,4805080882,2022-10-25,Not stated in NPPES — call to verify,CMS NPPES via Affine
1922876481,"Nicole Denise Ulm, Lac",Behavioral health,Mental Health,,Tempe,AZ,85282,4808040326,2023-12-14,Not stated in NPPES — call to verify,CMS NPPES via Affine
1053085779,"Nicole E Morgan, Pa-C",Clinic / primary care,,,Tempe,AZ,85283,6023498117,2025-03-27,Not stated in NPPES — call to verify,CMS NPPES via Affine
1548893845,"Nicole Ellis, Lcsw",Behavioral health,Clinical,,Tempe,AZ,85282,4808040326,2022-05-11,Not stated in NPPES — call to verify,CMS NPPES via Affine
1609351543,Nicole F Schmidt,Behavioral health,,,Tempe,AZ,85282,8667278274,2021-12-15,Not stated in NPPES — call to verify,CMS NPPES via Affine
1497364590,"Nicole G Hanhan, Lcsw",Behavioral health,Clinical,,Tempe,AZ,85282,4808040326,2021-03-29,Not stated in NPPES — call to verify,CMS NPPES via Affine
1295338408,Nicole Heim Lpc Pllc,Behavioral health,Professional,,Tempe,AZ,85283,4802123349,2020-11-19,Not stated in NPPES — call to verify,CMS NPPES via Affine
1275180457,Nicole M Safer,Clinic / primary care,,,Tempe,AZ,85284,4807390007,2026-06-23,Not stated in NPPES — call to verify,CMS NPPES via Affine
1740903939,"Nicole Marie Armenta, Bsn, Rn",Other care,Case Management,,Tempe,AZ,85282,5202337111,2022-09-22,Not stated in NPPES — call to verify,CMS NPPES via Affine
1669330338,Nicole Mayo,Other care,,,Tempe,AZ,85282,4808864806,2026-01-12,Not stated in NPPES — call to verify,CMS NPPES via Affine
1730774738,Nicole Renee Matthews,Behavioral health,,,Tempe,AZ,85284,6026665101,2021-03-02,Not stated in NPPES — call to verify,CMS NPPES via Affine
1730668815,Nicole Sandoval,Other care,,,Tempe,AZ,85283,4807770607,2018-08-09,Not stated in NPPES — call to verify,CMS NPPES via Affine
1952136400,Nicole Schuster,Behavioral health,Mental Health,,Tempe,AZ,85283,4803076446,2024-09-04,Not stated in NPPES — call to verify,CMS NPPES via Affine
1699590141,Nicole Smithson,Behavioral health,Mental Health,,Tempe,AZ,85282,4805250058,2024-11-20,Not stated in NPPES — call to verify,CMS NPPES via Affine
1548869597,"Nicole Swetzoff, Rph",Pharmacy,,,Tempe,AZ,85283,4803455480,2023-11-27,Not stated in NPPES — call to verify,CMS NPPES via Affine
1073571253,"Nielsen & Cyment, Inc.",Other care,,,Tempe,AZ,85282,4806759122,2024-06-07,Not stated in NPPES — call to verify,CMS NPPES via Affine
1487239489,Nikao Performance And Rehab,Clinic / primary care,Physical Therapy,,Tempe,AZ,85282,4805240321,2021-03-11,Not stated in NPPES — call to verify,CMS NPPES via Affine
1063107118,"Nikao Physical Therapy, Pllc",Other care,,,Tempe,AZ,85282,4805240321,2023-06-15,Not stated in NPPES — call to verify,CMS NPPES via Affine
1780497644,"Nikki Frank-Chapman, Lpc",Behavioral health,Professional,,Tempe,AZ,85284,4805730000,2025-01-27,Not stated in NPPES — call to verify,CMS NPPES via Affine
1023882560,Nikki Hoang,Behavioral health,,,Tempe,AZ,85281,4808630763,2024-12-23,Not stated in NPPES — call to verify,CMS NPPES via Affine
1174233381,"Nikki Lynn Libby, Lpc",Behavioral health,Mental Health,,Tempe,AZ,85283,4802016192,2022-11-29,Not stated in NPPES — call to verify,CMS NPPES via Affine
1205678331,Nikolas Enrique Ramos,Behavioral health,Psychiatric/Mental Health,,Tempe,AZ,85283,5204099429,2024-06-17,Not stated in NPPES — call to verify,CMS NPPES via Affine
1235258898,"Nikoletta Arvanitis, Ot",Other care,,"1930 E SOUTHERN AVE, STE 212",Tempe,AZ,85282,4804560719,2009-08-20,Not stated in NPPES — call to verify,CMS NPPES via Affine
1467999045,"Nina Zabalza, Fnp",Clinic / primary care,Family,,Tempe,AZ,85284,0000000000,2019-11-08,Not stated in NPPES — call to verify,CMS NPPES via Affine
1801823026,"Niraja T Patel, Do",Other care,Child & Adolescent Psychiatry,"1150 S FOREST, #334",Tempe,AZ,85287,4809656147,2007-07-08,Not stated in NPPES — call to verify,CMS NPPES via Affine
1013752534,Nirav G Patel,Other care,,,Tempe,AZ,85284,4805042676,2024-06-26,Not stated in NPPES — call to verify,CMS NPPES via Affine
1275052326,"Nisha Todi, Psy.D",Behavioral health,,,Tempe,AZ,85287,2158965097,2017-09-10,Not stated in NPPES — call to verify,CMS NPPES via Affine
1083048789,"Niyat Patel, Pharmd",Pharmacy,,,Tempe,AZ,85283,4808312292,2016-10-24,Not stated in NPPES — call to verify,CMS NPPES via Affine
1265148787,Niyimpaye Elina,Behavioral health,,,Tempe,AZ,85283,9282556213,2023-01-27,Not stated in NPPES — call to verify,CMS NPPES via Affine
1730845520,Noah Charles,Behavioral health,Mental Health,,Tempe,AZ,85283,4803076446,2021-11-16,Not stated in NPPES — call to verify,CMS NPPES via Affine
1477499069,Noah John Alt,Other care,,,Tempe,AZ,85282,4808589100,2026-04-27,Not stated in NPPES — call to verify,CMS NPPES via Affine
1760214738,"Noah Nelson, Dds",Dental,,,Tempe,AZ,85282,4803393535,2024-08-17,Not stated in NPPES — call to verify,CMS NPPES via Affine
1922753268,Noah Townes,Behavioral health,,,Tempe,AZ,85282,2484364400,2023-04-11,Not stated in NPPES — call to verify,CMS NPPES via Affine
1922790815,Noble Health Llc,Behavioral health,Mental Health (Including Community Mental Health Center),,Tempe,AZ,85282,4806515315,2025-09-15,Not stated in NPPES — call to verify,CMS NPPES via Affine
1114617529,Nobles Transportation Llc,Other care,,,Tempe,AZ,85283,7203452331,2023-05-09,Not stated in NPPES — call to verify,CMS NPPES via Affine
1033851662,Nora Softa,Behavioral health,,,Tempe,AZ,85283,4804893925,2022-04-13,Not stated in NPPES — call to verify,CMS NPPES via Affine
1689033581,Norman Nazareth Md Pc,Other care,,"2421 E SOUTHERN AVE, SUITE 1",Tempe,AZ,85282,4804252160,2016-02-19,Not stated in NPPES — call to verify,CMS NPPES via Affine
1447256060,"Norman Nazareth, M.D.",Other care,,"2421 E SOUTHERN AVE, STE 1",Tempe,AZ,85282,6232999199,2016-02-10,Not stated in NPPES — call to verify,CMS NPPES via Affine
1275817199,"Northland Hearing Centers, Inc.",Clinic / primary care,Hearing and Speech,,Tempe,AZ,85282,4807750950,2018-10-15,Not stated in NPPES — call to verify,CMS NPPES via Affine
1477212306,Northsight Recovery Llc,Behavioral health,Mental Health (Including Community Mental Health Center),,Tempe,AZ,85282,4805440283,2023-04-20,Not stated in NPPES — call to verify,CMS NPPES via Affine
1083957443,Northstar Homecare,Other care,Adult Care Home,,Tempe,AZ,85283,4803298784,2013-04-03,Not stated in NPPES — call to verify,CMS NPPES via Affine
1699651323,"Notiosha Daddabbo, Addictions Counselor",Behavioral health,Addiction (Substance Use Disorder),,Tempe,AZ,85281,6023803692,2025-08-15,Not stated in NPPES — call to verify,CMS NPPES via Affine
1871288878,Nourish Natural Medical Center,Other care,,"4450 S. RURAL RD, BLDG A, STE 210",Tempe,AZ,85282,4803613844,2023-04-06,Not stated in NPPES — call to verify,CMS NPPES via Affine
1154962405,Nova Anesthesia Llc,Other care,,,Tempe,AZ,85283,6025270791,2020-09-16,Not stated in NPPES — call to verify,CMS NPPES via Affine
1225679129,Nova Pain And Wellness Llc,Other care,Interventional Pain Medicine,,Tempe,AZ,85283,6025270791,2020-09-16,Not stated in NPPES — call to verify,CMS NPPES via Affine
1144870569,"Nova Surgical Center, Llc",Clinic / primary care,Ambulatory Surgical,,Tempe,AZ,85283,6025270791,2020-09-16,Not stated in NPPES — call to verify,CMS NPPES via Affine
1043417082,Novacare Outpatient Rehabilitation West Inc,Clinic / primary care,Physical Therapy,"4515 S MCCLINTOCK DR, STE 110",Tempe,AZ,85282,4808392196,2020-08-22,Not stated in NPPES — call to verify,CMS NPPES via Affine
1588296503,Np9 Healthcare Llc,Other care,Interventional Pain Medicine,,Tempe,AZ,85282,4809304018,2020-02-21,Not stated in NPPES — call to verify,CMS NPPES via Affine
1629131446,Nu Image Dentistry,Dental,,,Tempe,AZ,85282,4806995357,2020-08-22,Not stated in NPPES — call to verify,CMS NPPES via Affine
1790746915,"Nubia Porras, M.D.",Clinic / primary care,,,Tempe,AZ,85281,4809653346,2016-12-15,Not stated in NPPES — call to verify,CMS NPPES via Affine
1588486690,Numan Redwan Hassan,Behavioral health,,,Tempe,AZ,85283,6029267200,2024-10-29,Not stated in NPPES — call to verify,CMS NPPES via Affine
1750931317,"Nutaila Rizwi, Lpc",Behavioral health,Professional,"1642 S. PRIEST DRIVE, BLDG. 6, STE. 101",Tempe,AZ,85281,6026856000,2024-03-24,Not stated in NPPES — call to verify,CMS NPPES via Affine
1679190177,Nventa Incorporated,Clinic / primary care,Research,,Tempe,AZ,85283,4809229383,2020-06-30,Not stated in NPPES — call to verify,CMS NPPES via Affine
1487517298,O&T Health And Wellness Center Llc,Behavioral health,Mental Health (Including Community Mental Health Center),"1204 E BASELINE RD, STE 106",Tempe,AZ,85283,4809155395,2025-12-08,Not stated in NPPES — call to verify,CMS NPPES via Affine
1225731011,Oak Point Wellness Center,Other care,,,Tempe,AZ,85288,4694529408,2023-03-22,Not stated in NPPES — call to verify,CMS NPPES via Affine
1356686281,Oanh Nguyen,Behavioral health,School,,Tempe,AZ,85283,4808977122,2012-12-04,Not stated in NPPES — call to verify,CMS NPPES via Affine
1174070585,"Oasis Therapy Services, Llc",Other care,,,Tempe,AZ,85283,4807031481,2016-09-01,Not stated in NPPES — call to verify,CMS NPPES via Affine
1689891244,"Occupational Diagnostics, Inc.",Other care,Neurorehabilitation,"2055 E SOUTHERN AVE, SUITE C",Tempe,AZ,85282,4808205526,2025-09-11,Not stated in NPPES — call to verify,CMS NPPES via Affine
1639187313,Occupational Health Centers Of The Southwest Pa,Clinic / primary care,Occupational Medicine,,Tempe,AZ,85282,4809687200,2025-06-19,Not stated in NPPES — call to verify,CMS NPPES via Affine
1730688508,"Occupational Health Centers Of The Southwest, P.A. (Az)",Clinic / primary care,Occupational Medicine,,Tempe,AZ,85281,4809212273,2025-06-19,Not stated in NPPES — call to verify,CMS NPPES via Affine
1093373284,"Odilette Trevizo, Rn, Bsn",Other care,,"BEAUTIFUL YOU MED SPA, 123 E BASELINE RD STE D208",Tempe,AZ,85283,6025103948,2019-08-21,Not stated in NPPES — call to verify,CMS NPPES via Affine
1326787508,"Oksana Mcfall, Pa",Clinic / primary care,,,Tempe,AZ,85283,4804911898,2024-07-22,Not stated in NPPES — call to verify,CMS NPPES via Affine
1477750958,"Okun Dentistry, P.C.",Dental,General Practice,"1050 E SOUTHERN AVE, SUITE 8",Tempe,AZ,85282,4809678763,2020-08-22,Not stated in NPPES — call to verify,CMS NPPES via Affine
1801557772,Okun Family Dental Llc,Dental,General Practice,,Tempe,AZ,85282,4809678763,2022-01-04,Not stated in NPPES — call to verify,CMS NPPES via Affine
1790162857,Olena Baratti,Other care,,,Tempe,AZ,85283,4803455000,2015-04-28,Not stated in NPPES — call to verify,CMS NPPES via Affine
1265298558,"Olidia Michelle Casses, Rbt",Behavioral health,,,Tempe,AZ,85284,4806720536,2024-02-23,Not stated in NPPES — call to verify,CMS NPPES via Affine
1962227975,"Olivia Aguilera, Lpc",Behavioral health,Professional,,Tempe,AZ,85284,9289254268,2026-03-20,Not stated in NPPES — call to verify,CMS NPPES via Affine
1447915590,"Olivia Diane Heinz, Pta",Other care,,,Tempe,AZ,85284,4804734341,2021-11-03,Not stated in NPPES — call to verify,CMS NPPES via Affine
1497674733,Olivia Evans,Other care,,,Tempe,AZ,85284,4803744341,2026-07-11,Not stated in NPPES — call to verify,CMS NPPES via Affine
1235987603,Olivia Lougee,Behavioral health,Professional,,Tempe,AZ,85282,4805250058,2024-05-09,Not stated in NPPES — call to verify,CMS NPPES via Affine
1285970962,"Olivia Lynn Bartola, Lmt",Other care,,"2127 E BASELINE RD, SUITE 101",Tempe,AZ,85283,4803771226,2012-12-27,Not stated in NPPES — call to verify,CMS NPPES via Affine
1740142207,Olivia Melichar,Other care,,,Tempe,AZ,85284,4807568617,2025-12-02,Not stated in NPPES — call to verify,CMS NPPES via Affine
1245881077,Olivia Rose Dodd,Other care,Speech-Language Assistant,,Tempe,AZ,85284,4803744341,2025-11-20,Not stated in NPPES — call to verify,CMS NPPES via Affine
1073204855,Olivia Ruiz,Behavioral health,,,Tempe,AZ,85281,8552237123,2023-05-15,Not stated in NPPES — call to verify,CMS NPPES via Affine
1740465244,Olsen Brothers Dental P.L.L.C.,Dental,General Practice,"1840 E BASELINE RD, STE A-2",Tempe,AZ,85283,4804919911,2008-01-02,Not stated in NPPES — call to verify,CMS NPPES via Affine
1619509841,"Olukemi Akinbusuyi, Lpc",Behavioral health,Professional,,Tempe,AZ,85282,3128777493,2025-05-21,Not stated in NPPES — call to verify,CMS NPPES via Affine
1275375743,"Omar Berry, Rbt",Behavioral health,,,Tempe,AZ,85284,4806720536,2024-06-06,Not stated in NPPES — call to verify,CMS NPPES via Affine
1891194742,"Omar Farag, Pharmd",Pharmacy,,"1800 E RIO SALADO PKWY, SUITE 120",Tempe,AZ,85281,4802142668,2014-08-16,Not stated in NPPES — call to verify,CMS NPPES via Affine
1104322023,"Omega Medical & Pain Management, Pllc",Other care,Pain Medicine,,Tempe,AZ,85282,4148205603,2018-03-30,Not stated in NPPES — call to verify,CMS NPPES via Affine
1295694461,"Omega Vision, Llc",Other care,,,Tempe,AZ,85288,4806061806,2026-02-18,Not stated in NPPES — call to verify,CMS NPPES via Affine
1639611130,Omni Dermatology Tempe Llc,Other care,,"4515 S MCCLINTOCK DR, STE 101",Tempe,AZ,85282,6025595470,2016-11-15,Not stated in NPPES — call to verify,CMS NPPES via Affine
1114638665,On Call Dental Urgent Care Llc,Clinic / primary care,Dental,,Tempe,AZ,85282,4803554131,2022-12-06,Not stated in NPPES — call to verify,CMS NPPES via Affine
1205127917,On Time Med Trans Inc,Other care,,,Tempe,AZ,85283,6023307833,2011-04-28,Not stated in NPPES — call to verify,CMS NPPES via Affine
1386969228,On Time Medical Transport Service,Other care,,,Tempe,AZ,85283,4807038800,2010-04-05,Not stated in NPPES — call to verify,CMS NPPES via Affine
1073213666,On Track Recovery Llc,Other care,,,Tempe,AZ,85282,7863774925,2023-03-14,Not stated in NPPES — call to verify,CMS NPPES via Affine
1609238328,Oncall Dental Urgent Care Llc,Dental,,"3244 S MILL AVE, 105",Tempe,AZ,85282,4803554131,2016-03-22,Not stated in NPPES — call to verify,CMS NPPES via Affine
1194216903,Oncall Pain Llc,Other care,Pain Medicine,,Tempe,AZ,85281,6023450647,2022-09-20,Not stated in NPPES — call to verify,CMS NPPES via Affine
1316206048,One Source Radiology,Clinic / primary care,Radiology,,Tempe,AZ,85281,4806565400,2012-05-15,Not stated in NPPES — call to verify,CMS NPPES via Affine
1316637986,One Stop Life Center,Behavioral health,,,Tempe,AZ,85282,6023488249,2023-05-08,Not stated in NPPES — call to verify,CMS NPPES via Affine
1144489709,"One World Therapy, Llc",Other care,,,Tempe,AZ,85283,6026905147,2008-06-08,Not stated in NPPES — call to verify,CMS NPPES via Affine
1346054624,Onward Counseling Llc,Behavioral health,Mental Health (Including Community Mental Health Center),,Tempe,AZ,85282,4804064487,2025-02-05,Not stated in NPPES — call to verify,CMS NPPES via Affine
1548462641,"Ooli Orthodontics - Az, Tempe, P.C.",Dental,Orthodontics and Dentofacial Orthopedics,"6200 S MCCLINTOCK DR, SUITE #4",Tempe,AZ,85283,4807777759,2007-08-08,Not stated in NPPES — call to verify,CMS NPPES via Affine
1467467084,Op Pharmacy Llc,Pharmacy,Community/Retail Pharmacy,,Tempe,AZ,85281,4802401111,2024-01-16,Not stated in NPPES — call to verify,CMS NPPES via Affine
1629729116,Open Hand Llc,Behavioral health,Mental Health (Including Community Mental Health Center),,Tempe,AZ,85282,7758139703,2022-01-16,Not stated in NPPES — call to verify,CMS NPPES via Affine
1174932669,Open Hearts,Other care,,,Tempe,AZ,85282,4806214122,2025-11-19,Not stated in NPPES — call to verify,CMS NPPES via Affine
1205646346,Open Hearts,Other care,,,Tempe,AZ,85282,6022855550,2025-11-20,Not stated in NPPES — call to verify,CMS NPPES via Affine
1689648925,Ophthalmic Surgeons & Physicians Ltd,Other care,,,Tempe,AZ,85282,4803602020,2023-09-18,Not stated in NPPES — call to verify,CMS NPPES via Affine
1134301963,Optimal Health Center,Other care,,,Tempe,AZ,85282,4807309636,2016-04-06,Not stated in NPPES — call to verify,CMS NPPES via Affine
1669138152,Optimal Hospice Inc,Other care,,,Tempe,AZ,85282,6238878837,2021-11-10,Not stated in NPPES — call to verify,CMS NPPES via Affine
1447992185,Optimal Practice,Clinic / primary care,,,Tempe,AZ,85283,3108770127,2022-04-12,Not stated in NPPES — call to verify,CMS NPPES via Affine
1467250415,Optimal Royal Living,Other care,,,Tempe,AZ,85282,8133103569,2025-03-05,Not stated in NPPES — call to verify,CMS NPPES via Affine
1972480069,"Optum Behavioral Care Of Colorado, P.C.",Behavioral health,Clinical,,Tempe,AZ,85288,8776220013,2026-08-10,Not stated in NPPES — call to verify,CMS NPPES via Affine
1215806633,Opus Recovery Inc.,Behavioral health,Mental Health (Including Community Mental Health Center),,Tempe,AZ,85281,4805200003,2025-11-03,Not stated in NPPES — call to verify,CMS NPPES via Affine
1285340513,Orbit Behavioral Health And Wellness,Clinic / primary care,Multi-Specialty,,Tempe,AZ,85288,4236195364,2025-04-14,Not stated in NPPES — call to verify,CMS NPPES via Affine
1952289324,Orbit Behavioral Health And Wellness,Behavioral health,Mental Health (Including Community Mental Health Center),,Tempe,AZ,85288,4236195364,2026-06-16,Not stated in NPPES — call to verify,CMS NPPES via Affine
1164043204,"Orthopaedic Regenerative Medicine, Llc",Other care,Sports Medicine,,Tempe,AZ,85282,6024290404,2020-04-29,Not stated in NPPES — call to verify,CMS NPPES via Affine
1760729032,"Orthopedic Therapy And Wellness, Pllc",Other care,Orthopedic,"2525 S. RURAL ROAD, SUITE 5-S",Tempe,AZ,85282,4809219000,2013-01-07,Not stated in NPPES — call to verify,CMS NPPES via Affine
1841511326,Osma Mohamed Osman,Other care,,,Tempe,AZ,85283,4807971467,2010-06-18,Not stated in NPPES — call to verify,CMS NPPES via Affine
1265353551,Othnelia Amegashie,Other care,,,Tempe,AZ,85284,4803744341,2026-07-22,Not stated in NPPES — call to verify,CMS NPPES via Affine
1982134565,"Otilia Elizabeth Herrera Jaimes, Slpa",Other care,Speech-Language Assistant,,Tempe,AZ,85284,4806345440,2022-07-21,Not stated in NPPES — call to verify,CMS NPPES via Affine
1609204171,"Owens Insurance Services, Inc",Other care,,,Tempe,AZ,85282,4809218113,2013-10-21,Not stated in NPPES — call to verify,CMS NPPES via Affine
1316910789,"P And T Committee, Llc",Other care,Oxygen Equipment & Supplies,,Tempe,AZ,85281,6022525000,2007-07-20,Not stated in NPPES — call to verify,CMS NPPES via Affine
1467144782,Pacific Mental Health Arizona Llc,Behavioral health,,,Tempe,AZ,85282,4255822041,2026-03-17,Not stated in NPPES — call to verify,CMS NPPES via Affine
1811833221,"Page Family Health And Wellness, Llc",Clinic / primary care,,,Tempe,AZ,85282,4808942823,2026-04-27,Not stated in NPPES — call to verify,CMS NPPES via Affine
1629489125,Page Family Practice Pllc,Clinic / primary care,,,Tempe,AZ,85282,4808942823,2022-04-19,Not stated in NPPES — call to verify,CMS NPPES via Affine
1760587885,"Page Family Practice, Pllc",Clinic / primary care,,,Tempe,AZ,85282,4808942823,2022-04-19,Not stated in NPPES — call to verify,CMS NPPES via Affine
1609515493,"Paige Anolick, Ma, Bcba",Behavioral health,,,Tempe,AZ,85284,6028870925,2026-03-18,Not stated in NPPES — call to verify,CMS NPPES via Affine
1952876625,"Pain Free Az, Pllc",Other care,,,Tempe,AZ,85282,4809684642,2018-12-20,Not stated in NPPES — call to verify,CMS NPPES via Affine
1811378631,Pain Treatment Center Of Tempe,Clinic / primary care,Ambulatory Surgical,"4515 S. MCCLINTOCK DRIVE, SUITE 114",Tempe,AZ,85282,4808205603,2017-10-17,Not stated in NPPES — call to verify,CMS NPPES via Affine
1093137671,"Palliative Care Alliance, Llc",Other care,,,Tempe,AZ,85281,6022696011,2018-07-27,Not stated in NPPES — call to verify,CMS NPPES via Affine
1831444652,Palliative Connections Inc.,Other care,,"2141 EAST BROADWAY DRIVE, SUITE 118",Tempe,AZ,85282,9188943487,2012-08-16,Not stated in NPPES — call to verify,CMS NPPES via Affine
1811248479,Palliative Pharmacy Partners Llc,Pharmacy,Long Term Care Pharmacy,"1843 E SOUTHERN AVE, 102",Tempe,AZ,85282,4804915244,2012-12-21,Not stated in NPPES — call to verify,CMS NPPES via Affine
1992928444,"Palo Verde Life Center, Inc.",Other care,,"2421 E SOUTHERN AVE, SUITE 5",Tempe,AZ,85282,4808203212,2020-08-22,Not stated in NPPES — call to verify,CMS NPPES via Affine
1295440253,Paloma Mars,Behavioral health,,,Tempe,AZ,85283,4802828778,2023-01-13,Not stated in NPPES — call to verify,CMS NPPES via Affine
1316908932,"Pamela F Tom, M.D.",Other care,,,Tempe,AZ,85281,4809653346,2026-07-13,Not stated in NPPES — call to verify,CMS NPPES via Affine
1033659685,Pamela Gangler,Other care,,"1801 S JENTILLY LN, SUITE A-14",Tempe,AZ,85281,4807445227,2017-03-01,Not stated in NPPES — call to verify,CMS NPPES via Affine
1326758509,"Pamela Green, Lac",Behavioral health,Mental Health,,Tempe,AZ,85284,6029195685,2022-11-29,Not stated in NPPES — call to verify,CMS NPPES via Affine
1972570398,"Pamela K Tangri, Md",Other care,Anatomic Pathology & Clinical Pathology,,Tempe,AZ,85281,6026855211,2013-08-15,Not stated in NPPES — call to verify,CMS NPPES via Affine
1396988499,"Pamela Neuharth, Ms, Pt",Other care,Orthopedic,"2525 S RURAL RD, SUITE 5-S",Tempe,AZ,85282,4809219000,2012-01-05,Not stated in NPPES — call to verify,CMS NPPES via Affine
1801489117,"Pamela Puente, Ibclc",Other care,,,Tempe,AZ,85284,4804428491,2021-02-17,Not stated in NPPES — call to verify,CMS NPPES via Affine
1073102323,"Pamela Rae Davis, Lmt",Other care,,,Tempe,AZ,85283,4804667473,2021-01-12,Not stated in NPPES — call to verify,CMS NPPES via Affine
1033118245,"Pamela Renee Boyle, Lpc, Lisac",Behavioral health,Addiction (Substance Use Disorder),"4635 S LAKESHORE DR, 108",Tempe,AZ,85282,6024999245,2026-04-28,Not stated in NPPES — call to verify,CMS NPPES via Affine
1801478409,"Pamela S Russell, Rn, Wcc, Bsn",Other care,Case Management,,Tempe,AZ,85282,5202337111,2021-04-22,Not stated in NPPES — call to verify,CMS NPPES via Affine
1831511237,"Pamela Schmidt, Pharm.D.",Pharmacy,,,Tempe,AZ,85284,4803451124,2014-01-20,Not stated in NPPES — call to verify,CMS NPPES via Affine
1770903957,Panda Care Llc,Other care,Land Transport,,Tempe,AZ,85282,4806560437,2014-04-25,Not stated in NPPES — call to verify,CMS NPPES via Affine
1598451148,Paola Alejandrina Ochoa,Behavioral health,,,Tempe,AZ,85281,8552237123,2023-04-17,Not stated in NPPES — call to verify,CMS NPPES via Affine
1912435272,"Paola Galindo, Slpa",Other care,Speech-Language Assistant,,Tempe,AZ,85282,4806345440,2022-07-21,Not stated in NPPES — call to verify,CMS NPPES via Affine
1659425791,Pape Pediatric Therapy Pllc,Other care,,,Tempe,AZ,85283,6023299034,2020-08-22,Not stated in NPPES — call to verify,CMS NPPES via Affine
1174129332,"Paperflower Psychiatry, Llc",Behavioral health,Psychiatric/Mental Health,,Tempe,AZ,85283,9285044700,2026-07-13,Not stated in NPPES — call to verify,CMS NPPES via Affine
1609501949,Paquet Anesthesia Llc,Other care,,,Tempe,AZ,85282,4804252160,2022-07-20,Not stated in NPPES — call to verify,CMS NPPES via Affine
1700773819,Paragon Citadel Llc,Behavioral health,Psychiatric/Mental Health,,Tempe,AZ,85288,4049807137,2026-05-22,Not stated in NPPES — call to verify,CMS NPPES via Affine
1356050686,Paramount Recovery Center Llc,Clinic / primary care,"Rehabilitation, Substance Use Disorder",,Tempe,AZ,85282,9285834878,2023-07-11,Not stated in NPPES — call to verify,CMS NPPES via Affine
1922798677,"Parent Information Distribution Center, Inc",Other care,,,Tempe,AZ,85282,6233830375,2023-05-08,Not stated in NPPES — call to verify,CMS NPPES via Affine
1669155180,"Parish Lakenzie Crawford, Otd, Otr/L",Other care,,,Tempe,AZ,85282,4808471637,2023-08-10,Not stated in NPPES — call to verify,CMS NPPES via Affine
1598617425,"Partners In Recovery, Llc",Clinic / primary care,,,Tempe,AZ,85288,4809693800,2026-02-12,Not stated in NPPES — call to verify,CMS NPPES via Affine
1578767851,"Partners In Women's Health, P.C.",Other care,,"2501 E SOUTHERN AVE, STE. 14",Tempe,AZ,85282,4807303331,2011-04-12,Not stated in NPPES — call to verify,CMS NPPES via Affine
1699484063,Passion Behavioral Health Center Llc,Behavioral health,Adult Mental Health,,Tempe,AZ,85288,6027933603,2022-11-15,Not stated in NPPES — call to verify,CMS NPPES via Affine
1437948635,Path Health Llc,Behavioral health,Mental Health (Including Community Mental Health Center),,Tempe,AZ,85282,4804311572,2026-08-12,Not stated in NPPES — call to verify,CMS NPPES via Affine
1669692331,Patient Care Infusion,Other care,,,Tempe,AZ,85281,6022525000,2010-11-05,Not stated in NPPES — call to verify,CMS NPPES via Affine
1295707933,Patient Care Infusion Llc,Pharmacy,Home Infusion Therapy Pharmacy,,Tempe,AZ,85281,6022525000,2012-04-20,Not stated in NPPES — call to verify,CMS NPPES via Affine
1770082810,Patient Care Infusion Llc,Pharmacy,Specialty Pharmacy,,Tempe,AZ,85281,4802463968,2018-02-05,Not stated in NPPES — call to verify,CMS NPPES via Affine
1417456633,Patient Care Infusion Llc,Pharmacy,Ambulatory Care,,Tempe,AZ,85281,4802463968,2018-02-02,Not stated in NPPES — call to verify,CMS NPPES via Affine
1093503914,Patient First Anesthesia Llc,Other care,,,Tempe,AZ,85282,4804252160,2025-04-29,Not stated in NPPES — call to verify,CMS NPPES via Affine
1275000903,Patrice R Williams,Other care,,,Tempe,AZ,85282,4803824445,2023-04-19,Not stated in NPPES — call to verify,CMS NPPES via Affine
1265493985,"Patricia A Hunt, F.N.P.",Clinic / primary care,,,Tempe,AZ,85281,4809653346,2026-07-13,Not stated in NPPES — call to verify,CMS NPPES via Affine
1962792655,"Patricia Ann Ahler, Mt-Bc",Other care,,,Tempe,AZ,85284,6023618848,2011-04-14,Not stated in NPPES — call to verify,CMS NPPES via Affine
1023267051,"Patricia Ann Faust, Np",Clinic / primary care,Women''s Health,"6200 S MCCLINTOCK DR, 104",Tempe,AZ,85283,4803883666,2018-10-03,Not stated in NPPES — call to verify,CMS NPPES via Affine
1083835045,"Patricia Anne O'connor, Lcsw",Behavioral health,Clinical,,Tempe,AZ,85282,4803261557,2013-10-04,Not stated in NPPES — call to verify,CMS NPPES via Affine
1437473717,"Patricia Berta Janicek, Whnp-Bc",Clinic / primary care,Women''s Health,"6301 S MCCLINTOCK DR, SUITE 215",Tempe,AZ,85283,4808206657,2014-12-19,Not stated in NPPES — call to verify,CMS NPPES via Affine
1063942738,"Patricia Chase, Lpc",Behavioral health,Professional,,Tempe,AZ,85282,4804656033,2023-11-06,Not stated in NPPES — call to verify,CMS NPPES via Affine
1255214300,"Patricia Diane Hance, Rn",Other care,School,,Tempe,AZ,85283,4808976233,2025-07-28,Not stated in NPPES — call to verify,CMS NPPES via Affine
1790149904,Patricia Felix,Behavioral health,,,Tempe,AZ,85284,6026665104,2018-03-17,Not stated in NPPES — call to verify,CMS NPPES via Affine
1972500437,"Patricia Jane Nedberg, Ccc Slp",Other care,,"2435 E SOUTHERN AVE, SUITE 7",Tempe,AZ,85282,4803452012,2007-07-08,Not stated in NPPES — call to verify,CMS NPPES via Affine
1235257247,"Patricia L Winterbottom, Ot",Other care,,,Tempe,AZ,85282,4804560719,2009-09-15,Not stated in NPPES — call to verify,CMS NPPES via Affine
1760202808,"Patricia Louise Drury, Rn Bsn",Other care,,,Tempe,AZ,85281,4809669934,2024-10-14,Not stated in NPPES — call to verify,CMS NPPES via Affine
1881814218,"Patricia Mccartney, Ccc-Slp",Other care,,,Tempe,AZ,85283,4808396000,2007-07-08,Not stated in NPPES — call to verify,CMS NPPES via Affine
1568309110,"Patricia Mcnally, Lpc",Behavioral health,Professional,,Tempe,AZ,85281,4807841514,2026-05-01,Not stated in NPPES — call to verify,CMS NPPES via Affine
1316852346,Patricia Ramp,Behavioral health,,,Tempe,AZ,85281,4807841514,2026-08-14,Not stated in NPPES — call to verify,CMS NPPES via Affine
1457289605,Patrick Acopio,Other care,,,Tempe,AZ,85283,4808863058,2026-05-09,Not stated in NPPES — call to verify,CMS NPPES via Affine
1881029718,"Patrick Michael Hines, Mspas, Pa-C",Clinic / primary care,Medical,"4653 S LAKESHORE DR, #2",Tempe,AZ,85282,4804568981,2013-09-12,Not stated in NPPES — call to verify,CMS NPPES via Affine
1508069675,"Patrick Mirzayan, Pharmd",Pharmacy,,"51 W 3RD ST, SUITE 501",Tempe,AZ,85281,4803176780,2007-07-08,Not stated in NPPES — call to verify,CMS NPPES via Affine
1760772263,"Patrick Sean Duffy, Rph",Pharmacy,,,Tempe,AZ,85282,4808944293,2011-04-18,Not stated in NPPES — call to verify,CMS NPPES via Affine
1154789139,Patrick Sheehan,Other care,,"1400 E SOUTHERN AVE, 310",Tempe,AZ,85282,4807034764,2016-02-04,Not stated in NPPES — call to verify,CMS NPPES via Affine
1558932228,"Patrick Thomas, Lmsw",Behavioral health,Clinical,,Tempe,AZ,85282,6657920298,2021-07-05,Not stated in NPPES — call to verify,CMS NPPES via Affine
1134274442,"Patti-Jo Davis, Rnp, Lpc",Behavioral health,"Psychiatric/Mental Health, Adult","4600 S MILL AVE, SUITE 160",Tempe,AZ,85282,4803451200,2025-09-11,Not stated in NPPES — call to verify,CMS NPPES via Affine
1205286952,"Paul Cords, Pt, Dpt",Other care,,,Tempe,AZ,85281,4808211997,2016-06-14,Not stated in NPPES — call to verify,CMS NPPES via Affine
1477854412,"Paul K Mcilrath, Rph",Pharmacy,,,Tempe,AZ,85282,4802969423,2010-11-08,Not stated in NPPES — call to verify,CMS NPPES via Affine
1306169602,Paul West Vinci,Other care,,"1492 S MILL AVE, 101",Tempe,AZ,85281,4809212273,2010-03-01,Not stated in NPPES — call to verify,CMS NPPES via Affine
1780762203,"Paula Murphy, Rd Cde",Other care,,"2149 E WARNER RD, SUITE 101",Tempe,AZ,85284,4806106111,2007-11-26,Not stated in NPPES — call to verify,CMS NPPES via Affine
1558366559,"Paula R Tanis, Lpc",Behavioral health,Professional,"6301 S. MCCLINTOCK DR. #215, KIRSTEN SORENSEN",Tempe,AZ,85283,4808206657,2026-07-13,Not stated in NPPES — call to verify,CMS NPPES via Affine
1356979207,"Paulina Catherine Arsenault, M.S., Cf-Slp",Other care,,,Tempe,AZ,85282,4804560719,2020-03-27,Not stated in NPPES — call to verify,CMS NPPES via Affine
1538668223,Paws Bereavement,Behavioral health,Professional,,Tempe,AZ,85282,5153154836,2018-02-07,Not stated in NPPES — call to verify,CMS NPPES via Affine
1669608717,Pax Et Bonum Family Practice,Clinic / primary care,Family,,Tempe,AZ,85283,4802367330,2009-06-03,Not stated in NPPES — call to verify,CMS NPPES via Affine
1700719267,Payson Medical Group Llc,Clinic / primary care,,,Tempe,AZ,85284,4806035323,2026-06-04,Not stated in NPPES — call to verify,CMS NPPES via Affine
1871364026,Payton Gray Gronsky,Other care,Speech-Language Assistant,,Tempe,AZ,85284,4803744341,2024-01-15,Not stated in NPPES — call to verify,CMS NPPES via Affine
1164804258,Pca Anesthesia,Other care,,,Tempe,AZ,85282,4804252160,2024-06-18,Not stated in NPPES — call to verify,CMS NPPES via Affine
1669909180,Peaks Chiropractic Llc,Other care,,,Tempe,AZ,85282,4808299593,2023-02-06,Not stated in NPPES — call to verify,CMS NPPES via Affine
1881465771,Pearl Janepher Mugisha,Behavioral health,Addiction (Substance Use Disorder),,Tempe,AZ,85282,8589051164,2024-01-10,Not stated in NPPES — call to verify,CMS NPPES via Affine
1245767870,"Pedialabs, Llc",Clinic / primary care,,,Tempe,AZ,85282,4803953972,2021-08-25,Not stated in NPPES — call to verify,CMS NPPES via Affine
1306467154,Pediatrics Healthcare Associates,Other care,,,Tempe,AZ,85283,6026107337,2021-09-23,Not stated in NPPES — call to verify,CMS NPPES via Affine
1548904832,"Pedro Diaz Saldana, Bht",Behavioral health,,,Tempe,AZ,85283,4804949583,2022-10-11,Not stated in NPPES — call to verify,CMS NPPES via Affine
1669118816,"Pedro Juan Saenz, Lmt",Other care,,,Tempe,AZ,85282,6023498932,2022-05-10,Not stated in NPPES — call to verify,CMS NPPES via Affine
1154451284,"Peggy Chambers, Slp",Other care,,,Tempe,AZ,85284,4807832500,2007-07-08,Not stated in NPPES — call to verify,CMS NPPES via Affine
1477565943,"Penny Burkert, P.A.-C.",Clinic / primary care,Medical,"6655 S RURAL RD, SUITE 3",Tempe,AZ,85283,4808310600,2010-12-28,Not stated in NPPES — call to verify,CMS NPPES via Affine
1710762646,Penny Roper,Behavioral health,,,Tempe,AZ,85281,8552237123,2023-08-29,Not stated in NPPES — call to verify,CMS NPPES via Affine
1952125528,Pensieve Counseling Services Llc,Behavioral health,,,Tempe,AZ,85282,4803315017,2024-12-02,Not stated in NPPES — call to verify,CMS NPPES via Affine
1801917513,Perfect Teeth - Elliot And Mcclintock P.C.,Dental,General Practice,"7650 S MCCLINTOCK DR, #110",Tempe,AZ,85284,4808386444,2020-08-22,Not stated in NPPES — call to verify,CMS NPPES via Affine
1962511949,"Performance Physical Therapy, Llc",Other care,,"8725 S KYRENE RD, STE 106",Tempe,AZ,85284,4807568617,2008-05-23,Not stated in NPPES — call to verify,CMS NPPES via Affine
1497757199,"Perfusion Associates, Inc.",Other care,,"5801 S MCCLINTOCK DR, SUITE 110",Tempe,AZ,85283,4806596964,2009-08-18,Not stated in NPPES — call to verify,CMS NPPES via Affine
1285377531,"Perry Olliver, Do",Other care,,,Tempe,AZ,85281,4803909367,2025-06-03,Not stated in NPPES — call to verify,CMS NPPES via Affine
1295909703,Personal Care Transportation Services Limited,Other care,,,Tempe,AZ,85281,4809660192,2008-04-15,Not stated in NPPES — call to verify,CMS NPPES via Affine
1780653238,"Peter Alan Zwerin, M. D.",Clinic / primary care,,"2501 E SOUTHERN AVE, SUITE #2",Tempe,AZ,85282,4808381555,2010-01-12,Not stated in NPPES — call to verify,CMS NPPES via Affine
1003669128,"Peter C Hubbard, Rn, Bsn",Other care,Emergency,,Tempe,AZ,85281,4807845500,2024-04-09,Not stated in NPPES — call to verify,CMS NPPES via Affine
1023099751,"Peter Miles Waterman, Md",Other care,,"2000 E SOUTHERN AVE, STE 102",Tempe,AZ,85282,4808209141,2020-03-18,Not stated in NPPES — call to verify,CMS NPPES via Affine
1508834425,"Peter Molloy, Md",Other care,Anatomic Pathology & Clinical Pathology,,Tempe,AZ,85281,6026855211,2013-08-15,Not stated in NPPES — call to verify,CMS NPPES via Affine
1164757365,"Peter Petrov, Pharmd",Pharmacy,,"5100 S MCCLINTOCK DR, FRY'S PHARMACY",Tempe,AZ,85282,4807529733,2009-10-06,Not stated in NPPES — call to verify,CMS NPPES via Affine
1356393359,Peterman Anesthesia Consultants,Other care,,,Tempe,AZ,85282,4804252160,2022-12-06,Not stated in NPPES — call to verify,CMS NPPES via Affine
1578673562,Petersen Physical Therapy Pc,Clinic / primary care,Physical Therapy,,Tempe,AZ,85283,4808331005,2020-05-07,Not stated in NPPES — call to verify,CMS NPPES via Affine
1578102620,"Peyton Michelle Ethier, Pt, Dpt",Other care,,,Tempe,AZ,85284,4807568617,2025-05-15,Not stated in NPPES — call to verify,CMS NPPES via Affine
1851348833,"Philip Barry, Phd",Behavioral health,,,Tempe,AZ,85282,4808396264,2012-01-19,Not stated in NPPES — call to verify,CMS NPPES via Affine
1154728988,"Philip J Church, Lmsw",Behavioral health,,"2120 S MCCLINTOCK DR, SUITE 105",Tempe,AZ,85282,4808040326,2016-01-19,Not stated in NPPES — call to verify,CMS NPPES via Affine
1619640778,"Philip Pace, Pt, Dpt",Other care,,,Tempe,AZ,85283,4807300501,2021-07-26,Not stated in NPPES — call to verify,CMS NPPES via Affine
1669077905,"Phillip Charles Zaffery, Bpharm, R.Ph",Pharmacy,,,Tempe,AZ,85284,4808972980,2020-12-03,Not stated in NPPES — call to verify,CMS NPPES via Affine
1730809591,Phillip Larece,Dental,General Practice,,Tempe,AZ,85284,4806746060,2022-09-01,Not stated in NPPES — call to verify,CMS NPPES via Affine
1134080310,"Phillip Lawford Pippins, Pta",Other care,,,Tempe,AZ,85281,4803174444,2025-11-18,Not stated in NPPES — call to verify,CMS NPPES via Affine
1013390343,"Phillip Veatch, Pa-C",Clinic / primary care,,,Tempe,AZ,85282,4804006225,2026-03-16,Not stated in NPPES — call to verify,CMS NPPES via Affine
1215230081,"Phillis Mutembete, Np",Behavioral health,Psychiatric/Mental Health,,Tempe,AZ,85282,4807474623,2023-07-20,Not stated in NPPES — call to verify,CMS NPPES via Affine
1366156259,Phoenix Emergency Physicians Llc,Other care,,,Tempe,AZ,85281,4807845500,2024-03-28,Not stated in NPPES — call to verify,CMS NPPES via Affine
1619639556,Phoenix Health And Wellbeing Llc,Behavioral health,Mental Health (Including Community Mental Health Center),,Tempe,AZ,85282,4802569299,2026-03-03,Not stated in NPPES — call to verify,CMS NPPES via Affine
1962332601,Phoenix Home Health Llc,Other care,,,Tempe,AZ,85284,9162608892,2026-08-20,Not stated in NPPES — call to verify,CMS NPPES via Affine
1083921738,Phoenix Orthopedic Institute Pllc,Other care,,,Tempe,AZ,85282,4808200999,2010-09-01,Not stated in NPPES — call to verify,CMS NPPES via Affine
1063125664,Phoenix Pointe Psychiatry Llc,Other care,Psychiatry,,Tempe,AZ,85282,4803786323,2026-06-02,Not stated in NPPES — call to verify,CMS NPPES via Affine
1588346753,Phoenix Recovery Homes,Other care,,,Tempe,AZ,85282,4804594936,2023-08-07,Not stated in NPPES — call to verify,CMS NPPES via Affine
1447701032,Phx Medical Supply Llc,Other care,,,Tempe,AZ,85282,4808296100,2016-10-18,Not stated in NPPES — call to verify,CMS NPPES via Affine
1336519230,"Phxrx, Llc",Pharmacy,Community/Retail Pharmacy,"4515 S MCCLINTOCK DR, STE 210",Tempe,AZ,85282,8554977956,2015-10-05,Not stated in NPPES — call to verify,CMS NPPES via Affine
1932439031,Physical Therapy Of Tempe,Clinic / primary care,Physical Therapy,,Tempe,AZ,85283,4807557868,2010-01-12,Not stated in NPPES — call to verify,CMS NPPES via Affine
1700888716,Physician Assistant Services,Clinic / primary care,Surgical,,Tempe,AZ,85284,4809676500,2007-10-29,Not stated in NPPES — call to verify,CMS NPPES via Affine
1467092130,Physician Group Of Arizona Inc,Other care,,"1492 S MILL AVE, SUITE 113",Tempe,AZ,85281,6025533113,2020-04-01,Not stated in NPPES — call to verify,CMS NPPES via Affine
1144670118,"Physician's Choice Massage, Llc",Other care,,"1840 E WARNER RD, SUITE 101",Tempe,AZ,85284,4807594900,2016-06-21,Not stated in NPPES — call to verify,CMS NPPES via Affine
1699777540,"Physicians Surgery Center Of Tempe, Llc",Clinic / primary care,Ambulatory Surgical,,Tempe,AZ,85282,4808207101,2024-10-24,Not stated in NPPES — call to verify,CMS NPPES via Affine
1275755464,Physiotherapy Associates,Clinic / primary care,Physical Therapy,"500 E VETERANS WAY, CSAC, L1-08",Tempe,AZ,85287,4803779320,2007-07-24,Not stated in NPPES — call to verify,CMS NPPES via Affine
1083667729,Physiotherapy Associates,Clinic / primary care,Physical Therapy,"1025 E BROADWAY RD, SUITE 201",Tempe,AZ,85282,4803779320,2008-03-28,Not stated in NPPES — call to verify,CMS NPPES via Affine
1245669118,Physiotherapy Associates Inc,Clinic / primary care,Physical Therapy,,Tempe,AZ,85287,4807277730,2013-11-01,Not stated in NPPES — call to verify,CMS NPPES via Affine
1649759325,Piero Cecchi,Other care,,,Tempe,AZ,85283,4807770607,2018-08-13,Not stated in NPPES — call to verify,CMS NPPES via Affine
1255150876,"Pinnacle Outpatient Surgical Institute, Llc",Clinic / primary care,Ambulatory Surgical,,Tempe,AZ,85282,7164918210,2024-10-14,Not stated in NPPES — call to verify,CMS NPPES via Affine
1942942610,Pinnacle Rx Llc,Pharmacy,Mail Order Pharmacy,,Tempe,AZ,85281,6026537940,2022-04-12,Not stated in NPPES — call to verify,CMS NPPES via Affine
1184618704,"Pioneer Cardiovascular Consultants, P.C.",Other care,,"2149 E BASELINE RD, SUITE #103",Tempe,AZ,85283,4803450034,2020-03-11,Not stated in NPPES — call to verify,CMS NPPES via Affine
1265401996,"Pioneer Pet, Llc",Imaging,Diagnostic Radiology,,Tempe,AZ,85282,4807756500,2020-08-22,Not stated in NPPES — call to verify,CMS NPPES via Affine
1780442202,Pj Express Llc,Other care,,,Tempe,AZ,85283,4142433908,2024-03-08,Not stated in NPPES — call to verify,CMS NPPES via Affine
1669627360,Planned Parenthood Arizona,Other care,,,Tempe,AZ,85283,6022777526,2025-11-25,Not stated in NPPES — call to verify,CMS NPPES via Affine
1710032727,Platinum Healthcare Llc,Other care,Pediatrics,"4515 S MCCLINTOCK DR, SUITE 208",Tempe,AZ,85282,4807777075,2025-09-11,Not stated in NPPES — call to verify,CMS NPPES via Affine
1285753558,Play A.B.A.,Other care,,"610 E BASELINE RD, SUITE 101",Tempe,AZ,85283,4808396000,2020-08-22,Not stated in NPPES — call to verify,CMS NPPES via Affine
1932341112,Play Aba Llc,Other care,,"600 E BASELINE RD, SUITE B-6",Tempe,AZ,85283,4808396000,2009-04-02,Not stated in NPPES — call to verify,CMS NPPES via Affine
1649971185,"Plume Health, Pc",Clinic / primary care,,,Tempe,AZ,85282,7202484483,2023-06-09,Not stated in NPPES — call to verify,CMS NPPES via Affine
1992648828,Poised Clinical Consulting,Behavioral health,Clinical,,Tempe,AZ,85283,4807884417,2026-04-14,Not stated in NPPES — call to verify,CMS NPPES via Affine
1295678738,Poised Clinical Consulting,Behavioral health,Clinical,,Tempe,AZ,85283,2068412665,2026-04-10,Not stated in NPPES — call to verify,CMS NPPES via Affine
1760884175,"Pophealthcare Medical Services Of Az, Pc",Clinic / primary care,,,Tempe,AZ,85282,8773588109,2024-07-30,Not stated in NPPES — call to verify,CMS NPPES via Affine
1104302413,"Pophealthcare Medical Services Of Az, Pc",Clinic / primary care,,,Tempe,AZ,85281,4802375099,2024-08-15,Not stated in NPPES — call to verify,CMS NPPES via Affine
1417652454,"Pophealthcare Medical Services Of Az, Pc",Clinic / primary care,Family,,Tempe,AZ,85282,8773588109,2024-07-30,Not stated in NPPES — call to verify,CMS NPPES via Affine
1851914717,"Positive Wellness, Llc",Behavioral health,Mental Health,,Tempe,AZ,85282,6027538902,2020-05-26,Not stated in NPPES — call to verify,CMS NPPES via Affine
1609955665,Pospisil Family Dentistry,Dental,General Practice,,Tempe,AZ,85282,4808383315,2008-08-14,Not stated in NPPES — call to verify,CMS NPPES via Affine
1649789702,Powers On Healthcare Llc,Other care,,,Tempe,AZ,85281,4808428787,2017-11-29,Not stated in NPPES — call to verify,CMS NPPES via Affine
1013098029,Ppe Inc,Other care,Psychiatry,"1730 S JENTILLY LN, D-105",Tempe,AZ,85281,4808941071,2020-08-22,Not stated in NPPES — call to verify,CMS NPPES via Affine
1790492569,"Prabhjot Kaur Chohan, Nmd",Other care,,,Tempe,AZ,85282,4808589100,2022-11-01,Not stated in NPPES — call to verify,CMS NPPES via Affine
1205025368,Prabhsharan Sandhu,Dental,General Practice,,Tempe,AZ,85282,4808207225,2007-10-15,Not stated in NPPES — call to verify,CMS NPPES via Affine
1447299474,"Pradeep Mehra, M.D.",Clinic / primary care,Nephrology,"2141 E. WARNER ROAD, SUITE 101",Tempe,AZ,85284,4809698714,2012-06-19,Not stated in NPPES — call to verify,CMS NPPES via Affine
1689904740,Pragya Tiwari Sharma Md Pc,Other care,,"2421 E SOUTHERN AVE, SUITE 1",Tempe,AZ,85282,4804252160,2010-01-12,Not stated in NPPES — call to verify,CMS NPPES via Affine
1295242618,Precision Endodontics Llc,Dental,Endodontics,,Tempe,AZ,85282,4803883636,2018-01-08,Not stated in NPPES — call to verify,CMS NPPES via Affine
1164980389,"Precision Physical Therapy And Sports Medicine, Pllc",Clinic / primary care,Sports Medicine,,Tempe,AZ,85282,4804979399,2019-07-09,Not stated in NPPES — call to verify,CMS NPPES via Affine
1588610208,"Preferred Chiropractic One, Pc",Other care,,"1855 E GUADALUPE RD, STE. 112",Tempe,AZ,85283,4808398552,2020-08-22,Not stated in NPPES — call to verify,CMS NPPES via Affine
1306451208,Premier Anesthesiology Llc,Clinic / primary care,Ambulatory Surgical,,Tempe,AZ,85282,4804447491,2020-09-09,Not stated in NPPES — call to verify,CMS NPPES via Affine
1467534487,"Premier Medical Group, Llc",Clinic / primary care,,,Tempe,AZ,85282,4808942823,2023-06-23,Not stated in NPPES — call to verify,CMS NPPES via Affine
1265292874,Premier Mri Clinics Llc,Imaging,Magnetic Resonance Imaging (MRI),,Tempe,AZ,85282,8884882702,2024-03-20,Not stated in NPPES — call to verify,CMS NPPES via Affine
1952745218,Premise Health Of Arizona Medical Pc,Clinic / primary care,,,Tempe,AZ,85284,4804096100,2026-02-04,Not stated in NPPES — call to verify,CMS NPPES via Affine
1083591069,Present Flow Therapy & Wellness,Behavioral health,Mental Health (Including Community Mental Health Center),,Tempe,AZ,85282,4804855996,2025-08-20,Not stated in NPPES — call to verify,CMS NPPES via Affine
1255026464,Prestige Med Trans Llc,Other care,,,Tempe,AZ,85282,6025616157,2023-04-05,Not stated in NPPES — call to verify,CMS NPPES via Affine
1558558403,Price Ventures Inc,Clinic / primary care,Multi-Specialty,"1855 E GUADALUPE RD, SUITE 112",Tempe,AZ,85283,4808398552,2012-10-03,Not stated in NPPES — call to verify,CMS NPPES via Affine
1841354487,Primacare Inc,Clinic / primary care,,,Tempe,AZ,85283,4806468123,2021-09-30,Not stated in NPPES — call to verify,CMS NPPES via Affine
1033698329,Priscilla Negrete,Other care,,,Tempe,AZ,85283,4807770607,2018-08-08,Not stated in NPPES — call to verify,CMS NPPES via Affine
1780327056,Private Healthcare Facilities,Clinic / primary care,Birthing,,Tempe,AZ,85282,8669962340,2024-12-22,Not stated in NPPES — call to verify,CMS NPPES via Affine
1083576748,Priyasheil Vandhana,Other care,,,Tempe,AZ,85281,6232967138,2025-12-05,Not stated in NPPES — call to verify,CMS NPPES via Affine
1730742859,Proactive Pain Treatment Llc,Clinic / primary care,Ambulatory Surgical,,Tempe,AZ,85284,4805669755,2019-04-15,Not stated in NPPES — call to verify,CMS NPPES via Affine
1457503575,"Prof. Dejaye Botkin, Ma, Lpc, Ncc",Behavioral health,Professional,,Tempe,AZ,85281,2036091714,2017-04-07,Not stated in NPPES — call to verify,CMS NPPES via Affine
1285890780,"Prof. Denise Stats-Caldwell, M.A., Ccc-Slp",Other care,,"975 S. MYRTLE AVE., ASU - SPEECH & HEARING SCIENCE",Tempe,AZ,85281,4809653307,2008-08-04,Not stated in NPPES — call to verify,CMS NPPES via Affine
1982670907,"Prof. Stephen A Maxwell, Aud",Other care,,"ARIZONA STATE UNIVERSITY, LATTIE CORR HALL ROOM #2358",Tempe,AZ,85287,4807270640,2026-07-13,Not stated in NPPES — call to verify,CMS NPPES via Affine
1235863531,"Progressive Living Wellness Center, Llc",Behavioral health,Adult Mental Health,,Tempe,AZ,85284,4807738480,2022-07-12,Not stated in NPPES — call to verify,CMS NPPES via Affine
1568308674,"Promed Providers, Llc",Clinic / primary care,Multi-Specialty,,Tempe,AZ,85282,8178529972,2026-04-29,Not stated in NPPES — call to verify,CMS NPPES via Affine
1851127328,"Pronouncing Progress, Llc",Other care,,,Tempe,AZ,85288,5742209555,2024-09-11,Not stated in NPPES — call to verify,CMS NPPES via Affine
1861165144,"Prototype Health, Inc",Other care,,,Tempe,AZ,85282,4809991717,2022-08-19,Not stated in NPPES — call to verify,CMS NPPES via Affine
1972980522,"Prs Neurohealth Solutions, Llc",Behavioral health,,"60 E RIO SALADO PKWY, SUITE 900",Tempe,AZ,85281,4806965796,2015-05-04,Not stated in NPPES — call to verify,CMS NPPES via Affine
1033516208,"Psych Services, Llc",Other care,,,Tempe,AZ,85281,6024024474,2014-12-03,Not stated in NPPES — call to verify,CMS NPPES via Affine
1710340302,Psych Unlimited Pllc,Other care,Addiction Psychiatry,,Tempe,AZ,85283,4803455420,2016-03-31,Not stated in NPPES — call to verify,CMS NPPES via Affine
1699681718,"Psychiatric Associates, Pllc",Other care,Child & Adolescent Psychiatry,,Tempe,AZ,85283,4802569192,2026-08-19,Not stated in NPPES — call to verify,CMS NPPES via Affine
1205018900,Psychiatry And Counseling,Other care,,"1050 E SOUTHERN AVE, G 1",Tempe,AZ,85282,4809661485,2022-07-21,Not stated in NPPES — call to verify,CMS NPPES via Affine
1801271481,Psychological & Consultation Services,Behavioral health,,"414 S MILL AVE, SUITE 210",Tempe,AZ,85281,6024029042,2015-07-24,Not stated in NPPES — call to verify,CMS NPPES via Affine
1740006758,Psychological Assessment And Research Center,Behavioral health,,,Tempe,AZ,85282,6028929746,2024-11-25,Not stated in NPPES — call to verify,CMS NPPES via Affine
1427635408,Puerto Sonora Internal Medicine,Clinic / primary care,,,Tempe,AZ,85282,4804568981,2023-02-28,Not stated in NPPES — call to verify,CMS NPPES via Affine
1497735815,"Puja Verma, Md",Other care,Anatomic Pathology & Clinical Pathology,,Tempe,AZ,85281,6026855211,2023-11-09,Not stated in NPPES — call to verify,CMS NPPES via Affine
1932835493,Purify Detox And Wellness Center,Other care,,,Tempe,AZ,85282,4803769319,2022-07-27,Not stated in NPPES — call to verify,CMS NPPES via Affine
1144555210,"Purnima Mistry, R.Ph",Pharmacy,,,Tempe,AZ,85283,4808380448,2026-06-28,Not stated in NPPES — call to verify,CMS NPPES via Affine
1083193767,Qianli Yu,Other care,,,Tempe,AZ,85283,4807770607,2018-08-13,Not stated in NPPES — call to verify,CMS NPPES via Affine
1861566291,Quang Vu,Other care,,,Tempe,AZ,85284,4803459559,2007-07-08,Not stated in NPPES — call to verify,CMS NPPES via Affine
1487163820,"Quincy Phillip Richter, Ms, Bcba, Lba",Behavioral health,,,Tempe,AZ,85284,4806720536,2025-09-04,Not stated in NPPES — call to verify,CMS NPPES via Affine
1972896819,Quinn Chiropractic Inc,Clinic / primary care,Family,,Tempe,AZ,85284,6028895833,2012-06-06,Not stated in NPPES — call to verify,CMS NPPES via Affine
1851028724,"Quinten Nathaniel Murphy, Rph",Pharmacy,,,Tempe,AZ,85282,4808383642,2022-08-02,Not stated in NPPES — call to verify,CMS NPPES via Affine
1295250678,"Quynh-Nhu Thi Huynh, Pharmd",Pharmacy,,,Tempe,AZ,85281,4809670799,2017-08-07,Not stated in NPPES — call to verify,CMS NPPES via Affine
1831033679,Rac Anesthesia Pllc,Other care,,,Tempe,AZ,85282,4804252160,2026-04-14,Not stated in NPPES — call to verify,CMS NPPES via Affine
1629997143,Rachael Painter,Other care,School,,Tempe,AZ,85284,6027932665,2026-07-10,Not stated in NPPES — call to verify,CMS NPPES via Affine
1164565792,"Rachel A Waite, M.S., Ccc-A",Other care,,,Tempe,AZ,85282,4808394924,2008-04-14,Not stated in NPPES — call to verify,CMS NPPES via Affine
1831842517,"Rachel Baldwin, Dtr",Other care,,,Tempe,AZ,85283,8475046730,2022-02-01,Not stated in NPPES — call to verify,CMS NPPES via Affine
1932879442,"Rachel Crosby, Rbt",Behavioral health,,,Tempe,AZ,85284,4806720536,2021-09-16,Not stated in NPPES — call to verify,CMS NPPES via Affine
1982276812,"Rachel Dickman, Rbt",Behavioral health,,,Tempe,AZ,85284,4806720536,2021-07-12,Not stated in NPPES — call to verify,CMS NPPES via Affine
1508430331,"Rachel Doster, Cnm",Other care,,,Tempe,AZ,85281,4806925556,2026-08-28,Not stated in NPPES — call to verify,CMS NPPES via Affine
1528473907,"Rachel Forte, Pt, Dpt",Other care,,,Tempe,AZ,85282,4809687200,2020-09-01,Not stated in NPPES — call to verify,CMS NPPES via Affine
1396608063,Rachel Gearing,Behavioral health,,,Tempe,AZ,85282,4806083639,2025-12-08,Not stated in NPPES — call to verify,CMS NPPES via Affine
1043772312,Rachel Granner,Behavioral health,,,Tempe,AZ,85282,8667278274,2019-04-04,Not stated in NPPES — call to verify,CMS NPPES via Affine
1942042213,Rachel Haake Md Llc,Other care,,,Tempe,AZ,85282,4804252160,2024-06-08,Not stated in NPPES — call to verify,CMS NPPES via Affine
1568283869,Rachel L Anderson,Behavioral health,,,Tempe,AZ,85282,6024566612,2024-10-18,Not stated in NPPES — call to verify,CMS NPPES via Affine
1447056536,"Rachel Lambert, Lpc",Behavioral health,Professional,,Tempe,AZ,85282,4805297617,2025-07-09,Not stated in NPPES — call to verify,CMS NPPES via Affine
1316652761,"Rachel M Van Beek, Ma",Behavioral health,Professional,,Tempe,AZ,85283,4803076446,2023-09-14,Not stated in NPPES — call to verify,CMS NPPES via Affine
1164890372,"Rachel Nash, Pa-C",Clinic / primary care,,,Tempe,AZ,85282,4807129529,2023-02-06,Not stated in NPPES — call to verify,CMS NPPES via Affine
1801203260,"Rachel Nicole Plant, Otr/L",Other care,,"1400 E SOUTHERN AVE, SUITE 310",Tempe,AZ,85282,8772790891,2014-07-17,Not stated in NPPES — call to verify,CMS NPPES via Affine
1457401739,Rachel Passon,Other care,,,Tempe,AZ,85282,4807307488,2007-07-09,Not stated in NPPES — call to verify,CMS NPPES via Affine
1063089167,Rachel Solomon,Behavioral health,,,Tempe,AZ,85284,6026665101,2021-06-07,Not stated in NPPES — call to verify,CMS NPPES via Affine
1861173601,"Rachel Stevens, Otd",Other care,,,Tempe,AZ,85284,4803744341,2023-07-25,Not stated in NPPES — call to verify,CMS NPPES via Affine
1083540215,"Rachelle E Michaels, Apdh",Dental,,,Tempe,AZ,85282,6022437277,2026-09-11,Not stated in NPPES — call to verify,CMS NPPES via Affine
1003524679,"Rachelly De La Cruz, Rn",Clinic / primary care,Family,,Tempe,AZ,85281,6026856000,2025-11-07,Not stated in NPPES — call to verify,CMS NPPES via Affine
1598442428,Rad Aba Llc,Behavioral health,,,Tempe,AZ,85283,4809161574,2026-02-18,Not stated in NPPES — call to verify,CMS NPPES via Affine
1184478919,Rafael Rosales,Behavioral health,Mental Health,,Tempe,AZ,85282,4807181261,2024-04-17,Not stated in NPPES — call to verify,CMS NPPES via Affine
1417844499,"Rafael Sanchez, Rn",Other care,Nephrology,,Tempe,AZ,85282,5209549456,2025-06-21,Not stated in NPPES — call to verify,CMS NPPES via Affine
1184194649,Raina Rose,Behavioral health,,,Tempe,AZ,85281,8552237123,2024-09-19,Not stated in NPPES — call to verify,CMS NPPES via Affine
1225546880,Rajiv Parikh Md Pc,Clinic / primary care,,,Tempe,AZ,85283,4808971725,2018-03-17,Not stated in NPPES — call to verify,CMS NPPES via Affine
1649395823,"Rajya L Rao, M.D.",Other care,Occupational Medicine,,Tempe,AZ,85282,6157784066,2009-11-16,Not stated in NPPES — call to verify,CMS NPPES via Affine
1942613872,Rakhi Patel,Pharmacy,,,Tempe,AZ,85283,4808979774,2014-06-09,Not stated in NPPES — call to verify,CMS NPPES via Affine
1124116900,Raley's Arizona Llc,Pharmacy,Community/Retail Pharmacy,,Tempe,AZ,85284,4808972980,2022-04-15,Not stated in NPPES — call to verify,CMS NPPES via Affine
1679411391,Ramona Freeman,Other care,,,Tempe,AZ,85282,4809700000,2026-03-23,Not stated in NPPES — call to verify,CMS NPPES via Affine
1598975039,Randy Saxton,Behavioral health,,,Tempe,AZ,85282,4804565124,2010-05-12,Not stated in NPPES — call to verify,CMS NPPES via Affine
1588914345,"Ranjeet Singh, Md",Clinic / primary care,Nephrology,,Tempe,AZ,85284,4806106100,2023-03-07,Not stated in NPPES — call to verify,CMS NPPES via Affine
1437603628,"Ranna Ardebili, Pharm D.",Pharmacy,,,Tempe,AZ,85281,6154755038,2019-01-31,Not stated in NPPES — call to verify,CMS NPPES via Affine
1477330231,Raphael Spencer,Behavioral health,,,Tempe,AZ,85282,6232877958,2023-09-13,Not stated in NPPES — call to verify,CMS NPPES via Affine
1780069971,Rapid Laboratory Services,Clinic / primary care,,,Tempe,AZ,85281,4802757321,2020-02-06,Not stated in NPPES — call to verify,CMS NPPES via Affine
1851889323,Rapid Ultrasound Llc,Imaging,Diagnostic Ultrasound,,Tempe,AZ,85281,4802757321,2020-02-06,Not stated in NPPES — call to verify,CMS NPPES via Affine
1366440760,"Rapidvet Holdings, Inc.",Clinic / primary care,,,Tempe,AZ,85282,6024371003,2013-09-20,Not stated in NPPES — call to verify,CMS NPPES via Affine
1952395220,"Rashda Kaif, Md",Clinic / primary care,,"2737 W BASELINE RD, SUITE 24",Tempe,AZ,85283,6024374800,2026-04-22,Not stated in NPPES — call to verify,CMS NPPES via Affine
1487346912,Raul Alafa,Behavioral health,Mental Health,,Tempe,AZ,85283,4804893925,2023-05-23,Not stated in NPPES — call to verify,CMS NPPES via Affine
1811097538,"Raul J Rodriguez-Sora, Md",Other care,Child & Adolescent Psychiatry,,Tempe,AZ,85282,4807180568,2023-04-25,Not stated in NPPES — call to verify,CMS NPPES via Affine
1598255366,"Ray Healthcare, Llc",Other care,Pain Medicine,,Tempe,AZ,85284,4808973300,2018-05-16,Not stated in NPPES — call to verify,CMS NPPES via Affine
1043799257,Razhane Vargas,Other care,,,Tempe,AZ,85283,4807770607,2018-08-08,Not stated in NPPES — call to verify,CMS NPPES via Affine
1184450124,Rch Physican Services,Clinic / primary care,,,Tempe,AZ,85282,4808516309,2024-09-13,Not stated in NPPES — call to verify,CMS NPPES via Affine
1376857730,Rcr Therapy,Clinic / primary care,Physical Therapy,"2163 E BASELINE RD, SUITE 105",Tempe,AZ,85283,4807753503,2010-07-28,Not stated in NPPES — call to verify,CMS NPPES via Affine
1427057140,"Rebecca Alvarez, Pa-C",Clinic / primary care,Medical,"1847 E SOUTHERN AVE, SUITE 2",Tempe,AZ,85282,4808971122,2026-07-13,Not stated in NPPES — call to verify,CMS NPPES via Affine
1164085338,"Rebecca D Branstetter, Lpc",Behavioral health,Professional,,Tempe,AZ,85282,9285950270,2024-12-09,Not stated in NPPES — call to verify,CMS NPPES via Affine
1992185151,"Rebecca Diebel, Dpt",Other care,Pediatrics,,Tempe,AZ,85282,4804560719,2018-05-09,Not stated in NPPES — call to verify,CMS NPPES via Affine
1619450467,Rebecca Glubb,Other care,,,Tempe,AZ,85282,5204857801,2018-09-07,Not stated in NPPES — call to verify,CMS NPPES via Affine
1710600747,Rebecca Goodrich,Behavioral health,,,Tempe,AZ,85283,4803786826,2022-09-23,Not stated in NPPES — call to verify,CMS NPPES via Affine
1407531643,Rebecca Hall,Behavioral health,,,Tempe,AZ,85283,4804744226,2023-06-15,Not stated in NPPES — call to verify,CMS NPPES via Affine
1699218008,"Rebecca Jensen, Lpc",Behavioral health,Professional,"2120 S MCCLINTOCK DR, SUITE 105",Tempe,AZ,85282,4808040326,2023-11-06,Not stated in NPPES — call to verify,CMS NPPES via Affine
1336065895,Rebecca Leivas,Clinic / primary care,Family,,Tempe,AZ,85281,4809670799,2026-07-01,Not stated in NPPES — call to verify,CMS NPPES via Affine
1699098590,"Rebecca Marie Miller, Ccc-Slp",Other care,,,Tempe,AZ,85284,4805416988,2015-09-21,Not stated in NPPES — call to verify,CMS NPPES via Affine
1205485653,"Rebecca Mullins, M.A. Ccc - Slp",Other care,,,Tempe,AZ,85282,9196244916,2019-09-09,Not stated in NPPES — call to verify,CMS NPPES via Affine
1083288898,"Rebecca Ray, Rbt",Behavioral health,,,Tempe,AZ,85284,4806720536,2021-05-17,Not stated in NPPES — call to verify,CMS NPPES via Affine
1740910090,"Rebecca Stephl, Bht",Behavioral health,,,Tempe,AZ,85283,4803788454,2022-06-28,Not stated in NPPES — call to verify,CMS NPPES via Affine
1285384321,"Rebeccah Lindsey Tovar, Fnp-Bc",Clinic / primary care,Family,,Tempe,AZ,85282,6236248280,2023-06-15,Not stated in NPPES — call to verify,CMS NPPES via Affine
1003780461,Rebekah Taylor,Other care,,,Tempe,AZ,85282,4809700000,2025-09-30,Not stated in NPPES — call to verify,CMS NPPES via Affine
1649972480,Rebound Health And Wellness Center Llc,Other care,"Assisted Living, Behavioral Disturbances",,Tempe,AZ,85282,5593123377,2023-03-17,Not stated in NPPES — call to verify,CMS NPPES via Affine
1518773068,Rebran Counseling Llc,Behavioral health,Professional,,Tempe,AZ,85282,9285950270,2024-12-09,Not stated in NPPES — call to verify,CMS NPPES via Affine
1174921472,Recovery Oasis Llc,Other care,,,Tempe,AZ,85282,4806991233,2018-02-08,Not stated in NPPES — call to verify,CMS NPPES via Affine
1699444059,Recovia Llc,Behavioral health,,,Tempe,AZ,85282,4802197178,2026-07-24,Not stated in NPPES — call to verify,CMS NPPES via Affine
1679338073,"Recovia Physical Therapy, Llc",Other care,,,Tempe,AZ,85282,4807124600,2024-02-15,Not stated in NPPES — call to verify,CMS NPPES via Affine
1437914819,Red Mountain Dermatology Llc,Other care,,,Tempe,AZ,85284,4804543561,2024-02-15,Not stated in NPPES — call to verify,CMS NPPES via Affine
1396665378,Redempta Umutoni,Behavioral health,,,Tempe,AZ,85282,6028059237,2026-07-20,Not stated in NPPES — call to verify,CMS NPPES via Affine
1487914842,Reed Chiropractic,Other care,,"250 W BASELINE RD, #107",Tempe,AZ,85283,4807851355,2012-05-20,Not stated in NPPES — call to verify,CMS NPPES via Affine
1437665346,"Reed Chiropractic, Inc.",Other care,,,Tempe,AZ,85283,4807851355,2019-06-11,Not stated in NPPES — call to verify,CMS NPPES via Affine
1306718424,Reed Dental Pllc,Dental,General Practice,,Tempe,AZ,85282,8015743765,2025-09-18,Not stated in NPPES — call to verify,CMS NPPES via Affine
1720630791,"Reflective Therapeutic Services, Llc",Behavioral health,Clinical,,Tempe,AZ,85284,4807172403,2019-07-10,Not stated in NPPES — call to verify,CMS NPPES via Affine
1720772734,Regal Garden Counseling,Other care,,,Tempe,AZ,85282,4803594235,2023-07-27,Not stated in NPPES — call to verify,CMS NPPES via Affine
1275034183,"Regenesis Healthcare, Inc",Clinic / primary care,,,Tempe,AZ,85284,4807390007,2024-02-14,Not stated in NPPES — call to verify,CMS NPPES via Affine
1043216872,"Regina M Wright, Md",Clinic / primary care,,"4515 S MCCLINTOCK DR, STE 100",Tempe,AZ,85282,4808201133,2011-02-11,Not stated in NPPES — call to verify,CMS NPPES via Affine
1649925041,Reginald Raluchukwu Ubeh,Behavioral health,"Psychiatric/Mental Health, Adult",,Tempe,AZ,85281,4806186301,2022-03-28,Not stated in NPPES — call to verify,CMS NPPES via Affine
1053119651,Rehab Lab Arizona,Clinic / primary care,,,Tempe,AZ,85282,4802568894,2025-03-07,Not stated in NPPES — call to verify,CMS NPPES via Affine
1831663194,Relaxingone.Comneddavidbratspispc,Behavioral health,Adult Mental Health,,Tempe,AZ,85283,2535140525,2019-01-18,Not stated in NPPES — call to verify,CMS NPPES via Affine
1548617145,"Reliable Mobile Labs, Inc",Clinic / primary care,,"444 W 21ST ST, SUITE 103",Tempe,AZ,85282,8444875227,2016-05-24,Not stated in NPPES — call to verify,CMS NPPES via Affine
1366241226,Relief Med X Llc,Other care,,,Tempe,AZ,85284,4809330663,2025-05-12,Not stated in NPPES — call to verify,CMS NPPES via Affine
1720680275,Remedy Physical Therapy,Clinic / primary care,Physical Therapy,,Tempe,AZ,85282,6163048100,2020-11-10,Not stated in NPPES — call to verify,CMS NPPES via Affine
1760950075,"Remilekun Dele Ladoye, Fnp-C",Clinic / primary care,Family,,Tempe,AZ,85281,4802375098,2018-11-05,Not stated in NPPES — call to verify,CMS NPPES via Affine
1235791302,Remona Lisa Piper,Other care,Community Health,,Tempe,AZ,85282,4803391780,2019-06-28,Not stated in NPPES — call to verify,CMS NPPES via Affine
1508904368,Renae Sue Ritter,Behavioral health,Addiction (Substance Use Disorder),"2600 E SOUTHERN AVE, F1",Tempe,AZ,85282,4807852869,2025-09-11,Not stated in NPPES — call to verify,CMS NPPES via Affine
1942312756,"Renal Care Group Arizona, Llc",Clinic / primary care,End-Stage Renal Disease (ESRD) Treatment,,Tempe,AZ,85282,4809676360,2026-09-02,Not stated in NPPES — call to verify,CMS NPPES via Affine
1457688178,"Renato Torres Ranola, Sa-C",Other care,Surgical Assistant,"2106 E ELLIS DR, CONTINENTAL VILLAS EAST III",Tempe,AZ,85282,4809660237,2009-11-17,Not stated in NPPES — call to verify,CMS NPPES via Affine
1003491622,Renee Dionisio,Behavioral health,Mental Health,,Tempe,AZ,85283,4803076446,2021-04-13,Not stated in NPPES — call to verify,CMS NPPES via Affine
1437260734,"Renee K Frost, Lcsw",Behavioral health,Clinical,,Tempe,AZ,85281,4809211002,2007-07-08,Not stated in NPPES — call to verify,CMS NPPES via Affine
1902538549,Renee Markel,Behavioral health,,,Tempe,AZ,85282,8667278274,2022-06-30,Not stated in NPPES — call to verify,CMS NPPES via Affine
1073891750,"Renee Thomas, Lpc",Behavioral health,,,Tempe,AZ,85282,4805312008,2026-07-07,Not stated in NPPES — call to verify,CMS NPPES via Affine
1972047066,"Renee Williams, Atc",Other care,Athletic Trainer,,Tempe,AZ,85281,4802572726,2016-12-08,Not stated in NPPES — call to verify,CMS NPPES via Affine
1063229797,Renew Health Of Arizona Llc,Other care,Neurology,,Tempe,AZ,85282,4806817979,2025-07-30,Not stated in NPPES — call to verify,CMS NPPES via Affine
1689271686,Renew Health Surgery Center Llc,Other care,,,Tempe,AZ,85282,4806817979,2020-10-03,Not stated in NPPES — call to verify,CMS NPPES via Affine
1740673581,Renewed Hope And Recovery,Other care,,,Tempe,AZ,85282,9285511360,2015-03-17,Not stated in NPPES — call to verify,CMS NPPES via Affine
1689361552,Renewed Power Inc,Clinic / primary care,"Rehabilitation, Substance Use Disorder",,Tempe,AZ,85282,8502518547,2025-09-02,Not stated in NPPES — call to verify,CMS NPPES via Affine
1013704121,Renewed Power Inc,Clinic / primary care,,,Tempe,AZ,85282,4806873308,2025-07-22,Not stated in NPPES — call to verify,CMS NPPES via Affine
1174823082,"Renisha Williams, Lmt/Cosmetologist",Other care,,"2747 W SOUTHERN AVE, STE. 7",Tempe,AZ,85282,6024373772,2026-06-22,Not stated in NPPES — call to verify,CMS NPPES via Affine
1538816103,Resiliency Counseling Pllc,Other care,,,Tempe,AZ,85283,4803319737,2022-03-03,Not stated in NPPES — call to verify,CMS NPPES via Affine
1366786006,"Resilient Health, Inc.",Other care,,,Tempe,AZ,85282,4808941568,2024-11-20,Not stated in NPPES — call to verify,CMS NPPES via Affine
1235955733,Resilient Reentry Agency,Other care,,,Tempe,AZ,85281,4802020946,2024-12-06,Not stated in NPPES — call to verify,CMS NPPES via Affine
1598487944,"Resolute Counseling, Pllc",Behavioral health,Professional,,Tempe,AZ,85282,6025516747,2024-06-24,Not stated in NPPES — call to verify,CMS NPPES via Affine
1417322504,Respira Llc,Clinic / primary care,Pain,,Tempe,AZ,85284,6025618949,2015-12-01,Not stated in NPPES — call to verify,CMS NPPES via Affine
1659109809,Restoration Nutrition Llc,Other care,,,Tempe,AZ,85281,2153605435,2024-07-22,Not stated in NPPES — call to verify,CMS NPPES via Affine
1487169009,Restorative Healing And Counseling Center Llc,Behavioral health,Mental Health (Including Community Mental Health Center),"9855 S. PRIEST DRIVE, SUITE 102",Tempe,AZ,85284,4807881009,2017-12-05,Not stated in NPPES — call to verify,CMS NPPES via Affine
1740981380,Revamp Wellness Center,Other care,,,Tempe,AZ,85282,4807474623,2023-05-22,Not stated in NPPES — call to verify,CMS NPPES via Affine
1255916987,Revive Community Health,Other care,Wound Care,,Tempe,AZ,85282,4808516309,2026-08-27,Not stated in NPPES — call to verify,CMS NPPES via Affine
1154915056,Revive Hive Llc,Clinic / primary care,Health Service,,Tempe,AZ,85282,6103084680,2021-02-22,Not stated in NPPES — call to verify,CMS NPPES via Affine
1689059917,"Revive Physical Therapy And Wellness, Pllc",Clinic / primary care,Physical Therapy,,Tempe,AZ,85282,4807189493,2018-06-04,Not stated in NPPES — call to verify,CMS NPPES via Affine
1003690801,Rex Alan Coble,Behavioral health,,,Tempe,AZ,85282,7048904379,2023-08-22,Not stated in NPPES — call to verify,CMS NPPES via Affine
1972899284,"Reyes Family Medicine, Plc",Clinic / primary care,Primary Care,,Tempe,AZ,85281,4809677821,2025-01-08,Not stated in NPPES — call to verify,CMS NPPES via Affine
1679111710,"Reza Kalhor, Nmd",Other care,,,Tempe,AZ,85282,4808589100,2025-01-15,Not stated in NPPES — call to verify,CMS NPPES via Affine
1629379565,"Rezwan Hossain Chowdhury, Md",Imaging,Radiation Oncology,,Tempe,AZ,85284,4802561664,2023-05-16,Not stated in NPPES — call to verify,CMS NPPES via Affine
1053072660,Rhea Dinglasan,Other care,,,Tempe,AZ,85282,4803076033,2023-09-12,Not stated in NPPES — call to verify,CMS NPPES via Affine
1154524221,"Rhonda Nicole Clark, Pharmd",Pharmacy,,"51 W 3RD ST, SUITE 501",Tempe,AZ,85281,4803176780,2007-07-08,Not stated in NPPES — call to verify,CMS NPPES via Affine
1033322243,"Rhonda Running Weaver, Phd",Behavioral health,Professional,,Tempe,AZ,85284,4808972233,2012-04-12,Not stated in NPPES — call to verify,CMS NPPES via Affine
1417559758,"Riane J Dawson, Lpc",Behavioral health,Mental Health,,Tempe,AZ,85282,4803594235,2026-03-10,Not stated in NPPES — call to verify,CMS NPPES via Affine
1811757701,"Rianna Charlene Travaglini, Lamft",Behavioral health,,,Tempe,AZ,85282,4804282944,2024-03-19,Not stated in NPPES — call to verify,CMS NPPES via Affine
1073350609,"Ricardo Wells, Rbt",Behavioral health,,,Tempe,AZ,85284,4806720536,2024-07-11,Not stated in NPPES — call to verify,CMS NPPES via Affine
1508845934,"Richard A Burgmeier, Md",Other care,,"2177 E WARNER RD, SUITE 105",Tempe,AZ,85284,4808973623,2009-12-17,Not stated in NPPES — call to verify,CMS NPPES via Affine
1225324155,"Richard Albert Zoyhofski, Rph",Pharmacy,,"8550 S PRIEST DR, TARGET PHARMACY",Tempe,AZ,85284,6023183554,2013-03-27,Not stated in NPPES — call to verify,CMS NPPES via Affine
1134644529,"Richard John Herold, Pharm D",Pharmacy,,,Tempe,AZ,85283,4808979774,2017-08-07,Not stated in NPPES — call to verify,CMS NPPES via Affine
1417050568,"Richard K Cochran, Md Fcap",Other care,Anatomic Pathology & Clinical Pathology,,Tempe,AZ,85281,6024241580,2009-12-23,Not stated in NPPES — call to verify,CMS NPPES via Affine
1013262963,"Richard Michael Bohannan, Lcsw",Behavioral health,Clinical,,Tempe,AZ,85282,4808040326,2026-07-16,Not stated in NPPES — call to verify,CMS NPPES via Affine
1386329522,Richard Mitchell,Behavioral health,,,Tempe,AZ,85283,4804744226,2023-06-15,Not stated in NPPES — call to verify,CMS NPPES via Affine
1851519979,"Rick Scott Wells, D.V.M",Other care,,"3400 S MILL AVE, STE 324",Tempe,AZ,85282,4809660391,2007-07-08,Not stated in NPPES — call to verify,CMS NPPES via Affine
1245731108,Rien Milburn,Behavioral health,,,Tempe,AZ,85282,8667278274,2018-02-26,Not stated in NPPES — call to verify,CMS NPPES via Affine
1801481874,Right Path Center Inc,Other care,,,Tempe,AZ,85282,4809125122,2021-03-06,Not stated in NPPES — call to verify,CMS NPPES via Affine
1679119812,Right Path Llc,Other care,,,Tempe,AZ,85282,4809125122,2021-06-29,Not stated in NPPES — call to verify,CMS NPPES via Affine
1982030516,Right Ride,Other care,,,Tempe,AZ,85281,4438641998,2013-09-14,Not stated in NPPES — call to verify,CMS NPPES via Affine
1508535634,Right Way Living,Other care,Adult Care Home,,Tempe,AZ,85282,4806584599,2021-09-11,Not stated in NPPES — call to verify,CMS NPPES via Affine
1982241097,Riley Currey,Behavioral health,,,Tempe,AZ,85284,6026665101,2019-12-08,Not stated in NPPES — call to verify,CMS NPPES via Affine
1457234999,Rio Advanced Diagnostics Llc,Imaging,Diagnostic Radiology,,Tempe,AZ,85283,6026107274,2025-07-30,Not stated in NPPES — call to verify,CMS NPPES via Affine
1013890557,"Rio Medical Group, Llc",Other care,Pain Medicine,,Tempe,AZ,85283,6026107274,2026-03-24,Not stated in NPPES — call to verify,CMS NPPES via Affine
1922334978,"Ripp Rehab, Inc.",Behavioral health,,"4645 S LAKESHORE DR, SUITE 5",Tempe,AZ,85282,4807300706,2012-02-17,Not stated in NPPES — call to verify,CMS NPPES via Affine
1124669361,"Rique Pineda, Lpc",Behavioral health,Professional,,Tempe,AZ,85282,4808040326,2019-11-13,Not stated in NPPES — call to verify,CMS NPPES via Affine
1043996309,"Risa Sasaki, Ba, Rbt",Behavioral health,,,Tempe,AZ,85284,4806720536,2023-06-22,Not stated in NPPES — call to verify,CMS NPPES via Affine
1013759810,Rise Behavioral Health Llc,Other care,,,Tempe,AZ,85281,6026923376,2024-08-29,Not stated in NPPES — call to verify,CMS NPPES via Affine
1265122618,Rise To Wellness Llc,Behavioral health,Mental Health (Including Community Mental Health Center),,Tempe,AZ,85282,6028380783,2023-05-09,Not stated in NPPES — call to verify,CMS NPPES via Affine
1235776741,Rising Youth Llc,Behavioral health,Adult Mental Health,,Tempe,AZ,85281,4805902000,2019-12-03,Not stated in NPPES — call to verify,CMS NPPES via Affine
1700801545,"Rita Joan Archambault, Phd",Behavioral health,Professional,,Tempe,AZ,85287,4809656147,2007-07-08,Not stated in NPPES — call to verify,CMS NPPES via Affine
1780645945,"Rita M Washko, M.D.",Clinic / primary care,,,Tempe,AZ,85281,4809653346,2026-07-13,Not stated in NPPES — call to verify,CMS NPPES via Affine
1548144439,"Rite Of Passage, Inc.",Behavioral health,Adolescent and Children Mental Health,,Tempe,AZ,85282,4809991190,2026-05-04,Not stated in NPPES — call to verify,CMS NPPES via Affine
1194116012,Rk Clinical Solutions Llc,Clinic / primary care,,,Tempe,AZ,85282,4802752446,2021-02-05,Not stated in NPPES — call to verify,CMS NPPES via Affine
1770553646,"Robert A Miller, Md",Other care,,"1492 S. MILL AVE, SUITE 301",Tempe,AZ,85281,4808945550,2014-02-06,Not stated in NPPES — call to verify,CMS NPPES via Affine
1023085446,"Robert A Ramsey, Md",Other care,Anatomic Pathology & Clinical Pathology,,Tempe,AZ,85281,6026855211,2013-08-15,Not stated in NPPES — call to verify,CMS NPPES via Affine
1427248806,"Robert Anthony Chavez, M.D.",Other care,,,Tempe,AZ,85282,4804252160,2026-07-24,Not stated in NPPES — call to verify,CMS NPPES via Affine
1699734160,"Robert Carl Milam, Md",Clinic / primary care,,"1845 E BROADWAY RD, SUITE 116",Tempe,AZ,85282,4808827380,2014-10-14,Not stated in NPPES — call to verify,CMS NPPES via Affine
1558661629,"Robert Dasilva, Pharmd",Pharmacy,,,Tempe,AZ,85284,4807551944,2010-10-23,Not stated in NPPES — call to verify,CMS NPPES via Affine
1134347511,"Robert Gordon Milisen, N.M.D.",Other care,,"903 S RURAL RD, SUITE 101",Tempe,AZ,85281,4803639507,2007-07-08,Not stated in NPPES — call to verify,CMS NPPES via Affine
1851398069,"Robert H Page, Md",Clinic / primary care,,"5030 S MILL AVE, STE D-12",Tempe,AZ,85282,4808942823,2008-02-05,Not stated in NPPES — call to verify,CMS NPPES via Affine
1790859221,"Robert I Hepburn, Do",Other care,,"1500 S MILL AVE, TEMPE ST. LUKES HOSPITAL",Tempe,AZ,85281,4807845533,2010-03-08,Not stated in NPPES — call to verify,CMS NPPES via Affine
1760431993,Robert J Bloomberg Md Pc,Clinic / primary care,,"6301 S MCCLINTOCK DR, SUITE 201",Tempe,AZ,85283,4808383100,2007-10-10,Not stated in NPPES — call to verify,CMS NPPES via Affine
1578738936,"Robert J Sivak, M.D., Ltd",Other care,Psychiatry,"4600 S MILL AVE, SUITE 160",Tempe,AZ,85282,4803451200,2008-06-25,Not stated in NPPES — call to verify,CMS NPPES via Affine
1376151241,"Robert James Brown, Bco",Other care,Ocularist,,Tempe,AZ,85282,4802643041,2020-07-16,Not stated in NPPES — call to verify,CMS NPPES via Affine
1740587476,"Robert Krauss, Do",Other care,,"1501 W FOUNTAINHEAD PKWY, SUITE 201",Tempe,AZ,85282,8665743129,2011-02-15,Not stated in NPPES — call to verify,CMS NPPES via Affine
1306267166,"Robert L Gaunt, Fnp-Bc Llc",Clinic / primary care,Family,"111 W 6TH ST, UNIT 607",Tempe,AZ,85281,4803987795,2013-12-21,Not stated in NPPES — call to verify,CMS NPPES via Affine
1568690501,"Robert L Moss, Inc",Other care,,"2421 E SOUTHERN AVE, SUITE 1",Tempe,AZ,85282,4804252158,2009-08-21,Not stated in NPPES — call to verify,CMS NPPES via Affine
1164652293,"Robert L Moss, Inc.",Other care,,"2421 E SOUTHERN AVE, SUITE 1",Tempe,AZ,85282,4804252158,2009-07-23,Not stated in NPPES — call to verify,CMS NPPES via Affine
1881753648,"Robert L. Wooden D.C., P.C.",Other care,,"3200 S RURAL RD, SUITE 3",Tempe,AZ,85282,4809684642,2008-01-12,Not stated in NPPES — call to verify,CMS NPPES via Affine
1639150386,"Robert Leslie Berman, Md",Other care,,"2000 E SOUTHERN AVE, SUITE 102",Tempe,AZ,85282,4808209141,2026-07-13,Not stated in NPPES — call to verify,CMS NPPES via Affine
1083773840,"Robert Louis Wooden, D.C.",Other care,,"3200 S RURAL RD, SUITE 3",Tempe,AZ,85282,4809684642,2007-07-08,Not stated in NPPES — call to verify,CMS NPPES via Affine
1003116120,Robert Morris,Other care,,,Tempe,AZ,85282,4808944246,2010-10-22,Not stated in NPPES — call to verify,CMS NPPES via Affine
1811530785,"Robert Oliver Fazekas, Lac",Behavioral health,,,Tempe,AZ,85282,4808040326,2019-10-24,Not stated in NPPES — call to verify,CMS NPPES via Affine
1306732037,"Robert Raymond Enfield Jr., Chw0000000652",Other care,,,Tempe,AZ,85288,6023614805,2025-06-17,Not stated in NPPES — call to verify,CMS NPPES via Affine
1295715506,"Robert Schmidt, M.D.",Clinic / primary care,,,Tempe,AZ,85283,4803455000,2007-07-08,Not stated in NPPES — call to verify,CMS NPPES via Affine
1093705998,"Robert Schwartzstein, Md",Other care,,,Tempe,AZ,85282,4804252160,2025-08-18,Not stated in NPPES — call to verify,CMS NPPES via Affine
1679876825,"Robert Scott Roesner, Rph",Pharmacy,Pharmacist Clinician (PhC)/ Clinical Pharmacy Specialist,,Tempe,AZ,85284,8882736100,2010-12-09,Not stated in NPPES — call to verify,CMS NPPES via Affine
1184095929,Robert Torrance,Other care,,"1400 E SOUTHERN AVE, 310",Tempe,AZ,85282,6025679881,2015-10-19,Not stated in NPPES — call to verify,CMS NPPES via Affine
1093084683,"Robert W Wilson, Lcsw",Behavioral health,Clinical,"2120 S MCCLINTOCK DR, SUITE 105",Tempe,AZ,85282,4808040326,2017-04-23,Not stated in NPPES — call to verify,CMS NPPES via Affine
1003788498,"Roberto Phillip Salinas, Lmsw",Behavioral health,,,Tempe,AZ,85282,6022855550,2025-09-23,Not stated in NPPES — call to verify,CMS NPPES via Affine
1669546958,"Robin Callahan, Dpt",Other care,,"1972 E BASELINE RD, SUITE 103",Tempe,AZ,85283,4807300501,2016-11-17,Not stated in NPPES — call to verify,CMS NPPES via Affine
1336455450,"Robin Lee, Pac",Clinic / primary care,Medical,,Tempe,AZ,85282,4803045467,2025-05-21,Not stated in NPPES — call to verify,CMS NPPES via Affine
1457929002,"Robin Leigh Franks, Lpcc",Behavioral health,Mental Health,,Tempe,AZ,85281,5053790639,2021-06-10,Not stated in NPPES — call to verify,CMS NPPES via Affine
1255312922,"Robin Louise Prentice, Md",Other care,,"2000 E SOUTHERN AVE, STE 102",Tempe,AZ,85282,4808209141,2010-07-30,Not stated in NPPES — call to verify,CMS NPPES via Affine
1588039473,Robin Peterson,Other care,,"1400 E SOUTHERN AVE, 310",Tempe,AZ,85282,6025679881,2015-12-03,Not stated in NPPES — call to verify,CMS NPPES via Affine
1699380048,Robinson Group,Behavioral health,Mental Health,,Tempe,AZ,85282,6233417950,2020-09-12,Not stated in NPPES — call to verify,CMS NPPES via Affine
1881124519,"Robyn Mathews, Dpt",Other care,,,Tempe,AZ,85282,,2018-05-10,Not stated in NPPES — call to verify,CMS NPPES via Affine
1861708604,Robynn Markunas,Pharmacy,,,Tempe,AZ,85282,4809218013,2010-08-30,Not stated in NPPES — call to verify,CMS NPPES via Affine
1013474766,"Rochelle Celedonia Amurao Casais, Rn,Msn",Other care,,,Tempe,AZ,85283,4806879392,2019-02-28,Not stated in NPPES — call to verify,CMS NPPES via Affine
1588207252,"Rochelle Kathryn Butler, Lmsw",Behavioral health,,,Tempe,AZ,85282,4808040326,2019-10-24,Not stated in NPPES — call to verify,CMS NPPES via Affine
1427463884,Rochelle Le Roy,Behavioral health,,,Tempe,AZ,85282,4805250058,2023-12-26,Not stated in NPPES — call to verify,CMS NPPES via Affine
1538709696,"Rochelle New, Pt, Dpt",Other care,,,Tempe,AZ,85284,4803744341,2025-08-20,Not stated in NPPES — call to verify,CMS NPPES via Affine
1205146768,"Rochelle Reyes, R.N",Other care,School,,Tempe,AZ,85282,4809678336,2010-10-19,Not stated in NPPES — call to verify,CMS NPPES via Affine
1114601705,"Rocio Young, Rbt",Behavioral health,,,Tempe,AZ,85284,4806720536,2023-06-14,Not stated in NPPES — call to verify,CMS NPPES via Affine
1700744547,Rocky Mountain Laboratories Llc,Clinic / primary care,,,Tempe,AZ,85282,8013104595,2026-01-12,Not stated in NPPES — call to verify,CMS NPPES via Affine
1073796223,"Roddy A. Gardner, D.O. P.C.",Clinic / primary care,,,Tempe,AZ,85281,4809677821,2008-02-14,Not stated in NPPES — call to verify,CMS NPPES via Affine
1295908168,"Roger Tolman Knighton Jr., M.N.S. Ccc-A",Other care,,"2600 E SOUTHERN AVE, STE J2",Tempe,AZ,85282,4809693775,2008-04-10,Not stated in NPPES — call to verify,CMS NPPES via Affine
1700362688,Roland Machlowski,Behavioral health,Professional,,Tempe,AZ,85283,4802497223,2018-07-13,Not stated in NPPES — call to verify,CMS NPPES via Affine
1144262072,"Romen K Jha, Md",Clinic / primary care,,"2501 E SOUTHERN AVE, SUITE 1",Tempe,AZ,85282,4807552210,2016-02-25,Not stated in NPPES — call to verify,CMS NPPES via Affine
1063552388,"Ron Denne Jr., Ed.S., Ncsp",Behavioral health,School,,Tempe,AZ,85283,4807067438,2007-07-08,Not stated in NPPES — call to verify,CMS NPPES via Affine
1689980708,"Ronald C Perkes, Ot",Other care,,,Tempe,AZ,85282,4804560719,2010-09-15,Not stated in NPPES — call to verify,CMS NPPES via Affine
1497430631,Rondeanna Keevama,Behavioral health,,,Tempe,AZ,85283,4804744226,2023-06-15,Not stated in NPPES — call to verify,CMS NPPES via Affine
1396414439,Ronnie Hale Iii,Behavioral health,Addiction (Substance Use Disorder),,Tempe,AZ,85282,8052917789,2021-09-11,Not stated in NPPES — call to verify,CMS NPPES via Affine
1235056581,Rooted In You Llc,Behavioral health,Mental Health,,Tempe,AZ,85282,6028459226,2026-09-15,Not stated in NPPES — call to verify,CMS NPPES via Affine
1215748215,Rosa Batista,Behavioral health,Mental Health,,Tempe,AZ,85283,4808153211,2025-01-17,Not stated in NPPES — call to verify,CMS NPPES via Affine
1023267200,"Rosalia Jimenez Vasquez, N.P. (Nurse Practiti",Clinic / primary care,Family,,Tempe,AZ,85282,4809689890,2013-08-27,Not stated in NPPES — call to verify,CMS NPPES via Affine
1598368474,"Rosalia Maria Martinez, Lmt, Mmp",Other care,,,Tempe,AZ,85284,4806588274,2020-11-20,Not stated in NPPES — call to verify,CMS NPPES via Affine
1922783166,Rosario Wood,Behavioral health,,,Tempe,AZ,85283,4804744226,2023-06-15,Not stated in NPPES — call to verify,CMS NPPES via Affine
1417606443,Rose Alwardi,Pharmacy,,,Tempe,AZ,85282,6022437277,2022-03-18,Not stated in NPPES — call to verify,CMS NPPES via Affine
1194561159,"Rose Dumont Villagran, Aud",Other care,,,Tempe,AZ,85281,6029561250,2024-07-08,Not stated in NPPES — call to verify,CMS NPPES via Affine
1851356257,"Rosemarie Garduno, Pmhnp",Behavioral health,"Psychiatric/Mental Health, Adult","1232 E BROADWAY RD, STE 120",Tempe,AZ,85282,4807841514,2012-02-15,Not stated in NPPES — call to verify,CMS NPPES via Affine
1336066976,Rosemary Homecare Llc,Other care,,,Tempe,AZ,85282,4802282745,2026-07-03,Not stated in NPPES — call to verify,CMS NPPES via Affine
1790961985,"Rosewood Ranch, Lp",Behavioral health,Mental Health (Including Community Mental Health Center),,Tempe,AZ,85284,4803030844,2026-09-02,Not stated in NPPES — call to verify,CMS NPPES via Affine
1952513038,Ross Dental Center,Dental,,,Tempe,AZ,85281,4809688711,2020-08-22,Not stated in NPPES — call to verify,CMS NPPES via Affine
1417200254,Roudi Youkhana,Pharmacy,,,Tempe,AZ,85282,4803456328,2014-04-08,Not stated in NPPES — call to verify,CMS NPPES via Affine
1285106872,"Roxanna Donan, Fnp-C",Clinic / primary care,Family,,Tempe,AZ,85282,4807180568,2024-11-05,Not stated in NPPES — call to verify,CMS NPPES via Affine
1558359109,"Roxie Anderson, Apn Rn",Clinic / primary care,Primary Care,,Tempe,AZ,85282,6022437277,2020-05-05,Not stated in NPPES — call to verify,CMS NPPES via Affine
1831829258,Royal Keys Transport Nemt Llc,Other care,,,Tempe,AZ,85283,6029225878,2023-07-03,Not stated in NPPES — call to verify,CMS NPPES via Affine
1134909286,"Rumbidzai Matilda Mudzonga, Nmd",Other care,,,Tempe,AZ,85281,4804361549,2023-10-04,Not stated in NPPES — call to verify,CMS NPPES via Affine
1396923850,Rural Metro Fire Dept Inc,Other care,,,Tempe,AZ,85282,4806276200,2026-01-14,Not stated in NPPES — call to verify,CMS NPPES via Affine
1619024643,"Russell Thomas Tipton, Dmd",Dental,,"2084 E SOUTHERN AVE, G101",Tempe,AZ,85282,4808383437,2007-07-08,Not stated in NPPES — call to verify,CMS NPPES via Affine
1912728312,Ruth Maria Bantel,Behavioral health,Professional,,Tempe,AZ,85281,4807841514,2024-10-18,Not stated in NPPES — call to verify,CMS NPPES via Affine
1518834118,Ry Services Llc,Other care,,,Tempe,AZ,85281,4805902000,2025-10-20,Not stated in NPPES — call to verify,CMS NPPES via Affine
1467035550,Ryan Beatty,Behavioral health,Psychiatric/Mental Health,,Tempe,AZ,85283,6025270791,2021-05-05,Not stated in NPPES — call to verify,CMS NPPES via Affine
1396177853,Ryan Dong,Behavioral health,Clinical,"9855 S PRIEST DR, STE 102",Tempe,AZ,85284,4803434746,2016-07-14,Not stated in NPPES — call to verify,CMS NPPES via Affine
1861175861,"Ryan Fiedler, Ma",Behavioral health,Mental Health,,Tempe,AZ,85284,6026844882,2024-08-02,Not stated in NPPES — call to verify,CMS NPPES via Affine
1629726104,Ryan Gleason,Behavioral health,,,Tempe,AZ,85282,8667278274,2022-03-14,Not stated in NPPES — call to verify,CMS NPPES via Affine
1255021390,Ryan Huynh,Other care,,,Tempe,AZ,85284,6302726261,2023-05-11,Not stated in NPPES — call to verify,CMS NPPES via Affine
1649042011,Ryan J Coolie,Other care,,,Tempe,AZ,85282,5206606900,2023-10-27,Not stated in NPPES — call to verify,CMS NPPES via Affine
1528329992,"Ryan Neff, M.D,, M.P.H.",Other care,Psychiatry,,Tempe,AZ,85283,4803455420,2016-12-27,Not stated in NPPES — call to verify,CMS NPPES via Affine
1588446751,Ryan Rothman,Behavioral health,,,Tempe,AZ,85284,8557728847,2024-10-21,Not stated in NPPES — call to verify,CMS NPPES via Affine
1215576202,"Ryan Scott Norton, Lcsw",Behavioral health,Clinical,,Tempe,AZ,85284,4806085700,2021-07-10,Not stated in NPPES — call to verify,CMS NPPES via Affine
1437722899,Ryann Sommers,Behavioral health,,,Tempe,AZ,85281,8552237123,2021-07-22,Not stated in NPPES — call to verify,CMS NPPES via Affine
1174265706,"Ryleigh Jensen, Bs, Bht",Behavioral health,,,Tempe,AZ,85283,4804893925,2022-04-13,Not stated in NPPES — call to verify,CMS NPPES via Affine
1821977497,"Ryley Lorraine Zapien, Msn, Rn",Other care,,,Tempe,AZ,85283,3607393318,2025-08-28,Not stated in NPPES — call to verify,CMS NPPES via Affine
1972621357,"S.E.E.K. Arizona, Llc",Behavioral health,,,Tempe,AZ,85283,4809020771,2026-08-19,Not stated in NPPES — call to verify,CMS NPPES via Affine
1407545783,Sabrina Taft,Behavioral health,,,Tempe,AZ,85281,8552237123,2023-05-03,Not stated in NPPES — call to verify,CMS NPPES via Affine
1255340816,"Sadek Ebeid, Md",Clinic / primary care,,,Tempe,AZ,85282,4807775544,2012-07-13,Not stated in NPPES — call to verify,CMS NPPES via Affine
1215238894,"Sadek R. Ebeid, Md, Pc",Clinic / primary care,,,Tempe,AZ,85282,4807775544,2010-11-12,Not stated in NPPES — call to verify,CMS NPPES via Affine
1629041678,"Saeed Bidar, M.D.",Clinic / primary care,Nephrology,,Tempe,AZ,85282,4803362039,2024-04-25,Not stated in NPPES — call to verify,CMS NPPES via Affine
1396093084,"Saeed Monterrey, Dpt",Other care,,,Tempe,AZ,85282,4807189493,2018-06-04,Not stated in NPPES — call to verify,CMS NPPES via Affine
1194712950,"Saeid Mohammadi, M.D.",Clinic / primary care,,"2039 S MILL AVE, SUITE E",Tempe,AZ,85282,4809682990,2025-09-11,Not stated in NPPES — call to verify,CMS NPPES via Affine
1962162529,Safe House Wellness & Health Llc,Behavioral health,Mental Health (Including Community Mental Health Center),,Tempe,AZ,85283,2028075522,2026-02-19,Not stated in NPPES — call to verify,CMS NPPES via Affine
1649146622,Safe House Wellness Health,Clinic / primary care,,,Tempe,AZ,85283,4806879194,2026-02-20,Not stated in NPPES — call to verify,CMS NPPES via Affine
1639995368,Safe Journey Transport Llc,Other care,,,Tempe,AZ,85283,6024180814,2024-11-26,Not stated in NPPES — call to verify,CMS NPPES via Affine
1750177721,Safespace Mental Health Plc,Behavioral health,Psychiatric/Mental Health,,Tempe,AZ,85288,6613833822,2025-04-16,Not stated in NPPES — call to verify,CMS NPPES via Affine
1902765852,Safespace Mental Health Plc,Clinic / primary care,,,Tempe,AZ,85288,6613833822,2026-01-16,Not stated in NPPES — call to verify,CMS NPPES via Affine
1639870686,Safety First Transportation Llc,Other care,,,Tempe,AZ,85282,4808007559,2024-07-19,Not stated in NPPES — call to verify,CMS NPPES via Affine
1568800191,Safeway Inc,Pharmacy,Community/Retail Pharmacy,,Tempe,AZ,85282,4802811016,2020-04-13,Not stated in NPPES — call to verify,CMS NPPES via Affine
1528097573,Safeway Inc,Pharmacy,Community/Retail Pharmacy,,Tempe,AZ,85284,4807551944,2020-04-03,Not stated in NPPES — call to verify,CMS NPPES via Affine
1396472932,Safeway Med Trans Llc,Other care,,,Tempe,AZ,85281,8322090360,2022-08-03,Not stated in NPPES — call to verify,CMS NPPES via Affine
1851164842,Saffron House Llc,Other care,,,Tempe,AZ,85281,6029211189,2023-11-01,Not stated in NPPES — call to verify,CMS NPPES via Affine
1124805270,"Safia Hussen, Fnp-C",Clinic / primary care,Family,,Tempe,AZ,85281,8886636331,2026-03-09,Not stated in NPPES — call to verify,CMS NPPES via Affine
1164395224,Sage Anesthesia,Other care,,,Tempe,AZ,85284,4805974321,2025-09-25,Not stated in NPPES — call to verify,CMS NPPES via Affine
1073147856,"Sage Counseling, Inc.",Other care,,,Tempe,AZ,85282,4806493352,2026-06-12,Not stated in NPPES — call to verify,CMS NPPES via Affine
1568872596,"Sage Counseling, Inc.",Other care,,,Tempe,AZ,85282,4806493352,2026-06-12,Not stated in NPPES — call to verify,CMS NPPES via Affine
1063171494,Saguaro Behavioral Health Llc,Other care,,,Tempe,AZ,85283,4809007952,2021-12-13,Not stated in NPPES — call to verify,CMS NPPES via Affine
1568985737,"Sahar Semnani, Md",Clinic / primary care,Nephrology,,Tempe,AZ,85281,6156734455,2023-06-02,Not stated in NPPES — call to verify,CMS NPPES via Affine
1174180053,"Saher Aslam, Md",Clinic / primary care,Nephrology,,Tempe,AZ,85284,4806106100,2025-02-18,Not stated in NPPES — call to verify,CMS NPPES via Affine
1548037294,Saintly Home Health Llc,Other care,,,Tempe,AZ,85282,9167963306,2024-01-25,Not stated in NPPES — call to verify,CMS NPPES via Affine
1831887470,Salama Care Trans Llc,Other care,,,Tempe,AZ,85283,7037252588,2023-05-01,Not stated in NPPES — call to verify,CMS NPPES via Affine
1073468369,"Saldana Physical Therapy And Wellness, Pllc",Other care,Orthopedic,,Tempe,AZ,85283,4804523113,2026-03-02,Not stated in NPPES — call to verify,CMS NPPES via Affine
1669143145,"Saleh Bahati, Pmhnp-Bc, Mph",Behavioral health,Psychiatric/Mental Health,,Tempe,AZ,85283,4808091765,2026-08-07,Not stated in NPPES — call to verify,CMS NPPES via Affine
1629786033,Salem Beyene,Clinic / primary care,"Rehabilitation, Comprehensive Outpatient Rehabilitation Facility (CORF)",,Tempe,AZ,85288,6027933603,2022-11-14,Not stated in NPPES — call to verify,CMS NPPES via Affine
1811698855,"Salena Wesolek, Rbt",Behavioral health,,,Tempe,AZ,85284,4806720536,2023-03-16,Not stated in NPPES — call to verify,CMS NPPES via Affine
1720671290,"Sallie Darlene Strebe, Rn",Other care,Community Health,,Tempe,AZ,85282,5202337111,2021-02-16,Not stated in NPPES — call to verify,CMS NPPES via Affine
1548386741,"Sally Anne Gilbert, Pt",Other care,,,Tempe,AZ,85282,4804569719,2009-09-14,Not stated in NPPES — call to verify,CMS NPPES via Affine
1114327921,Sally Elrayah,Behavioral health,Intellectual & Developmental Disabilities,,Tempe,AZ,85282,6022437313,2014-08-28,Not stated in NPPES — call to verify,CMS NPPES via Affine
1235568627,Sally Zerfas,Other care,,"5801 S MCCLINTOCK DR, STE 110",Tempe,AZ,85283,4807770607,2013-11-06,Not stated in NPPES — call to verify,CMS NPPES via Affine
1255840955,Sam Lee,Pharmacy,Pharmacist Clinician (PhC)/ Clinical Pharmacy Specialist,,Tempe,AZ,85282,4808589044,2026-06-14,Not stated in NPPES — call to verify,CMS NPPES via Affine
1023800950,"Sam's West, Inc.",Other care,Optician,,Tempe,AZ,85288,4806061806,2025-05-19,Not stated in NPPES — call to verify,CMS NPPES via Affine
1235938416,"Sam's West, Inc.",Pharmacy,Community/Retail Pharmacy,,Tempe,AZ,85288,4793712827,2025-03-11,Not stated in NPPES — call to verify,CMS NPPES via Affine
1982380200,"Samantha B Akkerman, Rbt",Behavioral health,,,Tempe,AZ,85284,4806720536,2023-06-22,Not stated in NPPES — call to verify,CMS NPPES via Affine
1538909221,Samantha Blovet,Behavioral health,,,Tempe,AZ,85281,4808630763,2024-12-23,Not stated in NPPES — call to verify,CMS NPPES via Affine
1386034841,Samantha Carbajal,Other care,,,Tempe,AZ,85282,4804560719,2015-02-04,Not stated in NPPES — call to verify,CMS NPPES via Affine
1215708821,Samantha Cutler,Behavioral health,,,Tempe,AZ,85282,8667278274,2024-01-11,Not stated in NPPES — call to verify,CMS NPPES via Affine
1346992443,Samantha Garcia,Behavioral health,,,Tempe,AZ,85281,8552237123,2022-01-20,Not stated in NPPES — call to verify,CMS NPPES via Affine
1174204176,Samantha Harris,Behavioral health,,,Tempe,AZ,85282,8667278274,2023-07-31,Not stated in NPPES — call to verify,CMS NPPES via Affine
1902398167,"Samantha Hoover, Pa-C",Clinic / primary care,,,Tempe,AZ,85282,4808201133,2021-09-06,Not stated in NPPES — call to verify,CMS NPPES via Affine
1689359820,Samantha Howald,Behavioral health,,,Tempe,AZ,85283,4804744226,2023-06-15,Not stated in NPPES — call to verify,CMS NPPES via Affine
1396425484,"Samantha Khamo, Nd",Other care,,,Tempe,AZ,85282,4809700000,2023-10-13,Not stated in NPPES — call to verify,CMS NPPES via Affine
1790173060,Samantha Lamere,Other care,Speech-Language Assistant,"2401 E RIO SALADO PKWY, UNIT #1002",Tempe,AZ,85281,6317429995,2015-01-08,Not stated in NPPES — call to verify,CMS NPPES via Affine
1386308153,"Samantha Mason Salinas, Lmt",Other care,,,Tempe,AZ,85282,4805937196,2021-10-27,Not stated in NPPES — call to verify,CMS NPPES via Affine
1467861427,"Samantha Morris, Lmft",Behavioral health,,"2120 S MCCLINTOCK DR, STE. 105",Tempe,AZ,85282,4808040326,2015-10-22,Not stated in NPPES — call to verify,CMS NPPES via Affine
1801744685,Samantha Ortiz,Behavioral health,,,Tempe,AZ,85284,6023408717,2026-03-18,Not stated in NPPES — call to verify,CMS NPPES via Affine
1720752892,"Samantha Ryan Klein, Mt-Bc",Other care,,,Tempe,AZ,85283,5175180859,2021-08-03,Not stated in NPPES — call to verify,CMS NPPES via Affine
1194631069,Samantha Skiba,Behavioral health,,,Tempe,AZ,85281,4808284357,2026-08-20,Not stated in NPPES — call to verify,CMS NPPES via Affine
1083508105,Samantha Stacherski,Behavioral health,,,Tempe,AZ,85281,4808630763,2025-06-04,Not stated in NPPES — call to verify,CMS NPPES via Affine
1033799465,"Samantha Teel, Fnp-C",Clinic / primary care,Family,,Tempe,AZ,85283,6026107337,2023-01-05,Not stated in NPPES — call to verify,CMS NPPES via Affine
1316785603,Samaria Behavioral Health Center Llc,Behavioral health,Psychiatric/Mental Health,,Tempe,AZ,85283,4804718980,2024-08-25,Not stated in NPPES — call to verify,CMS NPPES via Affine
1861099798,Samaria Behavioral Health Center Llc,Behavioral health,Psychiatric/Mental Health,,Tempe,AZ,85283,4804718980,2024-12-13,Not stated in NPPES — call to verify,CMS NPPES via Affine
1083098909,"Sameer Islam, Pharmd",Pharmacy,,,Tempe,AZ,85283,4808979774,2015-07-10,Not stated in NPPES — call to verify,CMS NPPES via Affine
1417846494,Samira Camargo,Behavioral health,,,Tempe,AZ,85281,4808630763,2025-07-02,Not stated in NPPES — call to verify,CMS NPPES via Affine
1225300882,"Samira Zamani, D.O",Clinic / primary care,,,Tempe,AZ,85283,4808383100,2020-03-02,Not stated in NPPES — call to verify,CMS NPPES via Affine
1134707300,"Samuel Etienne, Dr., Pa",Clinic / primary care,Medical,,Tempe,AZ,85284,4806649443,2023-03-01,Not stated in NPPES — call to verify,CMS NPPES via Affine
1083725535,Samuel Goldberg Md Pc,Other care,,"2600 E SOUTHERN AVE, SUITE J1",Tempe,AZ,85282,4808391250,2008-07-23,Not stated in NPPES — call to verify,CMS NPPES via Affine
1134943145,"Samuel Jacob Vadasz-Chates, Lmsw",Behavioral health,Mental Health,,Tempe,AZ,85288,6028427042,2024-11-15,Not stated in NPPES — call to verify,CMS NPPES via Affine
1720525553,"Sanam Rahbar, Otr",Other care,,,Tempe,AZ,85282,4804560719,2018-05-10,Not stated in NPPES — call to verify,CMS NPPES via Affine
1285957134,"Sandlot Pediatrics & Young Adults, Llc",Other care,,"2600 E SOUTHERN AVE, BLDG H",Tempe,AZ,85282,4806997248,2015-09-11,Not stated in NPPES — call to verify,CMS NPPES via Affine
1487775268,"Sandra Ann Harper, Ccc-A",Other care,,"1007 E WARNER RD, SUITE 105",Tempe,AZ,85284,4808381212,2007-07-08,Not stated in NPPES — call to verify,CMS NPPES via Affine
1336827443,"Sandra E Saenz Rivera, Pa",Clinic / primary care,,,Tempe,AZ,85283,6023239004,2024-09-12,Not stated in NPPES — call to verify,CMS NPPES via Affine
1033037403,"Sandra J Aasen, Rph",Pharmacy,,,Tempe,AZ,85284,4807525500,2026-07-06,Not stated in NPPES — call to verify,CMS NPPES via Affine
1861271538,"Sandra Jones, Lac",Behavioral health,Mental Health,,Tempe,AZ,85283,4808153211,2026-09-14,Not stated in NPPES — call to verify,CMS NPPES via Affine
1669483954,"Sandra M. Dannenbaum, Phd",Behavioral health,Counseling,"7650 S MCCLINTOCK DR, SUITE 103-174",Tempe,AZ,85284,4804524797,2022-01-20,Not stated in NPPES — call to verify,CMS NPPES via Affine
1235481094,"Sandra Mari Thron, Ma Ed.",Behavioral health,School,,Tempe,AZ,85282,4807307100,2012-10-03,Not stated in NPPES — call to verify,CMS NPPES via Affine
1255739512,"Sandra Pollock, Pta",Other care,,,Tempe,AZ,85282,8772790891,2014-12-18,Not stated in NPPES — call to verify,CMS NPPES via Affine
1235293309,Sandra S Valenzuela,Other care,,,Tempe,AZ,85283,4808393520,2020-03-19,Not stated in NPPES — call to verify,CMS NPPES via Affine
1265552319,"Sandra Yee, Md",Other care,,,Tempe,AZ,85282,4804601600,2024-05-25,Not stated in NPPES — call to verify,CMS NPPES via Affine
1457326977,"Sandra Yee, Md, Inc.",Other care,,,Tempe,AZ,85282,4804601600,2024-05-25,Not stated in NPPES — call to verify,CMS NPPES via Affine
1396680252,Sanitas Medical Center Of Arizona P.C,Clinic / primary care,Primary Care,,Tempe,AZ,85282,6025291016,2026-09-10,Not stated in NPPES — call to verify,CMS NPPES via Affine
1629742432,Sanya Elise Elliott,Other care,Speech-Language Assistant,,Tempe,AZ,85284,4803744341,2021-08-04,Not stated in NPPES — call to verify,CMS NPPES via Affine
1467024034,Sapphire Health Solutions Llc,Other care,,,Tempe,AZ,85282,4803479866,2024-08-23,Not stated in NPPES — call to verify,CMS NPPES via Affine
1811181761,"Saquib Hamid, Md",Clinic / primary care,,,Tempe,AZ,85283,4803455085,2014-03-28,Not stated in NPPES — call to verify,CMS NPPES via Affine
1316654700,Sara Ann Belk,Other care,,,Tempe,AZ,85284,4803744341,2022-11-03,Not stated in NPPES — call to verify,CMS NPPES via Affine
1326413287,"Sara Asadoorian, La.C",Other care,,"2065 S. COTTONWOOD DR, SUITE 1",Tempe,AZ,85282,4808187767,2018-02-08,Not stated in NPPES — call to verify,CMS NPPES via Affine
1023764826,"Sara Dawn Church, Lmsw",Behavioral health,,,Tempe,AZ,85282,4808040326,2022-03-01,Not stated in NPPES — call to verify,CMS NPPES via Affine
1891388443,"Sara Gayle Johnson, Lmsw",Behavioral health,,,Tempe,AZ,85282,4803826238,2021-02-15,Not stated in NPPES — call to verify,CMS NPPES via Affine
1134582158,"Sara Jean Zakem, M.D.",Imaging,Radiation Oncology,,Tempe,AZ,85284,4802788300,2023-08-28,Not stated in NPPES — call to verify,CMS NPPES via Affine
1265976336,"Sara Noel Paquet, Md",Other care,,"2421 E SOUTHERN AVE, STE 7",Tempe,AZ,85282,6022341991,2022-07-29,Not stated in NPPES — call to verify,CMS NPPES via Affine
1568883098,"Sara Ullenbruch-Zarezadeh, Pt, Dpt",Other care,Orthopedic,,Tempe,AZ,85282,4809682020,2024-04-14,Not stated in NPPES — call to verify,CMS NPPES via Affine
1972149755,"Sarah Alflen, Pt",Other care,,,Tempe,AZ,85282,4804560719,2019-11-26,Not stated in NPPES — call to verify,CMS NPPES via Affine
1477390631,"Sarah Anne-Marie Zunker, Rd",Other care,,,Tempe,AZ,85282,4802664122,2026-09-09,Not stated in NPPES — call to verify,CMS NPPES via Affine
1154702199,"Sarah Ashley Koop, Med, Lpc",Behavioral health,Mental Health,,Tempe,AZ,85281,4237159099,2024-09-02,Not stated in NPPES — call to verify,CMS NPPES via Affine
1043901846,Sarah Carruthers,Behavioral health,,,Tempe,AZ,85281,8552237123,2024-09-19,Not stated in NPPES — call to verify,CMS NPPES via Affine
1912208430,"Sarah Derubeis, Fnp-C",Clinic / primary care,Family,,Tempe,AZ,85283,4803312844,2024-08-28,Not stated in NPPES — call to verify,CMS NPPES via Affine
1396299558,Sarah Dodge,Pharmacy,,,Tempe,AZ,85281,4802142668,2016-08-11,Not stated in NPPES — call to verify,CMS NPPES via Affine
1518890144,Sarah E Campbell Saavedra,Behavioral health,Clinical,,Tempe,AZ,85282,4802349256,2026-06-04,Not stated in NPPES — call to verify,CMS NPPES via Affine
1750067013,Sarah Elizabeth Anderson,Behavioral health,Professional,,Tempe,AZ,85283,4804893925,2023-06-22,Not stated in NPPES — call to verify,CMS NPPES via Affine
1699269878,"Sarah Grace Clay, Ba, Ibclc, Rlc",Other care,,,Tempe,AZ,85284,4804428491,2018-06-20,Not stated in NPPES — call to verify,CMS NPPES via Affine
1639550296,"Sarah Hall, Mas-Mft, Lamft",Behavioral health,,,Tempe,AZ,85283,4802828778,2015-06-09,Not stated in NPPES — call to verify,CMS NPPES via Affine
1639633100,"Sarah Hartung, Lpc, Rdt",Behavioral health,Mental Health,,Tempe,AZ,85281,6232824446,2026-06-20,Not stated in NPPES — call to verify,CMS NPPES via Affine
1811726979,Sarah Helen Fein,Other care,,,Tempe,AZ,85282,4809678336,2024-07-29,Not stated in NPPES — call to verify,CMS NPPES via Affine
1710367800,"Sarah Hoover, Pta",Other care,,,Tempe,AZ,85282,6025679881,2015-06-03,Not stated in NPPES — call to verify,CMS NPPES via Affine
1730137001,"Sarah Jamie Johnson, Atc",Other care,Athletic Trainer,,Tempe,AZ,85283,4804917145,2026-07-13,Not stated in NPPES — call to verify,CMS NPPES via Affine
1457637803,Sarah Jane Germaine,Other care,Speech-Language Assistant,,Tempe,AZ,85281,4803749548,2011-10-31,Not stated in NPPES — call to verify,CMS NPPES via Affine
1356384846,"Sarah Joy Gamez, R.Ph",Pharmacy,,,Tempe,AZ,85281,6022250005,2026-07-13,Not stated in NPPES — call to verify,CMS NPPES via Affine
1578342697,"Sarah L Ortlund, Student Lcpc",Behavioral health,Professional,,Tempe,AZ,85282,4805250058,2023-09-27,Not stated in NPPES — call to verify,CMS NPPES via Affine
1922861301,"Sarah L Williams, Pmhnp-Bc",Behavioral health,Psychiatric/Mental Health,,Tempe,AZ,85284,4805730000,2025-09-24,Not stated in NPPES — call to verify,CMS NPPES via Affine
1225661333,Sarah Limon,Behavioral health,,,Tempe,AZ,85282,8667278274,2020-02-17,Not stated in NPPES — call to verify,CMS NPPES via Affine
1750061867,Sarah Lychy,Other care,,,Tempe,AZ,85282,4809700000,2023-07-24,Not stated in NPPES — call to verify,CMS NPPES via Affine
1578042230,"Sarah Lynn Misialek, Ccc-Slp",Other care,,,Tempe,AZ,85284,4803744341,2026-04-01,Not stated in NPPES — call to verify,CMS NPPES via Affine
1184578122,Sarah M Garcia,Behavioral health,,,Tempe,AZ,85288,6024274600,2026-08-24,Not stated in NPPES — call to verify,CMS NPPES via Affine
1326443508,"Sarah Nicole Breakiron, Rn",Other care,Home Health,,Tempe,AZ,85283,6027086184,2014-10-30,Not stated in NPPES — call to verify,CMS NPPES via Affine
1437964285,"Sarah O'donnell, Rn",Other care,School,,Tempe,AZ,85281,5038285434,2025-02-10,Not stated in NPPES — call to verify,CMS NPPES via Affine
1508368333,Sarah Swonder,Behavioral health,Clinical,,Tempe,AZ,85281,4807841514,2018-03-07,Not stated in NPPES — call to verify,CMS NPPES via Affine
1174086854,"Sarah Trahan, Nmd",Other care,,,Tempe,AZ,85282,4809700000,2019-04-10,Not stated in NPPES — call to verify,CMS NPPES via Affine
1518688761,"Sarah Wilson, Rbt",Behavioral health,,,Tempe,AZ,85284,4806720536,2022-09-07,Not stated in NPPES — call to verify,CMS NPPES via Affine
1982484366,"Sasha Candice Bates, Rd",Other care,,,Tempe,AZ,85284,4803992275,2023-10-03,Not stated in NPPES — call to verify,CMS NPPES via Affine
1174985295,"Sasha Verdugo, M.A.",Behavioral health,,,Tempe,AZ,85283,6199776832,2016-03-28,Not stated in NPPES — call to verify,CMS NPPES via Affine
1952181356,"Saul A Garcia, Md",Clinic / primary care,,,Tempe,AZ,85283,6022768577,2023-10-03,Not stated in NPPES — call to verify,CMS NPPES via Affine
1831501121,Sav Health Center Llc,Clinic / primary care,Family,"1000 E WARNER RD, 107",Tempe,AZ,85284,4808973300,2014-05-21,Not stated in NPPES — call to verify,CMS NPPES via Affine
1912690116,"Savannah E Howard, Lcsw",Behavioral health,Clinical,,Tempe,AZ,85282,4802569299,2024-08-16,Not stated in NPPES — call to verify,CMS NPPES via Affine
1578486312,Scientia Compounding Pharmacy,Pharmacy,Compounding Pharmacy,,Tempe,AZ,85281,9014831512,2026-07-30,Not stated in NPPES — call to verify,CMS NPPES via Affine
1457581696,"Scott A Nielsen, Dds",Dental,,,Tempe,AZ,85283,6023391985,2023-10-18,Not stated in NPPES — call to verify,CMS NPPES via Affine
1720684145,Scott B Pearce Do Pllc,Other care,,,Tempe,AZ,85282,6232331441,2020-12-10,Not stated in NPPES — call to verify,CMS NPPES via Affine
1619015948,"Scott D Murray, Dc",Other care,,"1730 E WARNER RD, SUITE 8",Tempe,AZ,85284,4802348396,2007-07-09,Not stated in NPPES — call to verify,CMS NPPES via Affine
1013480722,"Scott Daniel Mcgrath, Au.D.",Other care,,,Tempe,AZ,85282,4808334330,2019-02-04,Not stated in NPPES — call to verify,CMS NPPES via Affine
1710922521,"Scott David Mason, M.S., Atc/L",Other care,,,Tempe,AZ,85284,4807528865,2026-07-13,Not stated in NPPES — call to verify,CMS NPPES via Affine
1477921393,"Scott Derner, Pharmd",Pharmacy,,,Tempe,AZ,85282,4809662791,2015-09-09,Not stated in NPPES — call to verify,CMS NPPES via Affine
1225446693,Scott Family Dental P C,Clinic / primary care,Dental,,Tempe,AZ,85283,4808316440,2014-07-29,Not stated in NPPES — call to verify,CMS NPPES via Affine
1710920855,"Scott H. Sorensen, P.A.-C",Clinic / primary care,,,Tempe,AZ,85283,4806180123,2025-12-26,Not stated in NPPES — call to verify,CMS NPPES via Affine
1467599266,"Scott J Griffin, Dc",Other care,,,Tempe,AZ,85283,4808334515,2016-10-22,Not stated in NPPES — call to verify,CMS NPPES via Affine
1609440379,"Scott K Lee, Dds, Pllc",Dental,General Practice,,Tempe,AZ,85282,4807371787,2021-05-18,Not stated in NPPES — call to verify,CMS NPPES via Affine
1780007492,"Scott K. Lee, D.D.S., P.C.",Dental,General Practice,"1840 E WARNER RD, SUITE 117",Tempe,AZ,85284,4804911170,2014-01-31,Not stated in NPPES — call to verify,CMS NPPES via Affine
1407837131,"Scott Michael Isaac, Md",Other care,,"2000 E SOUTHERN AVE, SUITE 102",Tempe,AZ,85282,4808209141,2010-07-30,Not stated in NPPES — call to verify,CMS NPPES via Affine
1245779784,Scottsdale Healthcare Corp,Clinic / primary care,Multi-Specialty,"450 E RIO SALADO PKWY, BUILDING C, STE. 110-113",Tempe,AZ,85281,6232664699,2019-02-02,Not stated in NPPES — call to verify,CMS NPPES via Affine
1912259862,Scottsdale Healthcare Corp,Clinic / primary care,,"1845 E BROADWAY RD, STE 116",Tempe,AZ,85282,4808827380,2019-02-02,Not stated in NPPES — call to verify,CMS NPPES via Affine
1407228760,Scottsdale Healthcare Corporation,Clinic / primary care,,"1721 E WARNER RD, SUITE 2",Tempe,AZ,85284,4808827390,2019-02-02,Not stated in NPPES — call to verify,CMS NPPES via Affine
1821494204,Scottsdale Healthcare Corporation,Clinic / primary care,,"1626 S PRIEST DR, SUITE 104",Tempe,AZ,85281,4808827320,2019-02-02,Not stated in NPPES — call to verify,CMS NPPES via Affine
1215109715,"Sdms, P.C.",Clinic / primary care,"Endocrinology, Diabetes & Metabolism","1847 E SOUTHERN AVE, SUITE # 1",Tempe,AZ,85282,4808382277,2008-03-25,Not stated in NPPES — call to verify,CMS NPPES via Affine
1477517712,"Sean F Wolfort, M.D.",Other care,,,Tempe,AZ,85283,4808028511,2026-01-27,Not stated in NPPES — call to verify,CMS NPPES via Affine
1386331148,"Sean Green, Lmsw",Behavioral health,,,Tempe,AZ,85281,4808582143,2023-04-21,Not stated in NPPES — call to verify,CMS NPPES via Affine
1780060731,"Sean Guimond, Pharm.D.",Pharmacy,,,Tempe,AZ,85284,4807836233,2015-07-31,Not stated in NPPES — call to verify,CMS NPPES via Affine
1578071890,"Sean Michael Carter, Atc",Other care,Athletic Trainer,,Tempe,AZ,85284,6023791713,2018-01-22,Not stated in NPPES — call to verify,CMS NPPES via Affine
1174306989,Sean Printke,Other care,,,Tempe,AZ,85281,0000000000,2023-08-15,Not stated in NPPES — call to verify,CMS NPPES via Affine
1487405940,Sean Shaver,Behavioral health,,,Tempe,AZ,85281,8552237123,2024-04-01,Not stated in NPPES — call to verify,CMS NPPES via Affine
1881443380,Sebakara Sandrali,Behavioral health,Mental Health,"4600 S MILL AVE, SUITE 160, MAILBOX #150",Tempe,AZ,85282,7576527262,2024-05-16,Not stated in NPPES — call to verify,CMS NPPES via Affine
1164192688,"Sebastian Somera Lopez, Rbt",Behavioral health,,,Tempe,AZ,85284,4806720536,2021-09-16,Not stated in NPPES — call to verify,CMS NPPES via Affine
1720113145,Secure Anesthesia Pllc,Other care,,,Tempe,AZ,85282,4804252160,2022-12-01,Not stated in NPPES — call to verify,CMS NPPES via Affine
1235583212,"Seema Bacon, Atr, Lpc",Behavioral health,Professional,,Tempe,AZ,85283,4803076446,2019-06-11,Not stated in NPPES — call to verify,CMS NPPES via Affine
1710635545,Seguaro Blossom Llc,Behavioral health,Mental Health (Including Community Mental Health Center),,Tempe,AZ,85283,7752879463,2022-03-10,Not stated in NPPES — call to verify,CMS NPPES via Affine
1033696422,Seiler Purdy,Other care,,,Tempe,AZ,85283,4807770607,2018-07-27,Not stated in NPPES — call to verify,CMS NPPES via Affine
1013665744,Selange Giannetto,Other care,,,Tempe,AZ,85283,6307155838,2022-03-11,Not stated in NPPES — call to verify,CMS NPPES via Affine
1881136018,"Select Physical Therapy Holdings, Inc.",Other care,,,Tempe,AZ,85283,4807300501,2018-11-21,Not stated in NPPES — call to verify,CMS NPPES via Affine
1457190423,"Selena Cruz, Rbt",Behavioral health,,,Tempe,AZ,85284,4806720536,2024-05-21,Not stated in NPPES — call to verify,CMS NPPES via Affine
1629771019,Selene Vasquez Avalos,Behavioral health,,,Tempe,AZ,85282,8315788643,2023-03-23,Not stated in NPPES — call to verify,CMS NPPES via Affine
1003373507,Sellerssportsmed Llc,Clinic / primary care,Sports Medicine,,Tempe,AZ,85283,4807513777,2019-07-01,Not stated in NPPES — call to verify,CMS NPPES via Affine
1679809636,Sequelcare Of Arizona,Other care,,,Tempe,AZ,85282,4802847304,2018-03-07,Not stated in NPPES — call to verify,CMS NPPES via Affine
1477253011,Sequoia Wellness Llc,Behavioral health,Mental Health (Including Community Mental Health Center),,Tempe,AZ,85282,7863774925,2024-01-17,Not stated in NPPES — call to verify,CMS NPPES via Affine
1023866084,"Serena Jae Pedroza, Ms Slp",Other care,,,Tempe,AZ,85284,4803744341,2025-05-20,Not stated in NPPES — call to verify,CMS NPPES via Affine
1457219156,Serena Ramirez,Behavioral health,,,Tempe,AZ,85282,6028341178,2026-01-12,Not stated in NPPES — call to verify,CMS NPPES via Affine
1861128563,Serene Health Center Llc,Other care,,,Tempe,AZ,85281,9168730062,2022-09-21,Not stated in NPPES — call to verify,CMS NPPES via Affine
1831724699,Serene Living Spaces Llc,Other care,,,Tempe,AZ,85282,4807668114,2020-05-20,Not stated in NPPES — call to verify,CMS NPPES via Affine
1831064583,Serenity Maxwell,Behavioral health,,,Tempe,AZ,85282,4808040326,2026-07-27,Not stated in NPPES — call to verify,CMS NPPES via Affine
1417677097,Serenity Space Llc,Other care,,,Tempe,AZ,85282,5203001352,2022-09-01,Not stated in NPPES — call to verify,CMS NPPES via Affine
1992198220,Sergio Huante Bajo,Other care,,,Tempe,AZ,85283,9282463015,2015-03-11,Not stated in NPPES — call to verify,CMS NPPES via Affine
1619031028,"Sergio Szpaizman, Md",Clinic / primary care,,"1492 S MILL AVE, SUITE 312",Tempe,AZ,85281,6022437277,2015-08-05,Not stated in NPPES — call to verify,CMS NPPES via Affine
1780346114,"Seth Daub, Bht",Behavioral health,,,Tempe,AZ,85282,6232584970,2021-10-13,Not stated in NPPES — call to verify,CMS NPPES via Affine
1811504004,Shadetree Wellness Center Of Arizona Llc,Behavioral health,Mental Health,,Tempe,AZ,85283,9093736305,2020-09-30,Not stated in NPPES — call to verify,CMS NPPES via Affine
1942974837,"Shaelynne M Pohlman, Ccp",Other care,,,Tempe,AZ,85283,7342454007,2021-08-04,Not stated in NPPES — call to verify,CMS NPPES via Affine
1376151043,"Shaghayegh Mohebbi Hesari, Od",Other care,,,Tempe,AZ,85281,4804802020,2026-09-14,Not stated in NPPES — call to verify,CMS NPPES via Affine
1043359326,"Shahrzad Z Orona, Nmd",Other care,,,Tempe,AZ,85283,4807550060,2022-09-11,Not stated in NPPES — call to verify,CMS NPPES via Affine
1144274861,"Shailesh J Patel, D.O.",Clinic / primary care,Nephrology,,Tempe,AZ,85284,4806106100,2023-03-07,Not stated in NPPES — call to verify,CMS NPPES via Affine
1861910481,"Shaley Moreira, Np",Clinic / primary care,Family,,Tempe,AZ,85281,4809176480,2019-02-21,Not stated in NPPES — call to verify,CMS NPPES via Affine
1134351075,Shalimar Family Dentistry,Dental,,"2074 E SOUTHERN AVE, SUITE B102",Tempe,AZ,85282,4808383355,2009-08-11,Not stated in NPPES — call to verify,CMS NPPES via Affine
1912644162,Shalise Fernander,Behavioral health,,,Tempe,AZ,85284,4805537153,2022-05-18,Not stated in NPPES — call to verify,CMS NPPES via Affine
1265131817,Shalom Heritage Behavioral Health Services,Behavioral health,,,Tempe,AZ,85282,4808458165,2025-10-09,Not stated in NPPES — call to verify,CMS NPPES via Affine
1750093050,"Shalom Heritage, Llc",Other care,,,Tempe,AZ,85283,4808459165,2022-12-19,Not stated in NPPES — call to verify,CMS NPPES via Affine
1962905208,Shana Lynn Thompson Smith,Behavioral health,Clinical,,Tempe,AZ,85281,4807841514,2018-03-13,Not stated in NPPES — call to verify,CMS NPPES via Affine
1184892473,"Shane Kyle Blacker, Dds",Dental,Orthodontics and Dentofacial Orthopedics,,Tempe,AZ,85283,4808396262,2008-02-20,Not stated in NPPES — call to verify,CMS NPPES via Affine
1972223337,"Shane Michael Pendleton, Crna",Other care,,,Tempe,AZ,85281,4807845500,2025-06-03,Not stated in NPPES — call to verify,CMS NPPES via Affine
1174123434,"Shaneekwa Stinnett, Lpn",Other care,,,Tempe,AZ,85283,4807559379,2020-10-27,Not stated in NPPES — call to verify,CMS NPPES via Affine
1306501150,"Shania Collins, Lpc",Behavioral health,Professional,,Tempe,AZ,85282,4807181261,2024-10-07,Not stated in NPPES — call to verify,CMS NPPES via Affine
1730699190,Shanna Diane Bayrd,Other care,,,Tempe,AZ,85282,4809994979,2017-10-11,Not stated in NPPES — call to verify,CMS NPPES via Affine
1073141529,"Shannalee Senior, Aprn, Agnp-C",Clinic / primary care,Adult Health,,Tempe,AZ,85282,6232465700,2025-01-12,Not stated in NPPES — call to verify,CMS NPPES via Affine
1982244844,"Shannon Alley, Lpc",Behavioral health,Professional,,Tempe,AZ,85282,4808040326,2020-01-08,Not stated in NPPES — call to verify,CMS NPPES via Affine
1326661372,"Shannon Ebert, Rn",Other care,Community Health,,Tempe,AZ,85282,5202337111,2020-05-26,Not stated in NPPES — call to verify,CMS NPPES via Affine
1407602634,"Shannon Kristi Connor, Od",Other care,,,Tempe,AZ,85288,4809670563,2024-07-03,Not stated in NPPES — call to verify,CMS NPPES via Affine
1255052031,"Shannon L Clark, Rn Ccm",Other care,School,,Tempe,AZ,85281,4809299909,2022-09-08,Not stated in NPPES — call to verify,CMS NPPES via Affine
1982722526,"Shannon Lenore Madden, Lpc",Behavioral health,,"2120 S MCCLINTOCK DR, STE. 105",Tempe,AZ,85282,4808040326,2014-05-13,Not stated in NPPES — call to verify,CMS NPPES via Affine
1427480649,"Shannon Schiefer, Ma, Lpc",Behavioral health,,,Tempe,AZ,85282,4803314439,2014-09-19,Not stated in NPPES — call to verify,CMS NPPES via Affine
1780262659,"Shannon Somero, Pharmd",Pharmacy,,,Tempe,AZ,85283,4803455319,2021-06-10,Not stated in NPPES — call to verify,CMS NPPES via Affine
1619773116,"Shannon Wrobel, Lcsw",Behavioral health,Clinical,,Tempe,AZ,85282,4807222730,2025-02-24,Not stated in NPPES — call to verify,CMS NPPES via Affine
1124493408,Shannon Zorro,Other care,,,Tempe,AZ,85283,4808976228,2015-12-11,Not stated in NPPES — call to verify,CMS NPPES via Affine
1417837634,Sharif Auto & Transit Group Llc,Other care,,,Tempe,AZ,85281,7144873327,2025-09-08,Not stated in NPPES — call to verify,CMS NPPES via Affine
1033006176,Sharissa Murugi,Behavioral health,,,Tempe,AZ,85281,6232864981,2025-06-20,Not stated in NPPES — call to verify,CMS NPPES via Affine
1871022111,"Sharli Berry, Lpc",Behavioral health,Professional,,Tempe,AZ,85283,4807880877,2024-02-05,Not stated in NPPES — call to verify,CMS NPPES via Affine
1770799389,Sharon A Fox,Other care,,,Tempe,AZ,85282,4807307287,2007-10-11,Not stated in NPPES — call to verify,CMS NPPES via Affine
1043300783,"Sharon D. Hargraves, M.D.",Other care,,,Tempe,AZ,85282,4804143077,2024-05-17,Not stated in NPPES — call to verify,CMS NPPES via Affine
1396996328,"Sharon Doreen Schlue, Lpc",Behavioral health,Professional,"2120 S MCCLINTOCK DR, SUITE 105",Tempe,AZ,85282,4808040326,2017-04-23,Not stated in NPPES — call to verify,CMS NPPES via Affine
1396759510,"Sharon Kaye Pfeiffer, Pnp",Clinic / primary care,Pediatrics,"7505 S MCCLINTOCK DR, #103",Tempe,AZ,85283,4807551000,2015-12-06,Not stated in NPPES — call to verify,CMS NPPES via Affine
1740309574,"Sharon Reed, Fp",Behavioral health,,,Tempe,AZ,85283,4804563079,2007-07-08,Not stated in NPPES — call to verify,CMS NPPES via Affine
1679375182,"Sharon Tipton, Liac-S",Behavioral health,Addiction (Substance Use Disorder),,Tempe,AZ,85282,2147445956,2025-03-25,Not stated in NPPES — call to verify,CMS NPPES via Affine
1558773739,"Sharon Zolondek, Ibclc",Other care,,"4703 S LAKESHORE DR, #2",Tempe,AZ,85282,4804428491,2014-05-22,Not stated in NPPES — call to verify,CMS NPPES via Affine
1295057354,"Sharonelle Simmons, M.D",Clinic / primary care,,,Tempe,AZ,85283,4803883666,2011-02-23,Not stated in NPPES — call to verify,CMS NPPES via Affine
1396294252,"Shaun Patrick Kennedy, N.D.",Other care,,,Tempe,AZ,85282,4804283232,2016-10-03,Not stated in NPPES — call to verify,CMS NPPES via Affine
1396339883,"Shaun Torrez, Fnp-C",Clinic / primary care,Family,,Tempe,AZ,85281,6236048280,2023-05-04,Not stated in NPPES — call to verify,CMS NPPES via Affine
1780566182,"Shaw Care Homes, Llc",Other care,"Assisted Living, Behavioral Disturbances",,Tempe,AZ,85283,4804044886,2025-07-24,Not stated in NPPES — call to verify,CMS NPPES via Affine
1821392481,Shawn B Summers Md Pllc,Other care,,,Tempe,AZ,85282,4804252160,2026-08-21,Not stated in NPPES — call to verify,CMS NPPES via Affine
1457605362,"Shawn D Christensen, Ccc-Slp",Other care,,,Tempe,AZ,85282,4804560719,2018-05-09,Not stated in NPPES — call to verify,CMS NPPES via Affine
1912165275,"Shawn Vigneau, D.C.",Other care,,"1001 E WARNER RD, SUITE 107",Tempe,AZ,85284,4808973300,2012-04-12,Not stated in NPPES — call to verify,CMS NPPES via Affine
1982483590,"Shay Irwin Bjelland, Ba",Behavioral health,,,Tempe,AZ,85283,6022919375,2023-09-22,Not stated in NPPES — call to verify,CMS NPPES via Affine
1508473950,"Shaye Lauren Saba, Nmd",Other care,,,Tempe,AZ,85284,4805509095,2025-05-16,Not stated in NPPES — call to verify,CMS NPPES via Affine
1700475621,Shayla Pantaleo,Behavioral health,,,Tempe,AZ,85282,4808040326,2021-01-14,Not stated in NPPES — call to verify,CMS NPPES via Affine
1679082564,"Shayna Gayle Labarge, Fnp",Behavioral health,Psychiatric/Mental Health,,Tempe,AZ,85284,6023622983,2022-02-24,Not stated in NPPES — call to verify,CMS NPPES via Affine
1750087052,Sheila Ann Olah,Behavioral health,,,Tempe,AZ,85281,4808630763,2024-12-23,Not stated in NPPES — call to verify,CMS NPPES via Affine
1023153830,"Sheila Green, M.S.",Other care,,"2501 E SOUTHERN AVE, SUITE 21",Tempe,AZ,85282,4808334330,2008-11-05,Not stated in NPPES — call to verify,CMS NPPES via Affine
1538315098,"Sheila J Prosser, Lpc, Lisac",Behavioral health,Professional,"2120 S MCCLINTOCK DR, SUITE 105",Tempe,AZ,85282,4808040326,2017-04-23,Not stated in NPPES — call to verify,CMS NPPES via Affine
1083324230,Sheila Turinawe,Other care,,,Tempe,AZ,85283,9282556213,2022-11-29,Not stated in NPPES — call to verify,CMS NPPES via Affine
1023254471,"Sheilkeela Howard-Gurley, Fnp-Bc",Clinic / primary care,Family,,Tempe,AZ,85282,4803780573,2021-05-05,Not stated in NPPES — call to verify,CMS NPPES via Affine
1902886377,"Shel-Don Legarreta, Md",Clinic / primary care,,,Tempe,AZ,85283,4803455000,2007-07-08,Not stated in NPPES — call to verify,CMS NPPES via Affine
1396265260,"Shelbe White, Mm, Mt-Bc",Other care,,,Tempe,AZ,85281,4809651082,2021-03-03,Not stated in NPPES — call to verify,CMS NPPES via Affine
1700706413,Shelby Bussolotti,Behavioral health,Clinical,,Tempe,AZ,85282,6026756185,2026-07-21,Not stated in NPPES — call to verify,CMS NPPES via Affine
1558007831,"Shelby Elise Gillaird, Med, Bcba, Lba",Behavioral health,,,Tempe,AZ,85284,4806720536,2024-02-16,Not stated in NPPES — call to verify,CMS NPPES via Affine
1942860507,"Shelby Marie Moe, Ms",Other care,,,Tempe,AZ,85284,4803744341,2019-06-17,Not stated in NPPES — call to verify,CMS NPPES via Affine
1871130443,"Shelby Talyor Perry, Atc, Lat, Emt",Other care,Athletic Trainer,,Tempe,AZ,85281,5058033300,2019-12-03,Not stated in NPPES — call to verify,CMS NPPES via Affine
1679832786,"Shelby Tanner May, Slpa",Other care,Speech-Language Assistant,,Tempe,AZ,85283,4808396000,2012-05-09,Not stated in NPPES — call to verify,CMS NPPES via Affine
1205256468,Shepherd Staff Home Care Llc,Other care,,"9920 S RURAL RD, SUITE 108-58",Tempe,AZ,85284,6025709614,2014-04-25,Not stated in NPPES — call to verify,CMS NPPES via Affine
1629489422,"Sheraden Boynton, Rn",Other care,,,Tempe,AZ,85284,4805415200,2014-05-14,Not stated in NPPES — call to verify,CMS NPPES via Affine
1740431675,Sheri Denise Moser,Other care,Optician,"2000 E RIO SALADO PKWY, SUITE 1066",Tempe,AZ,85281,4809210067,2008-10-09,Not stated in NPPES — call to verify,CMS NPPES via Affine
1467146019,Sherice Latia Johnson,Behavioral health,,,Tempe,AZ,85282,6028256466,2023-06-06,Not stated in NPPES — call to verify,CMS NPPES via Affine
1942348206,Sheryl Arr,Other care,,,Tempe,AZ,85283,4807551037,2007-07-08,Not stated in NPPES — call to verify,CMS NPPES via Affine
1043870918,"Sheryl Walden, Licsw",Behavioral health,Clinical,,Tempe,AZ,85284,9092246682,2019-06-13,Not stated in NPPES — call to verify,CMS NPPES via Affine
1871375097,"Sheyda Vadipour, Nmd",Other care,,,Tempe,AZ,85284,4807127499,2023-10-23,Not stated in NPPES — call to verify,CMS NPPES via Affine
1326458035,Shira James,Other care,Pediatrics,,Tempe,AZ,85283,6023184877,2014-05-02,Not stated in NPPES — call to verify,CMS NPPES via Affine
1477576080,Shirley Reimer,Behavioral health,Professional,,Tempe,AZ,85283,4802065002,2007-07-08,Not stated in NPPES — call to verify,CMS NPPES via Affine
1609012459,"Shirley T Mcgeehon, Pt",Other care,,,Tempe,AZ,85282,4804560719,2009-09-14,Not stated in NPPES — call to verify,CMS NPPES via Affine
1700372505,Shonta M Nesbit,Other care,,,Tempe,AZ,85282,6025679881,2018-07-03,Not stated in NPPES — call to verify,CMS NPPES via Affine
1962282491,Shraddha Krishnan,Behavioral health,,,Tempe,AZ,85281,4804277561,2023-11-14,Not stated in NPPES — call to verify,CMS NPPES via Affine
1932915998,"Shriya Thakrar, Pharmd",Pharmacy,,,Tempe,AZ,85283,4804964444,2024-12-05,Not stated in NPPES — call to verify,CMS NPPES via Affine
1801950464,"Shruti G Chaurasia, M.D.",Clinic / primary care,,,Tempe,AZ,85283,4803455400,2019-09-23,Not stated in NPPES — call to verify,CMS NPPES via Affine
1235304031,"Siddiqui Rose Hernandez, Crnp Pmhnp-Bc",Behavioral health,Psychiatric/Mental Health,,Tempe,AZ,85283,4807180568,2019-12-31,Not stated in NPPES — call to verify,CMS NPPES via Affine
1023909553,Sidney Blanz-Enright,Behavioral health,Mental Health,,Tempe,AZ,85282,4806411165,2025-07-12,Not stated in NPPES — call to verify,CMS NPPES via Affine
1982649653,"Sidney Dane Treat, Md",Clinic / primary care,,"2501 E SOUTHERN AVE, SUITE 1",Tempe,AZ,85282,6023375609,2023-01-06,Not stated in NPPES — call to verify,CMS NPPES via Affine
1114528379,Sienna Vidana,Other care,,,Tempe,AZ,85284,4805413600,2026-09-09,Not stated in NPPES — call to verify,CMS NPPES via Affine
1003655077,"Sierra Lashon Meigs, Rbt",Behavioral health,,,Tempe,AZ,85284,4806720536,2024-05-21,Not stated in NPPES — call to verify,CMS NPPES via Affine
1114731668,Sigma Recovery Center Llc,Behavioral health,Mental Health (Including Community Mental Health Center),,Tempe,AZ,85281,4807645111,2026-07-14,Not stated in NPPES — call to verify,CMS NPPES via Affine
1437926268,Sigma Wellness Center Llc,Behavioral health,Mental Health (Including Community Mental Health Center),,Tempe,AZ,85282,4807645111,2023-12-12,Not stated in NPPES — call to verify,CMS NPPES via Affine
1104395094,Signature Arizona Dental Partners Llc,Clinic / primary care,Dental,,Tempe,AZ,85282,4809675788,2022-12-16,Not stated in NPPES — call to verify,CMS NPPES via Affine
1083926877,"Simon Sheard, D.O.",Clinic / primary care,,,Tempe,AZ,85284,4802693208,2024-04-17,Not stated in NPPES — call to verify,CMS NPPES via Affine
1154754166,Simona Dolores Olson,Other care,,,Tempe,AZ,85283,4802396432,2013-08-13,Not stated in NPPES — call to verify,CMS NPPES via Affine
1376263327,"Sinmileoluwa Okegbile, Pharmd",Pharmacy,,,Tempe,AZ,85282,4808291857,2022-08-30,Not stated in NPPES — call to verify,CMS NPPES via Affine
1649900341,"Siobhan Dahley, Cpht",Pharmacy,,,Tempe,AZ,85284,8007882949,2022-06-15,Not stated in NPPES — call to verify,CMS NPPES via Affine
1902451552,"Sisu Healthcare Solutions, Inc.",Other care,Parenteral & Enteral Nutrition,,Tempe,AZ,85281,4809994488,2021-07-14,Not stated in NPPES — call to verify,CMS NPPES via Affine
1720618820,"Sisu Healthcare Solutions, Inc.",Other care,,,Tempe,AZ,85281,4809994488,2021-07-14,Not stated in NPPES — call to verify,CMS NPPES via Affine
1013861681,"Sivan Barashy, Ma",Other care,,,Tempe,AZ,85288,4809657296,2026-02-23,Not stated in NPPES — call to verify,CMS NPPES via Affine
1891579397,Skbc Pllc,Clinic / primary care,Dental,,Tempe,AZ,85283,6023391985,2023-08-24,Not stated in NPPES — call to verify,CMS NPPES via Affine
1275077414,"Ski Ambulatory Surgical Centers, Llc",Clinic / primary care,Ambulatory Surgical,"1100 E UNIVERSITY DR, SUITE 102",Tempe,AZ,85281,4806106152,2017-02-10,Not stated in NPPES — call to verify,CMS NPPES via Affine
1003211921,"Skycrest Neurology, Pllc",Other care,Neurology,"2600 E SOUTHERN AVE, #D1",Tempe,AZ,85282,4802197272,2014-11-04,Not stated in NPPES — call to verify,CMS NPPES via Affine
1518670645,"Sloane Deveareaux Heckel, Ccc-Slp",Other care,,,Tempe,AZ,85282,4807307100,2026-04-02,Not stated in NPPES — call to verify,CMS NPPES via Affine
1134587736,Slovan Dentistry,Dental,,"4427 S RURAL RD, SUITE 2",Tempe,AZ,85282,4808972274,2016-02-10,Not stated in NPPES — call to verify,CMS NPPES via Affine
1669301263,Slr Mental Health Services Llc,Behavioral health,Mental Health,,Tempe,AZ,85282,7858196514,2026-05-18,Not stated in NPPES — call to verify,CMS NPPES via Affine
1891646105,Smg Anesthesia Services Pllc,Other care,,,Tempe,AZ,85282,4804252160,2026-02-04,Not stated in NPPES — call to verify,CMS NPPES via Affine
1609412642,Smi Imaging Llc,Clinic / primary care,"Radiology, Mobile Mammography",,Tempe,AZ,85284,4809615760,2020-07-27,Not stated in NPPES — call to verify,CMS NPPES via Affine
1205432176,Smi Imaging Llc,Imaging,Diagnostic Radiology,,Tempe,AZ,85284,4809615760,2020-12-07,Not stated in NPPES — call to verify,CMS NPPES via Affine
1629243571,Smile Innovations Corp,Dental,General Practice,,Tempe,AZ,85283,4808207777,2024-08-12,Not stated in NPPES — call to verify,CMS NPPES via Affine
1821856949,Smiling Spirits,Behavioral health,Clinical,,Tempe,AZ,85284,4805042676,2024-06-15,Not stated in NPPES — call to verify,CMS NPPES via Affine
1356114573,Smiling Spirits Llc,Other care,,,Tempe,AZ,85284,4805042676,2024-05-14,Not stated in NPPES — call to verify,CMS NPPES via Affine
1366483158,Smiths Food & Drug Centers Inc,Pharmacy,Community/Retail Pharmacy,,Tempe,AZ,85283,6024382807,2016-05-16,Not stated in NPPES — call to verify,CMS NPPES via Affine
1710929336,Smiths Food & Drug Centers Inc,Pharmacy,Community/Retail Pharmacy,,Tempe,AZ,85282,4808291857,2025-09-19,Not stated in NPPES — call to verify,CMS NPPES via Affine
1700829041,Smiths Food & Drug Centers Inc,Pharmacy,Community/Retail Pharmacy,,Tempe,AZ,85283,4808380448,2016-05-16,Not stated in NPPES — call to verify,CMS NPPES via Affine
1124061452,Smiths Food & Drug Centers Inc,Pharmacy,Community/Retail Pharmacy,,Tempe,AZ,85282,4808589044,2016-05-16,Not stated in NPPES — call to verify,CMS NPPES via Affine
1861434409,Smiths Food & Drug Centers Inc,Pharmacy,Community/Retail Pharmacy,,Tempe,AZ,85284,4807836233,2016-05-16,Not stated in NPPES — call to verify,CMS NPPES via Affine
1346283686,Smiths Food & Drug Centers Inc,Pharmacy,Community/Retail Pharmacy,,Tempe,AZ,85282,4807529733,2016-09-19,Not stated in NPPES — call to verify,CMS NPPES via Affine
1376947655,Snapcare Convenience Healthcare Clinic Pllc,Clinic / primary care,,,Tempe,AZ,85282,4806642753,2014-10-15,Not stated in NPPES — call to verify,CMS NPPES via Affine
1003609025,Social House Therapy Llc,Other care,,,Tempe,AZ,85282,4804904812,2025-11-10,Not stated in NPPES — call to verify,CMS NPPES via Affine
1174265961,Social Humanity Center Inc,Behavioral health,,,Tempe,AZ,85283,8447424620,2022-04-12,Not stated in NPPES — call to verify,CMS NPPES via Affine
1700563103,Sofia Florin,Other care,,,Tempe,AZ,85284,4803744341,2023-06-28,Not stated in NPPES — call to verify,CMS NPPES via Affine
1447915053,Sofia Sylvia Reyes,Behavioral health,,,Tempe,AZ,85284,4805042676,2024-05-14,Not stated in NPPES — call to verify,CMS NPPES via Affine
1235525155,Sol Dental,Dental,General Practice,,Tempe,AZ,85282,4803603311,2015-04-07,Not stated in NPPES — call to verify,CMS NPPES via Affine
1982594347,Solace Hill Inc,Other care,,,Tempe,AZ,85282,4804857262,2026-09-11,Not stated in NPPES — call to verify,CMS NPPES via Affine
1669533105,"Solace Pediatric Healthcare Therapy Services Az, Inc.",Other care,,,Tempe,AZ,85281,4804560719,2025-07-02,Not stated in NPPES — call to verify,CMS NPPES via Affine
1780185116,Solano Healthcare Plc,Clinic / primary care,,,Tempe,AZ,85281,6022927232,2018-02-21,Not stated in NPPES — call to verify,CMS NPPES via Affine
1871323840,"Solari, Inc.",Other care,,,Tempe,AZ,85288,6024274600,2024-08-05,Not stated in NPPES — call to verify,CMS NPPES via Affine
1326272949,"Solari, Inc.",Other care,,,Tempe,AZ,85281,6024274600,2022-02-07,Not stated in NPPES — call to verify,CMS NPPES via Affine
1528511425,Soleo Health Inc,Pharmacy,Specialty Pharmacy,"415 S 48TH STREET, SUITE 101",Tempe,AZ,85281,4802960222,2023-07-10,Not stated in NPPES — call to verify,CMS NPPES via Affine
1104230176,Soleo Health Inc.,Pharmacy,Home Infusion Therapy Pharmacy,"415 S 48TH ST, SUITE 101",Tempe,AZ,85281,4802960222,2023-07-10,Not stated in NPPES — call to verify,CMS NPPES via Affine
1316894363,Solid Ground Counseling Llc,Behavioral health,Mental Health (Including Community Mental Health Center),,Tempe,AZ,85284,6232948647,2026-03-10,Not stated in NPPES — call to verify,CMS NPPES via Affine
1285346650,"Solimar Chavana, Msot",Other care,,,Tempe,AZ,85283,4808976233,2025-05-16,Not stated in NPPES — call to verify,CMS NPPES via Affine
1992672067,Song Kai Massage Pllc,Other care,,,Tempe,AZ,85283,6023450678,2025-10-22,Not stated in NPPES — call to verify,CMS NPPES via Affine
1609797224,"Sonia Navarro, Rdn",Other care,,,Tempe,AZ,85288,9284868881,2026-07-21,Not stated in NPPES — call to verify,CMS NPPES via Affine
1134701824,Sonora Quest Laboratories Llc,Clinic / primary care,,,Tempe,AZ,85284,4802561664,2022-10-06,Not stated in NPPES — call to verify,CMS NPPES via Affine
1740149087,Sonoran Care Services Llc,Other care,,,Tempe,AZ,85282,9523533066,2026-01-21,Not stated in NPPES — call to verify,CMS NPPES via Affine
1871769976,Sonoran Physical Therapy,Clinic / primary care,Physical Therapy,,Tempe,AZ,85281,4809620071,2019-02-04,Not stated in NPPES — call to verify,CMS NPPES via Affine
1013975333,Sonoran Spine Center P.C.,Other care,Orthopaedic Surgery of the Spine,,Tempe,AZ,85281,6024436480,2021-06-15,Not stated in NPPES — call to verify,CMS NPPES via Affine
1306249420,Sonoran Surgical Pllc,Clinic / primary care,Surgical,,Tempe,AZ,85282,4803764494,2014-10-02,Not stated in NPPES — call to verify,CMS NPPES via Affine
1417173857,Sonoran University Of Health Sciences,Other care,,,Tempe,AZ,85282,4809700000,2025-05-30,Not stated in NPPES — call to verify,CMS NPPES via Affine
1225455322,"Sonya Etchamendy, Rn",Other care,,,Tempe,AZ,85282,8335104357,2023-03-03,Not stated in NPPES — call to verify,CMS NPPES via Affine
1578943338,"Sophia J Greenrock, Lmsw",Behavioral health,,"2120 S MCCLINTOCK DR, SUITE 105",Tempe,AZ,85282,4808040326,2017-04-23,Not stated in NPPES — call to verify,CMS NPPES via Affine
1881302040,Sophia Low,Behavioral health,Mental Health,,Tempe,AZ,85282,4805250058,2022-11-07,Not stated in NPPES — call to verify,CMS NPPES via Affine
1669604708,"Sophia S Murphy, M.S, Lpc",Behavioral health,Professional,,Tempe,AZ,85282,4808497070,2021-06-23,Not stated in NPPES — call to verify,CMS NPPES via Affine
1942131453,Sophie Marie Harden,Behavioral health,,,Tempe,AZ,85281,4808630763,2026-05-26,Not stated in NPPES — call to verify,CMS NPPES via Affine
1457990574,Sophie Walsh,Other care,,,Tempe,AZ,85284,4803744341,2020-01-06,Not stated in NPPES — call to verify,CMS NPPES via Affine
1639917826,"Soraya Dominguez, Slpa",Other care,Speech-Language Assistant,,Tempe,AZ,85284,4803744341,2024-07-19,Not stated in NPPES — call to verify,CMS NPPES via Affine
1770393456,Soul West Services Llc,Other care,,,Tempe,AZ,85283,4809390160,2025-01-13,Not stated in NPPES — call to verify,CMS NPPES via Affine
1689642191,Sourceone Medical Inc,Other care,,,Tempe,AZ,85282,8884479056,2007-10-31,Not stated in NPPES — call to verify,CMS NPPES via Affine
1821751777,South Mountain Dental Llc,Dental,General Practice,,Tempe,AZ,85283,6024389245,2021-10-18,Not stated in NPPES — call to verify,CMS NPPES via Affine
1285948521,"Southern Avenue Family Practice, Pc",Clinic / primary care,,"2034 E SOUTHERN AVE, SUITE O",Tempe,AZ,85282,4807770077,2010-07-28,Not stated in NPPES — call to verify,CMS NPPES via Affine
1316119605,Southern Desert Internal Medicine Pc,Clinic / primary care,,"2600 E SOUTHERN AVE, SUITE B2",Tempe,AZ,85282,4807305100,2008-08-06,Not stated in NPPES — call to verify,CMS NPPES via Affine
1073817177,Southwest Anesthesia Pllc,Other care,,"2000 E SOUTHERN AVE, SUITE 106",Tempe,AZ,85282,6022736770,2011-01-04,Not stated in NPPES — call to verify,CMS NPPES via Affine
1487974812,"Southwest Behavioral Health Services, Inc.",Behavioral health,Mental Health (Including Community Mental Health Center),,Tempe,AZ,85281,4808296020,2010-06-08,Not stated in NPPES — call to verify,CMS NPPES via Affine
1407948409,"Southwest Dental Group, Esq.",Dental,,,Tempe,AZ,85283,4808310821,2025-09-11,Not stated in NPPES — call to verify,CMS NPPES via Affine
1861967481,Southwest Family Naturopathic Clinic Pllc,Other care,,,Tempe,AZ,85282,6024927127,2025-02-15,Not stated in NPPES — call to verify,CMS NPPES via Affine
1235596081,Southwest Gd Dental Corp,Dental,,,Tempe,AZ,85283,4807301857,2016-01-25,Not stated in NPPES — call to verify,CMS NPPES via Affine
1578746277,Southwest Kidney Davita Dialysis Partners Llc,Clinic / primary care,End-Stage Renal Disease (ESRD) Treatment,"2149 E WARNER RD, STE 110",Tempe,AZ,85284,4807303531,2024-04-24,Not stated in NPPES — call to verify,CMS NPPES via Affine
1134178007,"Southwest Kidney Dialysis, Llc",Clinic / primary care,End-Stage Renal Disease (ESRD) Treatment,"2149 E WARNER RD, SUITE 110",Tempe,AZ,85284,4806106170,2020-08-22,Not stated in NPPES — call to verify,CMS NPPES via Affine
1134426893,Southwest Kidney Institute Vascular Center Llc,Clinic / primary care,Nephrology,,Tempe,AZ,85281,6022774429,2011-07-14,Not stated in NPPES — call to verify,CMS NPPES via Affine
1659316008,"Southwest Kidney Institute, Plc",Clinic / primary care,Nephrology,"2141 E WARNER RD, SUITE 101",Tempe,AZ,85284,4809698714,2012-11-06,Not stated in NPPES — call to verify,CMS NPPES via Affine
1407255201,Southwest Pathology Pllc,Clinic / primary care,,"6101 S RURAL RD, STE 102",Tempe,AZ,85283,4808785224,2014-08-18,Not stated in NPPES — call to verify,CMS NPPES via Affine
1902808603,"Southwest Perfusion, Inc.",Other care,,,Tempe,AZ,85283,4807770900,2009-08-18,Not stated in NPPES — call to verify,CMS NPPES via Affine
1639387533,Southwest Primary Care,Clinic / primary care,,,Tempe,AZ,85282,4807059413,2007-07-17,Not stated in NPPES — call to verify,CMS NPPES via Affine
1457076705,Southwest Spine & Rehab Tempe Llc,Other care,Rehabilitation,,Tempe,AZ,85284,4808973300,2022-10-10,Not stated in NPPES — call to verify,CMS NPPES via Affine
1689805194,Southwest Spine And Sports,Other care,Pain Medicine,"1025 E BROADWAY RD, SUITE 201",Tempe,AZ,85282,4808608998,2010-03-17,Not stated in NPPES — call to verify,CMS NPPES via Affine
1922417245,"Southwest Surgical Institute, Plc",Other care,,,Tempe,AZ,85282,4808296100,2015-07-01,Not stated in NPPES — call to verify,CMS NPPES via Affine
1700827698,Southwestern Eye Center Ltd,Other care,,"6101 S RURAL RD, SUITE 115",Tempe,AZ,85283,4805170047,2024-01-16,Not stated in NPPES — call to verify,CMS NPPES via Affine
1205677358,"Southwestern Eye Center, Ltd",Other care,,,Tempe,AZ,85283,4808339100,2024-06-13,Not stated in NPPES — call to verify,CMS NPPES via Affine
1558102608,"Southwestern Eye Center, Ltd",Other care,,,Tempe,AZ,85283,4808339100,2024-06-13,Not stated in NPPES — call to verify,CMS NPPES via Affine
1881405272,Space Between,Other care,,,Tempe,AZ,85283,6022455975,2025-03-07,Not stated in NPPES — call to verify,CMS NPPES via Affine
1639399181,Speak Your Mind Speech And Language Therapy Llc,Other care,,,Tempe,AZ,85283,4802254540,2020-08-22,Not stated in NPPES — call to verify,CMS NPPES via Affine
1306969761,"Spectrum Health Care, Inc.",Clinic / primary care,,,Tempe,AZ,85281,4804648971,2008-05-21,Not stated in NPPES — call to verify,CMS NPPES via Affine
1619598273,"Spectrum Healthcare Group, Inc.",Clinic / primary care,,,Tempe,AZ,85282,8776347333,2021-05-14,Not stated in NPPES — call to verify,CMS NPPES via Affine
1982372488,"Spectrum Of Vibes, Llc",Behavioral health,Psychiatric/Mental Health,,Tempe,AZ,85282,4803724135,2025-12-12,Not stated in NPPES — call to verify,CMS NPPES via Affine
1366148496,"Spencer Family Chiropractic, Pllc",Other care,,,Tempe,AZ,85282,4809042583,2023-04-05,Not stated in NPPES — call to verify,CMS NPPES via Affine
1598623027,Spencer Michele Mahaffey Lightfoot,Behavioral health,Professional,,Tempe,AZ,85283,4803076446,2026-01-13,Not stated in NPPES — call to verify,CMS NPPES via Affine
1669908711,"Spencer Ruben, Do",Clinic / primary care,,,Tempe,AZ,85283,8002333264,2025-12-11,Not stated in NPPES — call to verify,CMS NPPES via Affine
1952764128,"Spencer Williamson, Lat, Atc",Other care,Athletic Trainer,,Tempe,AZ,85283,4802262224,2022-03-19,Not stated in NPPES — call to verify,CMS NPPES via Affine
1932663531,Spencer Worthen,Other care,,,Tempe,AZ,85283,4807770900,2019-01-28,Not stated in NPPES — call to verify,CMS NPPES via Affine
1871476937,Spinal Disc Solutions,Other care,Interventional Pain Medicine,,Tempe,AZ,85282,6028534004,2025-10-10,Not stated in NPPES — call to verify,CMS NPPES via Affine
1679906176,Spine & Sports Rehabilitation Institute,Clinic / primary care,Pain,"2600 E. SOUTHERN AVE., I-1",Tempe,AZ,85282,4804203600,2021-01-05,Not stated in NPPES — call to verify,CMS NPPES via Affine
1063183853,"Spine & Wellness Anesthesia Group, Llc",Other care,,,Tempe,AZ,85284,4808973300,2021-09-22,Not stated in NPPES — call to verify,CMS NPPES via Affine
1194351379,Sport And Spine Chiropractic Pllc,Other care,,,Tempe,AZ,85281,4804544776,2020-03-19,Not stated in NPPES — call to verify,CMS NPPES via Affine
1134352925,Squaw Peak Anesthesia Inc,Other care,,,Tempe,AZ,85283,6023006383,2012-02-09,Not stated in NPPES — call to verify,CMS NPPES via Affine
1043836273,Sri Mangala Gouri Duriseti,Pharmacy,,,Tempe,AZ,85282,4808291857,2020-06-23,Not stated in NPPES — call to verify,CMS NPPES via Affine
1275218463,"Srinitha Singanamala, Bds,Mph",Dental,,,Tempe,AZ,85284,4694122053,2026-09-05,Not stated in NPPES — call to verify,CMS NPPES via Affine
1275235871,Ssa,Other care,,,Tempe,AZ,85288,6029199959,2023-03-20,Not stated in NPPES — call to verify,CMS NPPES via Affine
1225086028,St Lukes Medical Center Lp,Hospital,,,Tempe,AZ,85281,4807845500,2018-04-03,Not stated in NPPES — call to verify,CMS NPPES via Affine
1598774176,St Marks Medical,Clinic / primary care,,"2600 E SOUTHERN AVE, SUITE A-2",Tempe,AZ,85282,4807779922,2008-07-08,Not stated in NPPES — call to verify,CMS NPPES via Affine
1063093623,St Walter Group Home Llc,Other care,,,Tempe,AZ,85284,8058789914,2021-04-15,Not stated in NPPES — call to verify,CMS NPPES via Affine
1154880748,St Walter Llc,Other care,,,Tempe,AZ,85284,4807309110,2019-03-14,Not stated in NPPES — call to verify,CMS NPPES via Affine
1255974838,Stability Assist,Behavioral health,Mental Health (Including Community Mental Health Center),,Tempe,AZ,85282,9109885332,2019-10-25,Not stated in NPPES — call to verify,CMS NPPES via Affine
1386721264,"Stacey Ann Burk, M.S. Ccc-Slp",Other care,,,Tempe,AZ,85283,4808976228,2007-07-08,Not stated in NPPES — call to verify,CMS NPPES via Affine
1477261709,"Staci P Kilpatrick, Fnp",Clinic / primary care,,,Tempe,AZ,85283,6027170231,2025-11-26,Not stated in NPPES — call to verify,CMS NPPES via Affine
1417451204,Stacia Andrea Wartz,Behavioral health,,,Tempe,AZ,85284,6086665104,2018-03-19,Not stated in NPPES — call to verify,CMS NPPES via Affine
1811737836,Stacy Alcantar,Other care,,,Tempe,AZ,85284,4803744341,2024-05-28,Not stated in NPPES — call to verify,CMS NPPES via Affine
1699145185,Stacy Hutchinson,Other care,,"1400 E SOUTHERN AVE, 310",Tempe,AZ,85282,6025679881,2015-09-28,Not stated in NPPES — call to verify,CMS NPPES via Affine
1104468735,"Stacy K Sledge, Mc, Lpc, Pllc",Behavioral health,Mental Health,,Tempe,AZ,85284,4802368202,2024-10-21,Not stated in NPPES — call to verify,CMS NPPES via Affine
1831960764,"Stacy R Gerson, Lpc",Behavioral health,Professional,,Tempe,AZ,85283,4804095641,2024-01-10,Not stated in NPPES — call to verify,CMS NPPES via Affine
1235750258,"Stacy Rebecca Rummer, Fnp-C",Clinic / primary care,Family,,Tempe,AZ,85282,4804404910,2021-12-01,Not stated in NPPES — call to verify,CMS NPPES via Affine
1932811486,Stacy Roberts,Behavioral health,,,Tempe,AZ,85281,8552237123,2022-12-15,Not stated in NPPES — call to verify,CMS NPPES via Affine
1841256120,"Stanford S Ho, M.D.",Clinic / primary care,,,Tempe,AZ,85281,4809653346,2026-07-13,Not stated in NPPES — call to verify,CMS NPPES via Affine
1205146339,State Cab Inc,Other care,,,Tempe,AZ,85283,6024354443,2010-10-07,Not stated in NPPES — call to verify,CMS NPPES via Affine
1679413686,Stay Curious Counseling Pllc,Behavioral health,Mental Health,,Tempe,AZ,85282,4804427251,2026-03-30,Not stated in NPPES — call to verify,CMS NPPES via Affine
1154768406,"Stefan K. Flores, M.D",Other care,,,Tempe,AZ,85282,4803068780,2026-05-14,Not stated in NPPES — call to verify,CMS NPPES via Affine
1134736333,Stefani Luera,Behavioral health,,,Tempe,AZ,85283,4802834674,2020-09-30,Not stated in NPPES — call to verify,CMS NPPES via Affine
1376021618,"Stefanie Lauderdale, M.S., Cf-Slp",Other care,,,Tempe,AZ,85282,4804560719,2018-07-30,Not stated in NPPES — call to verify,CMS NPPES via Affine
1346201571,"Stefanie R Schroeder, M.D.",Other care,,,Tempe,AZ,85281,4809653346,2026-07-13,Not stated in NPPES — call to verify,CMS NPPES via Affine
1205554714,Step By Step Health And Wellness Center Llc,Other care,,,Tempe,AZ,85282,6026217577,2022-08-19,Not stated in NPPES — call to verify,CMS NPPES via Affine
1336349414,"Stephanie A Thomas, A.T.C.",Other care,Athletic Trainer,,Tempe,AZ,85281,4804499000,2007-07-18,Not stated in NPPES — call to verify,CMS NPPES via Affine
1609853035,"Stephanie Anne Nevins, Md",Other care,,"2000 E SOUTHERN AVE, STE 102",Tempe,AZ,85282,4808200627,2010-09-09,Not stated in NPPES — call to verify,CMS NPPES via Affine
1730865908,"Stephanie B Manriquez, Rbt",Behavioral health,,,Tempe,AZ,85284,4806720536,2023-06-23,Not stated in NPPES — call to verify,CMS NPPES via Affine
1255739918,"Stephanie Cox, N.D.",Other care,,,Tempe,AZ,85282,6023976652,2014-12-11,Not stated in NPPES — call to verify,CMS NPPES via Affine
1487560512,Stephanie Dorine O'neal,Other care,,,Tempe,AZ,85004,6024670907,2026-08-19,Not stated in NPPES — call to verify,CMS NPPES via Affine
1740501352,"Stephanie Dunbar, Bsc Pharmacy",Pharmacy,,"1492 S MILL AVE, SUITE 212 ROOM P",Tempe,AZ,85281,6026270300,2026-04-06,Not stated in NPPES — call to verify,CMS NPPES via Affine
1861358731,"Stephanie Ellman, Dds, Ms",Dental,Orthodontics and Dentofacial Orthopedics,,Tempe,AZ,85283,4803454017,2026-01-05,Not stated in NPPES — call to verify,CMS NPPES via Affine
1437520525,"Stephanie Elyse Durst-Rael, Arnp",Clinic / primary care,Family,,Tempe,AZ,85281,5613025021,2026-08-20,Not stated in NPPES — call to verify,CMS NPPES via Affine
1437652310,Stephanie Espinoza,Behavioral health,,,Tempe,AZ,85284,4804189293,2026-03-29,Not stated in NPPES — call to verify,CMS NPPES via Affine
1821866344,Stephanie Griffin,Clinic / primary care,Family,,Tempe,AZ,85281,4804104128,2024-01-16,Not stated in NPPES — call to verify,CMS NPPES via Affine
1255513818,"Stephanie Leigh Adamovich, Ph.D., Ccc-A",Other care,,"ARIZONA STATE UNIVERSITY SPEECH AND, 975 S. MYRTLE AVE",Tempe,AZ,85287,4809652373,2020-04-13,Not stated in NPPES — call to verify,CMS NPPES via Affine
1215848791,Stephanie Lopez Celis,Behavioral health,,,Tempe,AZ,85283,4809020771,2026-09-15,Not stated in NPPES — call to verify,CMS NPPES via Affine
1447595319,"Stephanie Lynn Dupont, Ms, Otr/L",Other care,,,Tempe,AZ,85282,4804560719,2018-05-14,Not stated in NPPES — call to verify,CMS NPPES via Affine
1376135574,Stephanie Marie Mattingley,Other care,,,Tempe,AZ,85283,9497015196,2021-09-22,Not stated in NPPES — call to verify,CMS NPPES via Affine
1477114916,"Stephanie Otte, Mc, Lpc, Ncc",Behavioral health,Mental Health,,Tempe,AZ,85283,4806560500,2023-11-27,Not stated in NPPES — call to verify,CMS NPPES via Affine
1750229639,Stephanie Paulive,Behavioral health,Mental Health,,Tempe,AZ,85282,4805307581,2026-03-23,Not stated in NPPES — call to verify,CMS NPPES via Affine
1588232730,"Stephanie Petroff, Rbt",Behavioral health,,,Tempe,AZ,85284,4806720536,2021-06-15,Not stated in NPPES — call to verify,CMS NPPES via Affine
1720851207,"Stephanie Rae Schaffner, Lpc",Behavioral health,Professional,,Tempe,AZ,85282,4808040326,2023-12-08,Not stated in NPPES — call to verify,CMS NPPES via Affine
1922794478,Stephanie Taylor,Behavioral health,,,Tempe,AZ,85281,8552237123,2023-04-17,Not stated in NPPES — call to verify,CMS NPPES via Affine
1760262257,Stephanie Theresa Ford,Clinic / primary care,Family,,Tempe,AZ,85284,4806778282,2025-03-24,Not stated in NPPES — call to verify,CMS NPPES via Affine
1356056675,Stephanye Carson,Behavioral health,Addiction (Substance Use Disorder),,Tempe,AZ,85283,6024416325,2023-01-20,Not stated in NPPES — call to verify,CMS NPPES via Affine
1295715050,"Stephen A Ovanessoff, Md",Other care,Anatomic Pathology,,Tempe,AZ,85281,6026855211,2013-08-15,Not stated in NPPES — call to verify,CMS NPPES via Affine
1639816887,Stephen Bergeron,Behavioral health,,,Tempe,AZ,85284,4805537153,2022-05-18,Not stated in NPPES — call to verify,CMS NPPES via Affine
1174952147,"Stephen Bradley Hill, D.C.",Other care,,,Tempe,AZ,85282,4808971788,2026-05-05,Not stated in NPPES — call to verify,CMS NPPES via Affine
1710894506,"Stephen C Wilson, Pmhnp",Behavioral health,Psychiatric/Mental Health,,Tempe,AZ,85288,2147325308,2026-08-26,Not stated in NPPES — call to verify,CMS NPPES via Affine
1770574857,"Stephen Lawrence Borodkin, M.D.",Other care,Psychiatry,"1255 EAST BROADWAY ROAD, SUITE 240",Tempe,AZ,85282,4809295100,2009-12-14,Not stated in NPPES — call to verify,CMS NPPES via Affine
1083898381,"Stephen M Station, Pt",Other care,,,Tempe,AZ,85282,4804560719,2018-05-09,Not stated in NPPES — call to verify,CMS NPPES via Affine
1336116342,Stephen M. Larkin,Other care,Anatomic Pathology,,Tempe,AZ,85281,6026855211,2010-08-05,Not stated in NPPES — call to verify,CMS NPPES via Affine
1598346611,Stepping Stones Pediatrics Pllc,Clinic / primary care,Pediatrics,"6101 SOUTH RURAL RD., STE 110",Tempe,AZ,85283,6234015437,2021-04-28,Not stated in NPPES — call to verify,CMS NPPES via Affine
1578633467,"Steve Curtis Roy, Lpc",Behavioral health,Mental Health,,Tempe,AZ,85282,4807841514,2007-07-08,Not stated in NPPES — call to verify,CMS NPPES via Affine
1477744993,"Steven Allan Spencer, Mpt",Other care,,,Tempe,AZ,85283,4802206897,2007-08-08,Not stated in NPPES — call to verify,CMS NPPES via Affine
1104960053,"Steven C. Hirdes, Ed.D.",Behavioral health,,,Tempe,AZ,85282,4803457755,2007-07-08,Not stated in NPPES — call to verify,CMS NPPES via Affine
1730802422,Steven Joseph Stein,Other care,Community Health,,Tempe,AZ,85282,5202337111,2022-09-19,Not stated in NPPES — call to verify,CMS NPPES via Affine
1336366186,"Steven L Crittenden, Pharmd",Pharmacy,,"51 W 3RD ST, SUITE 501",Tempe,AZ,85281,4803176780,2007-07-08,Not stated in NPPES — call to verify,CMS NPPES via Affine
1407098510,"Steven Ricky Sowell, Ccp",Other care,,,Tempe,AZ,85283,6024065194,2009-04-03,Not stated in NPPES — call to verify,CMS NPPES via Affine
1295323988,"Steven Rodenbostel, Pharmd",Pharmacy,,,Tempe,AZ,85284,4808972980,2021-01-07,Not stated in NPPES — call to verify,CMS NPPES via Affine
1417139270,Stewart W Vanhoosear,Other care,,,Tempe,AZ,85282,4808390130,2008-06-11,Not stated in NPPES — call to verify,CMS NPPES via Affine
1164624821,"Streams In The Desert Ministries, Inc.",Other care,Adult Care Home,,Tempe,AZ,85283,4808971907,2020-08-22,Not stated in NPPES — call to verify,CMS NPPES via Affine
1104022722,Stretch To Win,Other care,,,Tempe,AZ,85282,4803940440,2020-08-22,Not stated in NPPES — call to verify,CMS NPPES via Affine
1811232721,Stride Psychological Services,Other care,,,Tempe,AZ,85282,4808396264,2012-12-04,Not stated in NPPES — call to verify,CMS NPPES via Affine
1568151876,Sudaphoneaz Llc,Other care,,,Tempe,AZ,85288,6029199959,2023-05-03,Not stated in NPPES — call to verify,CMS NPPES via Affine
1376760983,Summit Home Health Services Llc,Other care,,"60 E RIO SALADO PKWY, STE 9057",Tempe,AZ,85281,4803665782,2020-08-22,Not stated in NPPES — call to verify,CMS NPPES via Affine
1306881461,Sun Medical Group,Other care,,"2034 E SOUTHERN AVE, SUITE M",Tempe,AZ,85282,4808317601,2020-08-22,Not stated in NPPES — call to verify,CMS NPPES via Affine
1457431116,Sun Seniors Inc,Other care,,"2034 E SOUTHERN AVE, SUITE M",Tempe,AZ,85282,4808317601,2020-08-22,Not stated in NPPES — call to verify,CMS NPPES via Affine
1679615587,"Sun West Dental Iii, Llc",Dental,,"1842 E. BASELINE RD., #B2",Tempe,AZ,85283,4808318022,2019-09-03,Not stated in NPPES — call to verify,CMS NPPES via Affine
1649839689,"Sunday Dawn Rogers, Lac",Behavioral health,Professional,,Tempe,AZ,85282,4808040326,2023-11-13,Not stated in NPPES — call to verify,CMS NPPES via Affine
1881256352,Sunrise Transportation Llc,Other care,,,Tempe,AZ,85281,6233134492,2024-02-12,Not stated in NPPES — call to verify,CMS NPPES via Affine
1316622780,Sunscience Lab Inc,Clinic / primary care,,,Tempe,AZ,85284,9095289448,2025-08-08,Not stated in NPPES — call to verify,CMS NPPES via Affine
1811918113,"Sunset Physical Therapy, Inc",Other care,,,Tempe,AZ,85282,4807551505,2008-05-14,Not stated in NPPES — call to verify,CMS NPPES via Affine
1336480516,Sunshine Anesthesia Inc,Other care,,"1232 E BROADWAY RD, SUITE 205",Tempe,AZ,85282,4808747014,2013-03-13,Not stated in NPPES — call to verify,CMS NPPES via Affine
1194941989,Sunshine Dental Llc,Dental,General Practice,"1761 E WARNER RD, STE # A -14",Tempe,AZ,85284,4807553320,2020-08-22,Not stated in NPPES — call to verify,CMS NPPES via Affine
1407228448,"Sunwest Dental Center Iii, Llc",Dental,General Practice,,Tempe,AZ,85281,6023545800,2026-07-08,Not stated in NPPES — call to verify,CMS NPPES via Affine
1639449010,Supabilingualtherapyservices.Llc,Other care,,,Tempe,AZ,85281,6232371922,2012-11-29,Not stated in NPPES — call to verify,CMS NPPES via Affine
1497499297,Supervista North America,Other care,,"1805 E ELLIOT RD, SUITE 102",Tempe,AZ,85284,4806301544,2022-04-27,Not stated in NPPES — call to verify,CMS NPPES via Affine
1295951473,"Supreme Home Care, Inc",Other care,,,Tempe,AZ,85283,6024540155,2021-09-27,Not stated in NPPES — call to verify,CMS NPPES via Affine
1619091782,"Supreme Medical Equipment, Inc",Other care,Oxygen Equipment & Supplies,"4667 S LAKESHORE DR, BLDG. 4 SUITE 1",Tempe,AZ,85282,4806646818,2011-08-22,Not stated in NPPES — call to verify,CMS NPPES via Affine
1740702984,"Supriya Pradhan, Md",Clinic / primary care,,,Tempe,AZ,85282,6022437277,2021-09-07,Not stated in NPPES — call to verify,CMS NPPES via Affine
1205596095,"Surgical Weight Loss Associates Of Az, Pllc",Other care,,,Tempe,AZ,85282,4806895104,2021-12-21,Not stated in NPPES — call to verify,CMS NPPES via Affine
1073362893,Sury Cortez,Behavioral health,Mental Health,,Tempe,AZ,85283,4803076446,2024-05-14,Not stated in NPPES — call to verify,CMS NPPES via Affine
1942367891,"Susan Ann Falsone, Pt, Ms, Scs, Atc",Other care,Sports,,Tempe,AZ,85281,4804499000,2007-09-15,Not stated in NPPES — call to verify,CMS NPPES via Affine
1598158131,"Susan Elna Vovakes, Rn,Ms Fnp-C",Clinic / primary care,Family,,Tempe,AZ,85282,4805570970,2015-03-06,Not stated in NPPES — call to verify,CMS NPPES via Affine
1902473309,Susan Gail Bredimus,Behavioral health,Addiction (Substance Use Disorder),,Tempe,AZ,85281,4803215107,2021-06-05,Not stated in NPPES — call to verify,CMS NPPES via Affine
1932470564,"Susan Goodykoontz, Lmsw",Behavioral health,Mental Health,"2120 S MCCLINTOCK DR, SUITE 105",Tempe,AZ,85282,4808040326,2012-01-12,Not stated in NPPES — call to verify,CMS NPPES via Affine
1356776819,"Susan Jostes, Pmhnp",Behavioral health,Psychiatric/Mental Health,,Tempe,AZ,85282,4808040326,2016-04-21,Not stated in NPPES — call to verify,CMS NPPES via Affine
1245285329,"Susan Marie Mccord, Lcsw",Behavioral health,Clinical,"2120 S MCCLINTOCK DR, SUITE 105",Tempe,AZ,85282,4808040326,2016-06-03,Not stated in NPPES — call to verify,CMS NPPES via Affine
1568507424,"Susan Sage Bartlett, Otr",Other care,,,Tempe,AZ,85284,4807833058,2007-07-08,Not stated in NPPES — call to verify,CMS NPPES via Affine
1649511288,"Susan Wright, M.S., Ccc-Slp",Other care,,,Tempe,AZ,85284,4805413000,2024-05-29,Not stated in NPPES — call to verify,CMS NPPES via Affine
1588226179,"Susan You Wallace, Pa-C",Clinic / primary care,,,Tempe,AZ,85282,4809236200,2026-02-10,Not stated in NPPES — call to verify,CMS NPPES via Affine
1972573640,"Susan Young, Dpm",Other care,,,Tempe,AZ,85283,4803455000,2007-07-08,Not stated in NPPES — call to verify,CMS NPPES via Affine
1710140231,"Susanne Macsay, N.D.",Other care,,,Tempe,AZ,85282,4802314525,2025-04-21,Not stated in NPPES — call to verify,CMS NPPES via Affine
1710588967,"Suzanne Basco, Lpc",Behavioral health,Professional,,Tempe,AZ,85281,4808689613,2026-08-24,Not stated in NPPES — call to verify,CMS NPPES via Affine
1952381378,"Suzanne M Cook, Md",Other care,Anatomic Pathology & Clinical Pathology,,Tempe,AZ,85281,6026855211,2013-08-15,Not stated in NPPES — call to verify,CMS NPPES via Affine
1245106509,Suzanne M Drewsen Pllc,Other care,,,Tempe,AZ,85282,4804252160,2025-10-14,Not stated in NPPES — call to verify,CMS NPPES via Affine
1356731624,"Suzanne Strickland, Pa-C",Clinic / primary care,Medical,,Tempe,AZ,85282,4808403075,2015-07-15,Not stated in NPPES — call to verify,CMS NPPES via Affine
1891088878,Sv Healthcare Llc,Clinic / primary care,Family,,Tempe,AZ,85284,6028895833,2012-04-23,Not stated in NPPES — call to verify,CMS NPPES via Affine
1407067010,"Swapna Chalasani, Md",Clinic / primary care,,,Tempe,AZ,85283,4803455000,2021-04-09,Not stated in NPPES — call to verify,CMS NPPES via Affine
1831740562,Sweetwater Care Llc,Other care,,,Tempe,AZ,85281,4803091335,2021-01-01,Not stated in NPPES — call to verify,CMS NPPES via Affine
1083307334,Swift Medical Transport Llc,Other care,,,Tempe,AZ,85284,6028079200,2023-06-01,Not stated in NPPES — call to verify,CMS NPPES via Affine
1427297043,"Syd Palmer, Ph.D, Pc.",Behavioral health,Clinical,"1972 E BASELINE RD, B102",Tempe,AZ,85283,4808202058,2009-02-05,Not stated in NPPES — call to verify,CMS NPPES via Affine
1639063100,"Sydney Cruz, Slpa",Other care,Speech-Language Assistant,,Tempe,AZ,85284,6193096112,2025-06-07,Not stated in NPPES — call to verify,CMS NPPES via Affine
1346151560,Sydnie Barboza,Other care,Pediatrics,,Tempe,AZ,85284,4803744341,2026-09-15,Not stated in NPPES — call to verify,CMS NPPES via Affine
1114329000,"Sylvia Theresa Davis, O.D.",Other care,,,Tempe,AZ,85284,4805982020,2014-09-23,Not stated in NPPES — call to verify,CMS NPPES via Affine
1265830160,Synerchi Systems Inc,Clinic / primary care,,"2131 E BROADWAY RD, STE 2",Tempe,AZ,85282,6027485940,2014-12-09,Not stated in NPPES — call to verify,CMS NPPES via Affine
1427341775,"Synergy Life, Llc",Other care,,"8270 S KYRENE RD, SUITE 106",Tempe,AZ,85284,4805983278,2011-05-19,Not stated in NPPES — call to verify,CMS NPPES via Affine
1144032905,Synergy Pain And Spine Llc,Other care,Interventional Pain Medicine,,Tempe,AZ,85284,4805701536,2025-01-20,Not stated in NPPES — call to verify,CMS NPPES via Affine
1295008118,"T L Young, Do, Pc",Other care,,"2421 E SOUTHERN AVE, SUITE 1",Tempe,AZ,85282,4804252160,2012-03-06,Not stated in NPPES — call to verify,CMS NPPES via Affine
1255783304,Tabb Medical Llc,Other care,Interventional Pain Medicine,"1001 E WARNER RD, 107",Tempe,AZ,85284,6024212730,2016-07-12,Not stated in NPPES — call to verify,CMS NPPES via Affine
1659220747,Tabetha Tejeda,Behavioral health,,,Tempe,AZ,85284,4803199093,2026-01-22,Not stated in NPPES — call to verify,CMS NPPES via Affine
1477323392,"Tabitha Arey, Msn, Pmhnp-Bc, Rn",Behavioral health,Psychiatric/Mental Health,,Tempe,AZ,85283,9285044700,2024-01-17,Not stated in NPPES — call to verify,CMS NPPES via Affine
1932784709,Tackle Health Llc,Behavioral health,Mental Health,,Tempe,AZ,85283,4802199735,2021-12-22,Not stated in NPPES — call to verify,CMS NPPES via Affine
1699897140,"Tad Skinner, Ph.D.",Behavioral health,,,Tempe,AZ,85281,4803638858,2023-05-19,Not stated in NPPES — call to verify,CMS NPPES via Affine
1952092322,"Tad Skinner, Ph.D. Llc",Behavioral health,,,Tempe,AZ,85281,4803638858,2023-05-17,Not stated in NPPES — call to verify,CMS NPPES via Affine
1336648575,Taelin Marie Holloway,Other care,,,Tempe,AZ,85284,6023847307,2023-04-25,Not stated in NPPES — call to verify,CMS NPPES via Affine
1740765270,Taelor Steen,Other care,,,Tempe,AZ,85282,4809700000,2018-10-01,Not stated in NPPES — call to verify,CMS NPPES via Affine
1144921586,Taj Dudden,Behavioral health,,,Tempe,AZ,85281,8552237123,2023-03-13,Not stated in NPPES — call to verify,CMS NPPES via Affine
1205579323,Talencia Arlicia Walker,Behavioral health,Mental Health,,Tempe,AZ,85281,5078000131,2022-04-16,Not stated in NPPES — call to verify,CMS NPPES via Affine
1497091979,"Talia A Toon, Lcsw",Behavioral health,Clinical,"2120 S MCCLINTOCK DR, SUITE 105",Tempe,AZ,85282,4808040326,2017-06-02,Not stated in NPPES — call to verify,CMS NPPES via Affine
1679939094,"Talitha Ekama, Cmtpt, Anmt, Lmt",Other care,,"115 W 6TH ST, SUITE 116",Tempe,AZ,85281,3236862668,2016-01-14,Not stated in NPPES — call to verify,CMS NPPES via Affine
1518613587,Tamar Hirsch,Behavioral health,Mental Health,,Tempe,AZ,85282,4805250058,2022-02-28,Not stated in NPPES — call to verify,CMS NPPES via Affine
1639464209,"Tamara J Greek, Pharmd, Rph",Pharmacy,,,Tempe,AZ,85284,4808939027,2019-08-08,Not stated in NPPES — call to verify,CMS NPPES via Affine
1306600416,"Tamara L Jackson, Lmsw",Behavioral health,Mental Health,,Tempe,AZ,85288,4802004929,2024-02-08,Not stated in NPPES — call to verify,CMS NPPES via Affine
1245695790,"Tamara Lamontagne, Lisac",Behavioral health,Addiction (Substance Use Disorder),"2120 S MCCLINTOCK DR, SUITE 105",Tempe,AZ,85282,4808040326,2017-04-23,Not stated in NPPES — call to verify,CMS NPPES via Affine
1619694445,Tamara Mcilwain,Behavioral health,,,Tempe,AZ,85282,6028256466,2024-03-20,Not stated in NPPES — call to verify,CMS NPPES via Affine
1295616340,Tameka Shauna Davis-Busby,Behavioral health,,,Tempe,AZ,85283,4809020771,2025-09-08,Not stated in NPPES — call to verify,CMS NPPES via Affine
1710346457,"Tammy Baker, Cna",Other care,,,Tempe,AZ,85283,9493003404,2016-02-22,Not stated in NPPES — call to verify,CMS NPPES via Affine
1891231692,"Tammy Mcfadden, Lpc, Lisac",Behavioral health,Mental Health,"4450 S RURAL RD, SUITE E-125",Tempe,AZ,85282,4806598245,2017-01-17,Not stated in NPPES — call to verify,CMS NPPES via Affine
1407642739,Tammys Helping Hands,Other care,,,Tempe,AZ,85282,4145345044,2025-04-15,Not stated in NPPES — call to verify,CMS NPPES via Affine
1992575955,Tamrat Wodajo,Behavioral health,,,Tempe,AZ,85281,8552237123,2024-01-02,Not stated in NPPES — call to verify,CMS NPPES via Affine
1508553611,Tang Senior Placement Services,Other care,,,Tempe,AZ,85283,4802400278,2023-04-19,Not stated in NPPES — call to verify,CMS NPPES via Affine
1821856980,Tania T. Chaer,Behavioral health,,,Tempe,AZ,85282,8667278274,2024-03-12,Not stated in NPPES — call to verify,CMS NPPES via Affine
1225708266,Tanisha Celine Lyngdoh,Behavioral health,,"2005 W 14TH STREET, SUITE 121",Tempe,AZ,85281,4806106981,2026-01-14,Not stated in NPPES — call to verify,CMS NPPES via Affine
1932983699,Tanner John Berschel,Behavioral health,,,Tempe,AZ,85281,4808630763,2024-12-23,Not stated in NPPES — call to verify,CMS NPPES via Affine
1629115936,"Tanya M Henry, Pt",Other care,,,Tempe,AZ,85281,6028859575,2020-07-01,Not stated in NPPES — call to verify,CMS NPPES via Affine
1629447115,Tanya Nez,Other care,,"1400 E SOUTHERN AVE, 3110",Tempe,AZ,85282,6025679881,2015-09-15,Not stated in NPPES — call to verify,CMS NPPES via Affine
1225906456,"Tanya Price, Bsn, Msn, Cns",Other care,,,Tempe,AZ,85281,6619934134,2025-10-28,Not stated in NPPES — call to verify,CMS NPPES via Affine
1437583457,Tapia Counseling & Psychological Services,Behavioral health,Counseling,"1615 E WARNER RD, SUITE 2",Tempe,AZ,85284,4807531655,2013-08-27,Not stated in NPPES — call to verify,CMS NPPES via Affine
1407323876,Taproot Therapy Pllc,Behavioral health,Professional,,Tempe,AZ,85283,4803076446,2019-06-11,Not stated in NPPES — call to verify,CMS NPPES via Affine
1972035954,Tara Anastasi,Other care,Pediatrics,,Tempe,AZ,85284,4802298354,2017-03-30,Not stated in NPPES — call to verify,CMS NPPES via Affine
1417185851,"Tara Jane Rice, Bcaba",Behavioral health,,,Tempe,AZ,85283,4808396000,2009-06-24,Not stated in NPPES — call to verify,CMS NPPES via Affine
1760618177,"Tara L Mcisaac, P.T., Ph.D.",Other care,Neurology,,Tempe,AZ,85281,5202714376,2013-08-10,Not stated in NPPES — call to verify,CMS NPPES via Affine
1942821475,"Tara Liffey Fischer, Lpc",Behavioral health,Professional,,Tempe,AZ,85283,6026709908,2020-05-06,Not stated in NPPES — call to verify,CMS NPPES via Affine
1689190530,"Tara Shenai Laurie, M. Ed",Other care,,,Tempe,AZ,85282,4808318727,2017-08-22,Not stated in NPPES — call to verify,CMS NPPES via Affine
1376045179,"Tara Stephan, Lmsw",Behavioral health,,,Tempe,AZ,85282,4808040326,2018-03-07,Not stated in NPPES — call to verify,CMS NPPES via Affine
1962483693,"Tarek Hafez Youssef, Md",Other care,,,Tempe,AZ,85282,4804143077,2025-06-24,Not stated in NPPES — call to verify,CMS NPPES via Affine
1821986506,Tarek Youssef Md Pllc,Other care,,,Tempe,AZ,85282,4804143077,2025-07-15,Not stated in NPPES — call to verify,CMS NPPES via Affine
1053714352,Tarig Elkhalifa,Other care,,,Tempe,AZ,85282,6023734960,2014-09-30,Not stated in NPPES — call to verify,CMS NPPES via Affine
1780616813,"Tarig Gafar Fadl, Md",Clinic / primary care,,,Tempe,AZ,85284,4804560444,2007-07-08,Not stated in NPPES — call to verify,CMS NPPES via Affine
1972007300,"Tasha Marie Wood, Np",Clinic / primary care,Family,,Tempe,AZ,85282,4807180568,2023-06-20,Not stated in NPPES — call to verify,CMS NPPES via Affine
1548923824,"Tavianna Smith, Rbt",Behavioral health,,,Tempe,AZ,85284,4806720536,2021-10-14,Not stated in NPPES — call to verify,CMS NPPES via Affine
1093287187,"Tawnie C Caracci, Apn, Fnp",Clinic / primary care,,,Tempe,AZ,85284,0236229836,2019-12-31,Not stated in NPPES — call to verify,CMS NPPES via Affine
1790857464,"Tawnya Marie Kumarakulasingam, Ph.D., Ncsp",Behavioral health,School,"3205 S RURAL RD, TEMPE ELEMENTARY SCHOOL DISTRICT #3",Tempe,AZ,85282,4809667114,2007-07-09,Not stated in NPPES — call to verify,CMS NPPES via Affine
1346472685,Taxi Express Llc,Other care,,,Tempe,AZ,85281,6026979008,2009-09-02,Not stated in NPPES — call to verify,CMS NPPES via Affine
1336639806,Taylar Grossman,Behavioral health,,,Tempe,AZ,85282,8667278274,2018-05-10,Not stated in NPPES — call to verify,CMS NPPES via Affine
1205758943,"Taylor Ann O'brien, Ma, Slp-Cfy",Other care,,,Tempe,AZ,85284,4806720536,2026-07-27,Not stated in NPPES — call to verify,CMS NPPES via Affine
1811822570,Taylor Armand,Other care,,,Tempe,AZ,85284,4807127499,2026-06-15,Not stated in NPPES — call to verify,CMS NPPES via Affine
1033987045,Taylor Cunha Branaghan,Behavioral health,,,Tempe,AZ,85282,4805250058,2024-10-09,Not stated in NPPES — call to verify,CMS NPPES via Affine
1073448692,Taylor Hart,Other care,,,Tempe,AZ,85284,4803744341,2026-06-15,Not stated in NPPES — call to verify,CMS NPPES via Affine
1750072641,"Taylor J Zimelman, Bs, Rbt",Behavioral health,,,Tempe,AZ,85284,4806720536,2023-05-19,Not stated in NPPES — call to verify,CMS NPPES via Affine
1043102072,Taylor Jo Kluge,Other care,,,Tempe,AZ,85284,4803744341,2026-08-18,Not stated in NPPES — call to verify,CMS NPPES via Affine
1730721341,"Taylor Kindt, Slpa",Other care,Speech-Language Assistant,,Tempe,AZ,85282,4806343439,2019-10-15,Not stated in NPPES — call to verify,CMS NPPES via Affine
1457012304,Taylor Leigh Clark,Other care,,,Tempe,AZ,85281,4803174444,2022-01-04,Not stated in NPPES — call to verify,CMS NPPES via Affine
1043902216,Taylor Leinart,Other care,,,Tempe,AZ,85282,6026635415,2023-05-24,Not stated in NPPES — call to verify,CMS NPPES via Affine
1235816463,Taylor Lickteig,Other care,,,Tempe,AZ,85281,8031761834,2023-06-29,Not stated in NPPES — call to verify,CMS NPPES via Affine
1629787437,"Taylor Mccarthy, Rmhci",Behavioral health,Mental Health,,Tempe,AZ,85283,4803076446,2025-07-29,Not stated in NPPES — call to verify,CMS NPPES via Affine
1235865676,"Taylor Michelle Angilletta, Mt-Bc",Other care,,,Tempe,AZ,85281,4809651082,2022-07-27,Not stated in NPPES — call to verify,CMS NPPES via Affine
1942685227,Taylor Troutt,Other care,,,Tempe,AZ,85281,4809669934,2015-07-28,Not stated in NPPES — call to verify,CMS NPPES via Affine
1437028180,Taylormade Psychiatry And Wellness Llc,Behavioral health,Psychiatric/Mental Health,,Tempe,AZ,85282,9283645830,2025-10-31,Not stated in NPPES — call to verify,CMS NPPES via Affine
1669318895,Teadec Pllc,Other care,,,Tempe,AZ,85282,4804252160,2026-04-28,Not stated in NPPES — call to verify,CMS NPPES via Affine
1124685532,Teammd Physicians Pc,Clinic / primary care,,,Tempe,AZ,85281,4808773800,2019-06-20,Not stated in NPPES — call to verify,CMS NPPES via Affine
1487975207,Tech Med Corp,Other care,,,Tempe,AZ,85283,6025032849,2010-06-15,Not stated in NPPES — call to verify,CMS NPPES via Affine
1265355010,Tecm Health Llc,Other care,,,Tempe,AZ,85282,4807181238,2026-07-30,Not stated in NPPES — call to verify,CMS NPPES via Affine
1104259217,"Tehrina J. Terry, Mc, Lpc",Behavioral health,Mental Health,,Tempe,AZ,85282,9283081171,2019-06-04,Not stated in NPPES — call to verify,CMS NPPES via Affine
1063047421,Tempe Advanced Treatment Center,Clinic / primary care,Ambulatory Surgical,,Tempe,AZ,85284,4808973300,2020-03-05,Not stated in NPPES — call to verify,CMS NPPES via Affine
1437720828,"Tempe Ambulatory Surgical Center, Llc",Clinic / primary care,Ambulatory Surgical,,Tempe,AZ,85284,2145510257,2021-07-07,Not stated in NPPES — call to verify,CMS NPPES via Affine
1851973739,"Tempe Angic, Llc",Other care,,,Tempe,AZ,85283,4808398552,2025-10-16,Not stated in NPPES — call to verify,CMS NPPES via Affine
1821877762,"Tempe Birth Center, L.L.C.",Clinic / primary care,Birthing,,Tempe,AZ,85281,4806472099,2023-09-28,Not stated in NPPES — call to verify,CMS NPPES via Affine
1750150108,Tempe Community Action Agency Incorporated,Clinic / primary care,Community Health,,Tempe,AZ,85281,4804228922,2023-12-27,Not stated in NPPES — call to verify,CMS NPPES via Affine
1801363098,Tempe Community Acupuncture,Other care,,,Tempe,AZ,85282,4802690415,2018-10-25,Not stated in NPPES — call to verify,CMS NPPES via Affine
1043338387,Tempe Dental Care,Dental,General Practice,,Tempe,AZ,85283,4807305000,2026-04-09,Not stated in NPPES — call to verify,CMS NPPES via Affine
1154186450,Tempe Dental Partners Llc,Dental,General Practice,,Tempe,AZ,85282,4803393535,2024-03-19,Not stated in NPPES — call to verify,CMS NPPES via Affine
1720337686,Tempe Elementary S.D. #3,Other care,,,Tempe,AZ,85281,4809669934,2012-09-06,Not stated in NPPES — call to verify,CMS NPPES via Affine
1346540747,Tempe Elementary School Dist. #3,Other care,,,Tempe,AZ,85282,4807307287,2010-11-01,Not stated in NPPES — call to verify,CMS NPPES via Affine
1912197260,Tempe Elementary School District #3,Other care,,,Tempe,AZ,85282,4808972955,2007-08-01,Not stated in NPPES — call to verify,CMS NPPES via Affine
1811050115,Tempe Elementary School District #3,Other care,,,Tempe,AZ,85283,4808380711,2008-06-25,Not stated in NPPES — call to verify,CMS NPPES via Affine
1033323753,Tempe Elementary School District #3,Other care,,,Tempe,AZ,85282,4809412440,2008-09-03,Not stated in NPPES — call to verify,CMS NPPES via Affine
1811036379,Tempe Elementary School District No.3,Other care,,,Tempe,AZ,85282,4807307100,2020-08-22,Not stated in NPPES — call to verify,CMS NPPES via Affine
1114938503,"Tempe Emergency Physicians, Ltd",Other care,,"1500 S MILL AVE, EMERGENCY DEPARTMENT",Tempe,AZ,85281,4807845533,2023-01-18,Not stated in NPPES — call to verify,CMS NPPES via Affine
1336542786,Tempe Family Dental Pllc,Dental,General Practice,,Tempe,AZ,85283,4808383103,2014-09-30,Not stated in NPPES — call to verify,CMS NPPES via Affine
1497243794,Tempe Interventional Treatment Center Llc,Clinic / primary care,Ambulatory Surgical,,Tempe,AZ,85284,4808873300,2019-06-07,Not stated in NPPES — call to verify,CMS NPPES via Affine
1316723620,Tempe Joint And Spine,Clinic / primary care,Ambulatory Surgical,,Tempe,AZ,85284,4805974321,2024-07-15,Not stated in NPPES — call to verify,CMS NPPES via Affine
1548529647,Tempe Lakes Medical Group Plc,Clinic / primary care,Multi-Specialty,"1855 E GUADALUPE RD, SUITE 112",Tempe,AZ,85283,4808398552,2012-05-09,Not stated in NPPES — call to verify,CMS NPPES via Affine
1386635134,Tempe Life Care Village Inc,Other care,,,Tempe,AZ,85282,4808313184,2017-02-06,Not stated in NPPES — call to verify,CMS NPPES via Affine
1568233344,Tempe Medical Clinic,Clinic / primary care,,,Tempe,AZ,85283,4803067227,2024-01-12,Not stated in NPPES — call to verify,CMS NPPES via Affine
1871971366,Tempe Medical Group Llc,Other care,,"1855 E GUADALUPE RD, #112",Tempe,AZ,85283,4809267800,2015-05-15,Not stated in NPPES — call to verify,CMS NPPES via Affine
1962703496,"Tempe Modern Dentistry, Llp",Dental,General Practice,,Tempe,AZ,85283,4803454017,2012-10-09,Not stated in NPPES — call to verify,CMS NPPES via Affine
1407093891,Tempe New Day Surgery Center Lp,Clinic / primary care,Ambulatory Surgical,,Tempe,AZ,85282,4808389313,2012-10-25,Not stated in NPPES — call to verify,CMS NPPES via Affine
1659657286,"Tempe Operations, Llc",Other care,,,Tempe,AZ,85283,4807778466,2011-10-27,Not stated in NPPES — call to verify,CMS NPPES via Affine
1063085736,"Tempe Outpatient Surgery Center, Llc",Clinic / primary care,Ambulatory Surgical,,Tempe,AZ,85284,2145510257,2021-07-21,Not stated in NPPES — call to verify,CMS NPPES via Affine
1982142873,Tempe Outpatient Treatment Center Llc,Clinic / primary care,Multi-Specialty,,Tempe,AZ,85284,4808973300,2017-02-22,Not stated in NPPES — call to verify,CMS NPPES via Affine
1942592043,"Tempe Pain & Injury Center, Llc",Other care,,"1730 E WARNER RD, SUITE 8",Tempe,AZ,85284,4807799334,2011-05-06,Not stated in NPPES — call to verify,CMS NPPES via Affine
1750266623,"Tempe Personal Injury Specialists, Llc",Clinic / primary care,Pain,,Tempe,AZ,85284,4805974321,2025-10-22,Not stated in NPPES — call to verify,CMS NPPES via Affine
1598541732,Tempe Physician Services Llc,Other care,Pain Medicine,"1001 E WARNER RD, STE #103",Tempe,AZ,85284,4805974321,2026-09-11,Not stated in NPPES — call to verify,CMS NPPES via Affine
1437983434,Tempe Primary Care Llc,Clinic / primary care,Primary Care,,Tempe,AZ,85282,6022830080,2025-10-03,Not stated in NPPES — call to verify,CMS NPPES via Affine
1023401965,Tempe Psychiatry,Behavioral health,Adult Mental Health,,Tempe,AZ,85281,4809452558,2015-09-03,Not stated in NPPES — call to verify,CMS NPPES via Affine
1518105139,Tempe School District #3,Other care,,,Tempe,AZ,85282,4807307270,2009-02-04,Not stated in NPPES — call to verify,CMS NPPES via Affine
1679796890,Tempe School District#3,Other care,,,Tempe,AZ,85281,4808945574,2020-08-22,Not stated in NPPES — call to verify,CMS NPPES via Affine
1295098689,"Tempe Smiles Family Dental, Pc",Dental,General Practice,"7660 S MCCLINTOCK DR, SUITE #101",Tempe,AZ,85284,4808318022,2021-06-22,Not stated in NPPES — call to verify,CMS NPPES via Affine
1982683892,Tempe Surgical Center Ltd,Clinic / primary care,Ambulatory Surgical,"2000 E SOUTHERN AVE, STE 106",Tempe,AZ,85282,4808389313,2020-08-22,Not stated in NPPES — call to verify,CMS NPPES via Affine
1023383346,Tempe Tbi Home Care,Other care,,,Tempe,AZ,85283,4807737855,2012-03-20,Not stated in NPPES — call to verify,CMS NPPES via Affine
1386403053,Tempe Trails Llc,Behavioral health,Mental Health,,Tempe,AZ,85282,4804009615,2026-04-07,Not stated in NPPES — call to verify,CMS NPPES via Affine
1639383201,Tempe Union High School District,Other care,School,,Tempe,AZ,85296,4807523574,2020-08-22,Not stated in NPPES — call to verify,CMS NPPES via Affine
1104154590,Tempe Union High School District,Other care,School,,Tempe,AZ,85283,4803453730,2009-11-24,Not stated in NPPES — call to verify,CMS NPPES via Affine
1669764163,Tempe Union High School District,Clinic / primary care,Student Health,,Tempe,AZ,85283,4808390292,2011-05-03,Not stated in NPPES — call to verify,CMS NPPES via Affine
1124166947,Tempe Union High School District #213,Other care,,,Tempe,AZ,85283,4803453730,2008-07-21,Not stated in NPPES — call to verify,CMS NPPES via Affine
1285830638,Tempe Wellness Solutions,Other care,,,Tempe,AZ,85284,4807630700,2020-08-22,Not stated in NPPES — call to verify,CMS NPPES via Affine
1013599513,Tenisha Knox-Williams,Behavioral health,Mental Health,,Tempe,AZ,85288,6028427042,2025-03-29,Not stated in NPPES — call to verify,CMS NPPES via Affine
1720167950,"Tera Crisalida, Pa",Clinic / primary care,,,Tempe,AZ,85283,4808384296,2010-07-13,Not stated in NPPES — call to verify,CMS NPPES via Affine
1740378900,"Teresa Jane Hare, Lcsw",Behavioral health,Clinical,,Tempe,AZ,85282,4803179868,2007-07-08,Not stated in NPPES — call to verify,CMS NPPES via Affine
1164146460,Teresa Juanita Valenzuela,Other care,,,Tempe,AZ,85283,9282556213,2022-10-14,Not stated in NPPES — call to verify,CMS NPPES via Affine
1053796458,"Teresa Mari Trujillo, Slpa",Other care,,,Tempe,AZ,85283,9516910324,2015-07-27,Not stated in NPPES — call to verify,CMS NPPES via Affine
1821243619,"Teresa Marie Demasi, St",Other care,,,Tempe,AZ,85282,4804560719,2018-05-15,Not stated in NPPES — call to verify,CMS NPPES via Affine
1205608783,"Teresa N Miller, Lamft",Behavioral health,,,Tempe,AZ,85283,4806560500,2023-10-26,Not stated in NPPES — call to verify,CMS NPPES via Affine
1306726617,"Teresa Pool, Rn",Other care,School,,Tempe,AZ,85282,4809676599,2025-09-05,Not stated in NPPES — call to verify,CMS NPPES via Affine
1497570881,Teresa Suan,Other care,,,Tempe,AZ,85284,4808317331,2024-11-20,Not stated in NPPES — call to verify,CMS NPPES via Affine
1720328834,"Terrain Foust, Fnp",Clinic / primary care,Family,"5030 S MILL AVE, SUITE D12",Tempe,AZ,85282,4808942823,2014-08-21,Not stated in NPPES — call to verify,CMS NPPES via Affine
1861921975,Terras Place Llc,Behavioral health,Clinical,,Tempe,AZ,85282,8554837727,2022-07-21,Not stated in NPPES — call to verify,CMS NPPES via Affine
1437790821,"Terri A Barnes, Rn",Other care,Community Health,,Tempe,AZ,85282,5202337111,2019-10-07,Not stated in NPPES — call to verify,CMS NPPES via Affine
1396824538,"Terrianne Roza, M.C., L.P.C.",Behavioral health,Professional,,Tempe,AZ,85282,4807841514,2007-07-08,Not stated in NPPES — call to verify,CMS NPPES via Affine
1770961732,"Terrie C Spearman, Lmsw",Behavioral health,,"2120 S MCCLINTOCK DR, SUITE 105",Tempe,AZ,85282,4808040326,2017-04-23,Not stated in NPPES — call to verify,CMS NPPES via Affine
1598531378,Terros Inc,Clinic / primary care,Federally Qualified Health Center (FQHC),"1642 S. PRIEST DR. BLDG 6, STE 101",Tempe,AZ,85281,6026856000,2023-12-01,Not stated in NPPES — call to verify,CMS NPPES via Affine
1972988657,"Terros, Inc",Behavioral health,Mental Health (Including Community Mental Health Center),,Tempe,AZ,85281,6026856000,2024-08-26,Not stated in NPPES — call to verify,CMS NPPES via Affine
1861130940,"Terry Michael Thorstad, Lpc",Behavioral health,Mental Health,,Tempe,AZ,85283,4806560500,2022-05-26,Not stated in NPPES — call to verify,CMS NPPES via Affine
1811967482,"Terry Turner, Md",Clinic / primary care,,,Tempe,AZ,85283,4803455000,2007-07-08,Not stated in NPPES — call to verify,CMS NPPES via Affine
1134752835,Terry Wright,Clinic / primary care,,,Tempe,AZ,85281,6027035100,2020-03-17,Not stated in NPPES — call to verify,CMS NPPES via Affine
1780995761,"Tg Oxygen, Llc",Other care,Oxygen Equipment & Supplies,"939 S 48TH ST, 210",Tempe,AZ,85281,4803479190,2022-07-21,Not stated in NPPES — call to verify,CMS NPPES via Affine
1164729943,"Tg Oxygen, Llc",Other care,Oxygen Equipment & Supplies,"943 S 48TH ST, 104",Tempe,AZ,85281,4803479190,2011-02-14,Not stated in NPPES — call to verify,CMS NPPES via Affine
1356316657,"Thad Edward Bartell, Md",Other care,,,Tempe,AZ,85282,4808201200,2026-07-13,Not stated in NPPES — call to verify,CMS NPPES via Affine
1447716055,Thalia M Garcia,Behavioral health,,,Tempe,AZ,85282,8667278274,2019-02-19,Not stated in NPPES — call to verify,CMS NPPES via Affine
1881521011,Thania Lizeth Zanabria Rios,Behavioral health,,,Tempe,AZ,85283,4809020771,2026-05-04,Not stated in NPPES — call to verify,CMS NPPES via Affine
1225821564,The Action Program Llc,Other care,,,Tempe,AZ,85281,4802281053,2025-05-28,Not stated in NPPES — call to verify,CMS NPPES via Affine
1427553940,"The Bridge Counseling, Consulting And Mediation Llc",Behavioral health,,"4625 S. LAKESHORE DR., 302",Tempe,AZ,85282,4802037165,2018-03-27,Not stated in NPPES — call to verify,CMS NPPES via Affine
1376623488,The Centers For Habilitation,Other care,,,Tempe,AZ,85283,4808388111,2022-07-21,Not stated in NPPES — call to verify,CMS NPPES via Affine
1447145677,The Charles Tms Institute Pllc,Other care,Psychiatry,,Tempe,AZ,85283,4807735153,2025-06-10,Not stated in NPPES — call to verify,CMS NPPES via Affine
1538026331,The Connects Second Chance Foundation,Other care,,,Tempe,AZ,85281,6027430460,2026-01-06,Not stated in NPPES — call to verify,CMS NPPES via Affine
1881883569,The Garvin Group Llc,Clinic / primary care,Medical Specialty,"2435 E SOUTHERN AVE, SUITE 5",Tempe,AZ,85282,4803456800,2007-10-18,Not stated in NPPES — call to verify,CMS NPPES via Affine
1346904364,The Harbor Counseling Llc,Behavioral health,Mental Health (Including Community Mental Health Center),,Tempe,AZ,85282,6147053044,2022-12-12,Not stated in NPPES — call to verify,CMS NPPES via Affine
1245439256,The Leeden Corporation,Other care,,,Tempe,AZ,85281,4809662372,2007-07-11,Not stated in NPPES — call to verify,CMS NPPES via Affine
1881990943,The Leeden Corporation,Other care,,"1704 E CURRY RD, SUITE 101",Tempe,AZ,85281,4809662372,2011-02-07,Not stated in NPPES — call to verify,CMS NPPES via Affine
1376887182,The Little Clinic Of Arizona Llc,Clinic / primary care,Family,,Tempe,AZ,85282,4803045467,2025-10-22,Not stated in NPPES — call to verify,CMS NPPES via Affine
1033070834,The Open Arms Project Llc,Other care,,,Tempe,AZ,85283,6024326922,2025-11-20,Not stated in NPPES — call to verify,CMS NPPES via Affine
1164096012,The Purposeful Mind Llc,Other care,,,Tempe,AZ,85281,7029855150,2021-05-15,Not stated in NPPES — call to verify,CMS NPPES via Affine
1568231165,The Recovery Cure Inc,Behavioral health,,,Tempe,AZ,85281,4808520845,2023-12-22,Not stated in NPPES — call to verify,CMS NPPES via Affine
1871227488,The Toothplace Pc,Dental,General Practice,,Tempe,AZ,85283,4808381044,2022-07-11,Not stated in NPPES — call to verify,CMS NPPES via Affine
1942287693,The Vhs Arizona Imaging Centers Limited Partnership,Imaging,Diagnostic Radiology,"2501 E SOUTHERN AVE, SUITE 8 AND 11",Tempe,AZ,85282,4808202021,2016-11-03,Not stated in NPPES — call to verify,CMS NPPES via Affine
1013788769,The Wellness Method Pllc,Clinic / primary care,Medical Specialty,,Tempe,AZ,85283,4805679789,2024-01-11,Not stated in NPPES — call to verify,CMS NPPES via Affine
1376893198,"Theodore Lawrence Sottosanti, Pharmd",Pharmacy,,,Tempe,AZ,85284,4807551944,2012-09-19,Not stated in NPPES — call to verify,CMS NPPES via Affine
1831252469,"Theodore Tzeremas, Md",Clinic / primary care,Nephrology,"2141 E WARNER RD, SUITE 101",Tempe,AZ,85284,4809698714,2012-06-19,Not stated in NPPES — call to verify,CMS NPPES via Affine
1811378045,"Theophano Lykos Rozan, Slpa",Other care,Speech-Language Assistant,,Tempe,AZ,85282,4802807419,2016-10-27,Not stated in NPPES — call to verify,CMS NPPES via Affine
1447908165,"Therapyluv, Pllc",Behavioral health,,,Tempe,AZ,85282,5203527924,2023-04-26,Not stated in NPPES — call to verify,CMS NPPES via Affine
1689667883,"Theresa A Jacobsen, Np",Clinic / primary care,,,Tempe,AZ,85282,4808785306,2017-07-24,Not stated in NPPES — call to verify,CMS NPPES via Affine
1518151208,"Theresa Louise Friedman, Rn, Msn",Other care,,,Tempe,AZ,85282,4808972744,2007-09-05,Not stated in NPPES — call to verify,CMS NPPES via Affine
1326186230,"Therese P. Zadra, Crnfa",Other care,Registered Nurse First Assistant,,Tempe,AZ,85282,4809803732,2024-01-26,Not stated in NPPES — call to verify,CMS NPPES via Affine
1194930289,Thomas & Roskos Dmd Pc,Dental,General Practice,"7350 S MCCLINTOCK DR, STE 104",Tempe,AZ,85283,4808383233,2023-03-07,Not stated in NPPES — call to verify,CMS NPPES via Affine
1861452799,"Thomas B Miller, Md",Other care,,"2421 E SOUTHERN AVE, STE 7",Tempe,AZ,85282,4805123970,2019-11-25,Not stated in NPPES — call to verify,CMS NPPES via Affine
1942381611,Thomas C Fiel Do Pc,Clinic / primary care,Sports Medicine,,Tempe,AZ,85283,4807513771,2025-01-17,Not stated in NPPES — call to verify,CMS NPPES via Affine
1295796456,"Thomas D Wisener, F.N.P.",Clinic / primary care,,,Tempe,AZ,85281,4809653346,2026-07-13,Not stated in NPPES — call to verify,CMS NPPES via Affine
1225184047,"Thomas Dale Johnson, Pt",Other care,Pediatrics,,Tempe,AZ,85282,4804560719,2018-05-11,Not stated in NPPES — call to verify,CMS NPPES via Affine
1497217210,"Thomas Edward Sellers, Do",Clinic / primary care,,,Tempe,AZ,85283,4804262667,2023-08-30,Not stated in NPPES — call to verify,CMS NPPES via Affine
1003815705,"Thomas Glendon Moody, M.D.",Other care,,"2055 E SOUTHERN AVE, SUITE A",Tempe,AZ,85282,4804917676,2026-07-13,Not stated in NPPES — call to verify,CMS NPPES via Affine
1528600012,Thomas J Pemberton,Behavioral health,Psychiatric/Mental Health,,Tempe,AZ,85281,4807841514,2020-07-28,Not stated in NPPES — call to verify,CMS NPPES via Affine
1205909140,"Thomas Jay Maystadt, Pta, Atc",Other care,,"1025 E BROADWAY RD, STE. 100",Tempe,AZ,85282,4808290217,2007-07-08,Not stated in NPPES — call to verify,CMS NPPES via Affine
1518301274,"Thomas Knoll, Pt",Other care,,,Tempe,AZ,85282,4804560719,2013-04-24,Not stated in NPPES — call to verify,CMS NPPES via Affine
1881435667,Thomas L Young Do Llc,Other care,,,Tempe,AZ,85282,4804252160,2024-06-04,Not stated in NPPES — call to verify,CMS NPPES via Affine
1942807052,Thomas Langer,Other care,Athletic Trainer,"1317 S TERRACE RD, BOX #156",Tempe,AZ,85281,6512616735,2020-10-02,Not stated in NPPES — call to verify,CMS NPPES via Affine
1164973517,Thomas Pearson,Clinic / primary care,,,Tempe,AZ,85282,4079026100,2016-10-20,Not stated in NPPES — call to verify,CMS NPPES via Affine
1891119541,"Thomas R Gussie, Lac",Behavioral health,Professional,,Tempe,AZ,85282,4808040326,2022-07-21,Not stated in NPPES — call to verify,CMS NPPES via Affine
1043693096,"Thomas Ruderstaller, Lpc",Behavioral health,Professional,"2120 S MCCLINTOCK DR, STE. 105",Tempe,AZ,85282,4808040326,2024-07-23,Not stated in NPPES — call to verify,CMS NPPES via Affine
1316108665,"Thomas Russell Geen, Ph.D.",Behavioral health,Clinical,,Tempe,AZ,85282,6129302202,2020-03-25,Not stated in NPPES — call to verify,CMS NPPES via Affine
1437584737,Thomas W Puckett,Behavioral health,Clinical,"3910 S RURAL RD, SUITE J",Tempe,AZ,85282,4803179868,2013-09-05,Not stated in NPPES — call to verify,CMS NPPES via Affine
1548358658,"Thomas William Hoffmann, Otr",Other care,,"1221 W WARNER RD, SUITE 102",Tempe,AZ,85284,4807350124,2007-07-08,Not stated in NPPES — call to verify,CMS NPPES via Affine
1669127205,"Thriving Mind Solutions, Pllc",Behavioral health,Psychiatric/Mental Health,,Tempe,AZ,85283,6027380556,2024-02-16,Not stated in NPPES — call to verify,CMS NPPES via Affine
1275975310,"Thu Thuy Thi Pham, Rdh",Dental,,,Tempe,AZ,85284,4802165804,2017-03-08,Not stated in NPPES — call to verify,CMS NPPES via Affine
1093605511,Tia Rio Marie Hawkes,Other care,,,Tempe,AZ,85284,4803744341,2025-07-07,Not stated in NPPES — call to verify,CMS NPPES via Affine
1790295517,"Tianna Matthews, Lac",Behavioral health,,,Tempe,AZ,85282,4808040326,2024-01-14,Not stated in NPPES — call to verify,CMS NPPES via Affine
1417469669,Tiba Care Pllc,Clinic / primary care,Family,,Tempe,AZ,85284,6232268105,2017-10-27,Not stated in NPPES — call to verify,CMS NPPES via Affine
1174088595,Tierra June Jishie,Other care,Athletic Trainer,,Tempe,AZ,85282,,2019-02-11,Not stated in NPPES — call to verify,CMS NPPES via Affine
1114470788,Tierra Langley,Other care,,"1400 E SOUTHERN AVE, SUITE 310",Tempe,AZ,85282,6025679881,2016-07-29,Not stated in NPPES — call to verify,CMS NPPES via Affine
1114922119,"Tiersa Hw Damore, Md",Other care,,"6301 S MCCLINTOCK DR, SUITE 215",Tempe,AZ,85283,4808206657,2014-06-05,Not stated in NPPES — call to verify,CMS NPPES via Affine
1063881290,"Tiffany A Williams, Lpc",Behavioral health,Professional,"2120 S MCCLINTOCK DR, SUITE 105",Tempe,AZ,85282,4808040326,2017-04-23,Not stated in NPPES — call to verify,CMS NPPES via Affine
1861259558,"Tiffany Ann Hughes, Lmsw",Behavioral health,Mental Health,,Tempe,AZ,85284,4804422584,2024-02-29,Not stated in NPPES — call to verify,CMS NPPES via Affine
1720814478,Tiffany Chow,Behavioral health,Psychiatric/Mental Health,,Tempe,AZ,85283,6233964197,2026-07-13,Not stated in NPPES — call to verify,CMS NPPES via Affine
1265802797,Tiffany Crist,Pharmacy,,,Tempe,AZ,85284,4804563602,2015-09-27,Not stated in NPPES — call to verify,CMS NPPES via Affine
1215645502,Tiffany Lachambre,Behavioral health,,,Tempe,AZ,85281,8552237123,2022-11-07,Not stated in NPPES — call to verify,CMS NPPES via Affine
1235070103,Tiffany Trawick Counseling Services,Behavioral health,Clinical,,Tempe,AZ,85284,6027431504,2026-04-03,Not stated in NPPES — call to verify,CMS NPPES via Affine
1295407591,Tiffany Trinh Tran,Pharmacy,,,Tempe,AZ,85282,4809218013,2021-10-05,Not stated in NPPES — call to verify,CMS NPPES via Affine
1508276049,Tiger Care Llc,Other care,,,Tempe,AZ,85282,4804662973,2014-05-06,Not stated in NPPES — call to verify,CMS NPPES via Affine
1437530151,"Timmie M Barc, Dc",Other care,,,Tempe,AZ,85282,4805679773,2018-09-27,Not stated in NPPES — call to verify,CMS NPPES via Affine
1316297278,Timothy E Black Md Pc,Other care,,"2421 E SOUTHERN AVE, SUITE 1",Tempe,AZ,85282,4804252160,2012-09-18,Not stated in NPPES — call to verify,CMS NPPES via Affine
1942280748,"Timothy J Herbst, Md",Other care,,,Tempe,AZ,85283,4803455000,2007-07-08,Not stated in NPPES — call to verify,CMS NPPES via Affine
1679693725,"Timothy J. Kigin, Ph.D.",Behavioral health,School,,Tempe,AZ,85284,4807831385,2007-07-08,Not stated in NPPES — call to verify,CMS NPPES via Affine
1801375860,Timothy Shrewsberry,Other care,,"5801 S. MCCLINTOCK DR., SUITE 110",Tempe,AZ,85283,4807770900,2026-02-18,Not stated in NPPES — call to verify,CMS NPPES via Affine
1093018160,"Tina Do-Trinh, Rph",Pharmacy,,,Tempe,AZ,85284,4807836233,2010-12-13,Not stated in NPPES — call to verify,CMS NPPES via Affine
1336337211,Tina Garrett,Other care,,,Tempe,AZ,85282,4808392196,2007-10-04,Not stated in NPPES — call to verify,CMS NPPES via Affine
1730344987,"Tina Marie Clark-Dent, Lpc",Behavioral health,Mental Health,,Tempe,AZ,85282,4808040326,2019-10-22,Not stated in NPPES — call to verify,CMS NPPES via Affine
1942603154,"Tina Tran, Lpc",Behavioral health,Mental Health,"2120 S MCCLINTOCK DR, SUITE 105",Tempe,AZ,85282,4808040326,2022-06-22,Not stated in NPPES — call to verify,CMS NPPES via Affine
1508215435,"Tina Violetta, Pmhnp-Bc",Behavioral health,Psychiatric/Mental Health,,Tempe,AZ,85281,4807841514,2016-06-10,Not stated in NPPES — call to verify,CMS NPPES via Affine
1780164939,"Tinnitus And Hearing Center Of Arizona, Llc",Other care,,,Tempe,AZ,85282,4808316159,2019-02-21,Not stated in NPPES — call to verify,CMS NPPES via Affine
1942191572,Tirza Soesilo,Other care,Speech-Language Assistant,,Tempe,AZ,85282,6029355410,2025-07-11,Not stated in NPPES — call to verify,CMS NPPES via Affine
1710657663,"Tjg Services, Llc",Other care,,,Tempe,AZ,85283,4806761446,2021-09-13,Not stated in NPPES — call to verify,CMS NPPES via Affine
1396682068,Tlg Global Professionals Llc,Other care,,,Tempe,AZ,85282,4802785191,2026-04-30,Not stated in NPPES — call to verify,CMS NPPES via Affine
1376036038,Tlk Management Corp,Other care,,,Tempe,AZ,85282,6232176942,2018-06-07,Not stated in NPPES — call to verify,CMS NPPES via Affine
1679156525,Tms Arizona Pllc,Other care,Psychiatry,,Tempe,AZ,85282,4803303138,2021-04-29,Not stated in NPPES — call to verify,CMS NPPES via Affine
1902566896,Tn Dentistry,Dental,,,Tempe,AZ,85283,6024851588,2026-09-03,Not stated in NPPES — call to verify,CMS NPPES via Affine
1962801993,Toan Khanh Huynh,Pharmacy,,,Tempe,AZ,85282,4808383642,2014-08-14,Not stated in NPPES — call to verify,CMS NPPES via Affine
1659995249,Toca At Banner Health Llc,Other care,,,Tempe,AZ,85282,6022776211,2026-04-17,Not stated in NPPES — call to verify,CMS NPPES via Affine
1891776514,"Todd Alan Smith, Md",Other care,,"2000 E SOUTHERN AVE, SUITE 102",Tempe,AZ,85282,4808209141,2010-07-29,Not stated in NPPES — call to verify,CMS NPPES via Affine
1538793005,"Todd J Curtis, Lcsw",Behavioral health,Clinical,,Tempe,AZ,85282,4808040326,2020-02-24,Not stated in NPPES — call to verify,CMS NPPES via Affine
1063641686,"Todd Maxwell Dreitzler, M.D.",Clinic / primary care,,,Tempe,AZ,85283,4808334515,2024-08-13,Not stated in NPPES — call to verify,CMS NPPES via Affine
1528491875,Todd Scodova,Pharmacy,,,Tempe,AZ,85282,4808383640,2013-08-09,Not stated in NPPES — call to verify,CMS NPPES via Affine
1902526247,Todd Vincent Obermeyer,Behavioral health,Mental Health,,Tempe,AZ,85283,4807181261,2022-08-29,Not stated in NPPES — call to verify,CMS NPPES via Affine
1013471986,Together Time Llc,Behavioral health,Mental Health (Including Community Mental Health Center),,Tempe,AZ,85281,4805974423,2020-05-08,Not stated in NPPES — call to verify,CMS NPPES via Affine
1255707477,"Tom Sowash Od & Associates, Pc",Other care,,"2020 E RIO SALADO PKWY, SUITE 101",Tempe,AZ,85281,4809662456,2015-08-12,Not stated in NPPES — call to verify,CMS NPPES via Affine
1861990145,Tomeisha Ashley Benjamin,Behavioral health,,,Tempe,AZ,85284,6026665101,2020-08-17,Not stated in NPPES — call to verify,CMS NPPES via Affine
1659809309,"Tomesha Jamese Williamson, Np",Clinic / primary care,,,Tempe,AZ,85284,4808973300,2018-06-14,Not stated in NPPES — call to verify,CMS NPPES via Affine
1336563683,"Tomica Doggett, Pta",Other care,,"1400 E SOUTHERN AVE, STE 310",Tempe,AZ,85282,8663082700,2014-02-06,Not stated in NPPES — call to verify,CMS NPPES via Affine
1174590723,"Tong Li, Md",Other care,,,Tempe,AZ,85282,4804252160,2023-01-31,Not stated in NPPES — call to verify,CMS NPPES via Affine
1053263566,Tony Joseph Botelho,Other care,Physical Rehabilitation,,Tempe,AZ,85281,4257371684,2026-02-10,Not stated in NPPES — call to verify,CMS NPPES via Affine
1922402171,"Tonya Thompson, Lmsw",Behavioral health,,"2120 S MCCLINTOCK DR, SUITE 105",Tempe,AZ,85282,4808040326,2014-10-17,Not stated in NPPES — call to verify,CMS NPPES via Affine
1497256606,"Tonya Workman, Aprn",Clinic / primary care,,,Tempe,AZ,85281,4804104128,2026-07-24,Not stated in NPPES — call to verify,CMS NPPES via Affine
1083234124,"Tooba Ulhaque, Dmd",Dental,,,Tempe,AZ,85283,4809933696,2025-06-27,Not stated in NPPES — call to verify,CMS NPPES via Affine
1346080660,Tori Williams,Other care,,,Tempe,AZ,85284,4803744341,2024-05-27,Not stated in NPPES — call to verify,CMS NPPES via Affine
1386165173,"Toshiro Hirano, Atc",Other care,Athletic Trainer,,Tempe,AZ,85287,4026177311,2022-07-21,Not stated in NPPES — call to verify,CMS NPPES via Affine
1477122620,Total Care Home Health Llc,Other care,,,Tempe,AZ,85282,4805406822,2021-06-22,Not stated in NPPES — call to verify,CMS NPPES via Affine
1083422745,Total Care Home Health Phx Llc,Other care,,,Tempe,AZ,85282,4809338669,2024-12-26,Not stated in NPPES — call to verify,CMS NPPES via Affine
1063220721,Total Care Hospice Phx Llc,Other care,,,Tempe,AZ,85282,4809338669,2024-12-26,Not stated in NPPES — call to verify,CMS NPPES via Affine
1396905170,"Total Eyecare Center, Pc",Other care,,"4015 S MCCLINTOCK DR, SUITE 107",Tempe,AZ,85282,4803450090,2024-07-17,Not stated in NPPES — call to verify,CMS NPPES via Affine
1659761336,"Total Eyecare Centers, Pllc",Other care,,"4015 S MCCLINTOCK DR, SUITE 107",Tempe,AZ,85282,6029551000,2015-03-17,Not stated in NPPES — call to verify,CMS NPPES via Affine
1851719538,"Total Eyecare Centers, Pllc",Other care,,,Tempe,AZ,85282,4803450090,2024-07-31,Not stated in NPPES — call to verify,CMS NPPES via Affine
1174912273,"Total Eyecare Centers, Pllc",Other care,,,Tempe,AZ,85283,4809674910,2015-03-17,Not stated in NPPES — call to verify,CMS NPPES via Affine
1356648216,"Total Orthopedics, Llc",Other care,,,Tempe,AZ,85284,4806361417,2024-11-11,Not stated in NPPES — call to verify,CMS NPPES via Affine
1285543660,Touchtone Oasis Center,Other care,,,Tempe,AZ,85283,6026772968,2026-09-02,Not stated in NPPES — call to verify,CMS NPPES via Affine
1033486972,"Tracey A. Grant, Rd",Other care,,,Tempe,AZ,85282,8179056467,2019-09-30,Not stated in NPPES — call to verify,CMS NPPES via Affine
1982908893,Tracey Bryce Md Pc,Other care,,"2421 E SOUTHERN AVE, SUITE 1",Tempe,AZ,85282,4804252160,2011-01-06,Not stated in NPPES — call to verify,CMS NPPES via Affine
1972724789,"Tracey Diep Pham, Pharmd",Pharmacy,,"51 WEST 3RD STREET, SUITE 501",Tempe,AZ,85281,4803176780,2007-07-08,Not stated in NPPES — call to verify,CMS NPPES via Affine
1932842622,"Tracey Jo Sattler, Ba, Bht",Behavioral health,,,Tempe,AZ,85283,5203381840,2022-04-19,Not stated in NPPES — call to verify,CMS NPPES via Affine
1770589491,"Tracey L Martin, Md",Clinic / primary care,,"4515 S MCCLINTOCK DR, STE 100",Tempe,AZ,85282,4808201133,2011-02-11,Not stated in NPPES — call to verify,CMS NPPES via Affine
1356436836,"Tracey S. Oppenheim, M.D.",Other care,Psychiatry,"2120 S MCCLINTOCK DR, SUITE 105",Tempe,AZ,85282,4808040326,2017-04-23,Not stated in NPPES — call to verify,CMS NPPES via Affine
1972415578,Tracey W Grantham,Behavioral health,,,Tempe,AZ,85282,4807181261,2026-09-18,Not stated in NPPES — call to verify,CMS NPPES via Affine
1659871994,Traci Ann Robinson,Behavioral health,"Psychiatric/Mental Health, Community",,Tempe,AZ,85282,4808977044,2025-07-01,Not stated in NPPES — call to verify,CMS NPPES via Affine
1770593550,"Traci N Fitzhugh, Md",Other care,,,Tempe,AZ,85283,4808206657,2020-01-23,Not stated in NPPES — call to verify,CMS NPPES via Affine
1427221183,"Tracy Alison Krause, M.C., L.A.C., N.C.C.",Behavioral health,Professional,"3910 S RURAL RD, SUITE J",Tempe,AZ,85282,4803179867,2015-04-21,Not stated in NPPES — call to verify,CMS NPPES via Affine
1538096144,Tracy Flores-Mattas,Other care,,,Tempe,AZ,85282,4806483099,2026-05-07,Not stated in NPPES — call to verify,CMS NPPES via Affine
1376868976,"Tracy Lynn Schelle, Pmhnp",Behavioral health,Psychiatric/Mental Health,"2120 S MCCLINTOCK DR, STE. 105",Tempe,AZ,85282,4808040326,2017-04-23,Not stated in NPPES — call to verify,CMS NPPES via Affine
1790606655,Tracy Perry,Behavioral health,Mental Health,,Tempe,AZ,85283,4803076446,2026-07-24,Not stated in NPPES — call to verify,CMS NPPES via Affine
1841499647,"Tracy Plewa, Ccc-Slp",Other care,,,Tempe,AZ,85282,4804560719,2009-09-15,Not stated in NPPES — call to verify,CMS NPPES via Affine
1336918119,"Tranquility Center, Llc",Other care,,,Tempe,AZ,85281,4804907837,2023-12-21,Not stated in NPPES — call to verify,CMS NPPES via Affine
1104513316,Tranquility Home Llc,Behavioral health,Mental Health,,Tempe,AZ,85282,5108275385,2023-07-10,Not stated in NPPES — call to verify,CMS NPPES via Affine
1629774526,Trans America Medical Transportation Llc,Other care,,,Tempe,AZ,85282,7064697733,2023-02-01,Not stated in NPPES — call to verify,CMS NPPES via Affine
1821485954,Transitions Center Pllc,Other care,Psychiatry,,Tempe,AZ,85283,4804911898,2019-10-31,Not stated in NPPES — call to verify,CMS NPPES via Affine
1831891431,Transseason Trans Llc,Other care,,,Tempe,AZ,85288,6029199959,2023-03-20,Not stated in NPPES — call to verify,CMS NPPES via Affine
1932247327,Traum Chiropractic Inc.,Other care,,,Tempe,AZ,85282,4804563703,2018-10-04,Not stated in NPPES — call to verify,CMS NPPES via Affine
1508301813,Travel Vaccines & Wellness Solutions,Clinic / primary care,,"2421 E SOUTHERN AVE, SUITE 5",Tempe,AZ,85282,4804620188,2016-12-21,Not stated in NPPES — call to verify,CMS NPPES via Affine
1699794966,"Travis Browne, Mpt",Other care,,"430 W WARNER RD, #111",Tempe,AZ,85284,4807568617,2007-07-08,Not stated in NPPES — call to verify,CMS NPPES via Affine
1831863430,Travis Hicks,Behavioral health,,,Tempe,AZ,85281,8552237123,2021-08-06,Not stated in NPPES — call to verify,CMS NPPES via Affine
1770404931,Travonyae Nacole Mart,Behavioral health,,,Tempe,AZ,85281,4808630763,2026-07-23,Not stated in NPPES — call to verify,CMS NPPES via Affine
1326588591,Tree Behavioral Health,Clinic / primary care,"Rehabilitation, Comprehensive Outpatient Rehabilitation Facility (CORF)",,Tempe,AZ,85282,4809581404,2017-03-07,Not stated in NPPES — call to verify,CMS NPPES via Affine
1497576284,Trent W. Smallwood Dds Pc,Other care,,,Tempe,AZ,85284,4808948101,2024-10-28,Not stated in NPPES — call to verify,CMS NPPES via Affine
1730657610,"Tresa A Davis, Lpc",Behavioral health,Professional,,Tempe,AZ,85282,4808040326,2018-11-08,Not stated in NPPES — call to verify,CMS NPPES via Affine
1174240212,Trevon I Mcclellan,Behavioral health,,,Tempe,AZ,85283,4806310200,2022-10-19,Not stated in NPPES — call to verify,CMS NPPES via Affine
1457198186,Trevor Landoch,Other care,,,Tempe,AZ,85282,4808290217,2026-06-23,Not stated in NPPES — call to verify,CMS NPPES via Affine
1629067806,"Trevor Sean Berry, D.C., D.A.C.N.B.",Other care,Neurology,"1761 E WARNER RD, STE. A17",Tempe,AZ,85284,4807562600,2007-07-08,Not stated in NPPES — call to verify,CMS NPPES via Affine
1568099588,Tri Change Counseling,Other care,,,Tempe,AZ,85282,4802800918,2022-05-02,Not stated in NPPES — call to verify,CMS NPPES via Affine
1164570370,"Tri-City Audiology, Llc",Other care,,,Tempe,AZ,85282,4808316159,2020-08-22,Not stated in NPPES — call to verify,CMS NPPES via Affine
1477818730,"Tri-City Express Care, Pllc",Clinic / primary care,Urgent Care,"940 E. UNIVERSITY DRIVE, SUITE 101",Tempe,AZ,85281,4802140622,2013-06-18,Not stated in NPPES — call to verify,CMS NPPES via Affine
1669899209,"Tri-City Express Care, Pllc",Clinic / primary care,Urgent Care,,Tempe,AZ,85284,4804560444,2014-03-20,Not stated in NPPES — call to verify,CMS NPPES via Affine
1619249109,"Tri-City Express Care, Pllc",Clinic / primary care,Urgent Care,"3244 S MILL AVE, SUITE 101",Tempe,AZ,85282,4802140621,2013-06-18,Not stated in NPPES — call to verify,CMS NPPES via Affine
1356687081,"Tri-City Express Care, Pllc",Clinic / primary care,Urgent Care,,Tempe,AZ,85283,6027776000,2013-06-18,Not stated in NPPES — call to verify,CMS NPPES via Affine
1326362807,"Triad Chiropractic & Rehabilitation Clinics, Llc",Other care,Independent Medical Examiner,"4515 S. MCCLINTOCK DRIVE, SUITE 120",Tempe,AZ,85282,4804130586,2017-12-04,Not stated in NPPES — call to verify,CMS NPPES via Affine
1114085735,"Triad Diagnostic Solutions, Llc",Clinic / primary care,,,Tempe,AZ,85282,4808394346,2011-11-14,Not stated in NPPES — call to verify,CMS NPPES via Affine
1932936101,Triad Health Llc,Clinic / primary care,,,Tempe,AZ,85283,4806468123,2024-09-19,Not stated in NPPES — call to verify,CMS NPPES via Affine
1063843100,"Trinity Air Medical, Inc.",Other care,Air Transport,"60 E RIO SALADO PKWY, #900",Tempe,AZ,85281,4807737240,2014-08-04,Not stated in NPPES — call to verify,CMS NPPES via Affine
1437843604,Trinity Esparza,Behavioral health,,,Tempe,AZ,85281,8552237123,2023-06-08,Not stated in NPPES — call to verify,CMS NPPES via Affine
1891674164,Trinity Swindells,Behavioral health,,,Tempe,AZ,85283,4808195060,2025-08-29,Not stated in NPPES — call to verify,CMS NPPES via Affine
1477792596,"Triple R Behavioral Health, Inc.",Other care,,"1631 E DON CARLOS AVE, SUITE 107 AND 108",Tempe,AZ,85281,4809672299,2009-02-12,Not stated in NPPES — call to verify,CMS NPPES via Affine
1720851702,Tristyn M Baum,Other care,,,Tempe,AZ,85281,4809651082,2023-11-01,Not stated in NPPES — call to verify,CMS NPPES via Affine
1770966863,Triton Supply,Other care,,,Tempe,AZ,85283,4807957955,2025-09-29,Not stated in NPPES — call to verify,CMS NPPES via Affine
1750817300,Trojan Anesthesia Pllc,Other care,,,Tempe,AZ,85282,4804252160,2025-12-29,Not stated in NPPES — call to verify,CMS NPPES via Affine
1669224721,"Troy Alexander Melendes, Ph.D.",Behavioral health,,,Tempe,AZ,85283,6025764144,2024-04-09,Not stated in NPPES — call to verify,CMS NPPES via Affine
1801304001,True2u Counseling Llc,Other care,,,Tempe,AZ,85283,4803077084,2018-01-22,Not stated in NPPES — call to verify,CMS NPPES via Affine
1649585589,"Trust Medical Trans, Inc",Other care,,"750 W BASELINE RD, #2033",Tempe,AZ,85283,6024870595,2010-08-16,Not stated in NPPES — call to verify,CMS NPPES via Affine
1760778153,"Tsong Morales, Lcsw",Behavioral health,Mental Health,"2120 S MCCLINTOCK DR, STE. 105",Tempe,AZ,85282,4808040326,2022-08-12,Not stated in NPPES — call to verify,CMS NPPES via Affine
1699098970,Tu Casa Home Healthcare Inc.,Other care,,"4515 S LAKESHORE DR, STE. 102",Tempe,AZ,85282,6024518065,2010-03-24,Not stated in NPPES — call to verify,CMS NPPES via Affine
1346974763,Tusa Integrated Clinic Llc,Behavioral health,Mental Health (Including Community Mental Health Center),,Tempe,AZ,85282,9286554007,2022-07-12,Not stated in NPPES — call to verify,CMS NPPES via Affine
1821710716,Twin Cities Quality Care Services Llc,Clinic / primary care,Family,,Tempe,AZ,85282,6029223176,2023-06-22,Not stated in NPPES — call to verify,CMS NPPES via Affine
1306542659,Ty Pinney,Behavioral health,,,Tempe,AZ,85282,4804090322,2023-02-07,Not stated in NPPES — call to verify,CMS NPPES via Affine
1821648049,Tyler Beau Manien,Behavioral health,,,Tempe,AZ,85284,8183452345,2019-09-19,Not stated in NPPES — call to verify,CMS NPPES via Affine
1942896535,"Tyler James Allen, Pharmd",Pharmacy,Pharmacist Clinician (PhC)/ Clinical Pharmacy Specialist,,Tempe,AZ,85284,4807836233,2026-06-11,Not stated in NPPES — call to verify,CMS NPPES via Affine
1194509992,Tyler Johnson,Behavioral health,,,Tempe,AZ,85282,6023902350,2023-08-22,Not stated in NPPES — call to verify,CMS NPPES via Affine
1225706286,"Tyler Kimsey Aman, Pmhnp",Behavioral health,Psychiatric/Mental Health,,Tempe,AZ,85283,6027380556,2024-03-20,Not stated in NPPES — call to verify,CMS NPPES via Affine
1720914559,Tyler Kirts,Other care,,,Tempe,AZ,85284,4807568617,2026-06-19,Not stated in NPPES — call to verify,CMS NPPES via Affine
1780393835,Tymeckia Lavana Johnson,Behavioral health,Orientation and Mobility Training Provider,,Tempe,AZ,85283,4805978121,2022-11-17,Not stated in NPPES — call to verify,CMS NPPES via Affine
1124501333,Tymon Llc,Other care,,,Tempe,AZ,85283,4802328025,2018-09-13,Not stated in NPPES — call to verify,CMS NPPES via Affine
1093445348,"Tysley Thomas, Bht",Behavioral health,,,Tempe,AZ,85283,4803788454,2022-06-28,Not stated in NPPES — call to verify,CMS NPPES via Affine
1215612312,"U Medical, Pllc",Clinic / primary care,,,Tempe,AZ,85281,4807845500,2023-06-17,Not stated in NPPES — call to verify,CMS NPPES via Affine
1053861658,"U.S. Healthworks Medical Group Of Arizona, Inc.",Clinic / primary care,Urgent Care,"1626 S PRIEST DR, SUITE 101",Tempe,AZ,85281,4809212273,2016-10-06,Not stated in NPPES — call to verify,CMS NPPES via Affine
1871837591,"Udaya Savroup, Lpn",Other care,,,Tempe,AZ,85284,4805411000,2012-11-19,Not stated in NPPES — call to verify,CMS NPPES via Affine
1972461150,Uko Tyrawn Okon,Behavioral health,Mental Health,,Tempe,AZ,85281,6026701031,2026-01-14,Not stated in NPPES — call to verify,CMS NPPES via Affine
1790443216,"Ulu Care, Llc",Clinic / primary care,Community Health,,Tempe,AZ,85282,4804485215,2021-12-01,Not stated in NPPES — call to verify,CMS NPPES via Affine
1134053549,Umoja Human Performance,Other care,,,Tempe,AZ,85282,3057763427,2026-06-10,Not stated in NPPES — call to verify,CMS NPPES via Affine
1376477653,Umoja Human Performance,Other care,,,Tempe,AZ,85282,3057763427,2026-06-11,Not stated in NPPES — call to verify,CMS NPPES via Affine
1629935408,Una Behavior Consulting Llc,Behavioral health,,,Tempe,AZ,85288,3603955709,2026-01-05,Not stated in NPPES — call to verify,CMS NPPES via Affine
1578492989,Unicare Lab Llc,Other care,,,Tempe,AZ,85284,3076229550,2026-06-02,Not stated in NPPES — call to verify,CMS NPPES via Affine
1467919399,Unicorn Haven Llc,Other care,"Respite Care, Intellectual and/or Developmental Disabilities, Child",,Tempe,AZ,85283,6029093223,2019-02-27,Not stated in NPPES — call to verify,CMS NPPES via Affine
1669184016,Unique Dental Visions,Dental,General Practice,,Tempe,AZ,85283,4808317775,2022-12-16,Not stated in NPPES — call to verify,CMS NPPES via Affine
1740921394,United Advanced Specialty Centers Pllc,Clinic / primary care,,,Tempe,AZ,85281,8884020202,2026-07-21,Not stated in NPPES — call to verify,CMS NPPES via Affine
1780214270,"Unity Accident Injury, Llc",Other care,Pain Medicine,,Tempe,AZ,85284,4808973300,2021-06-28,Not stated in NPPES — call to verify,CMS NPPES via Affine
1588208961,Unity Anesthesia Associates Llc,Other care,,,Tempe,AZ,85282,4803392409,2019-10-29,Not stated in NPPES — call to verify,CMS NPPES via Affine
1366081531,Unity Anesthesia Solutions Llc,Other care,,,Tempe,AZ,85282,4809304018,2020-01-05,Not stated in NPPES — call to verify,CMS NPPES via Affine
1235616103,Unity Care Llc,Behavioral health,Mental Health (Including Community Mental Health Center),,Tempe,AZ,85281,6233134492,2024-02-12,Not stated in NPPES — call to verify,CMS NPPES via Affine
1669927927,Unity Healthcare Llc,Other care,Interventional Pain Medicine,"1001 E WARNER RD, 107",Tempe,AZ,85284,6024212730,2016-08-16,Not stated in NPPES — call to verify,CMS NPPES via Affine
1902456312,"Unity Neurology, Llc",Other care,Neurology,,Tempe,AZ,85284,4808973300,2021-05-05,Not stated in NPPES — call to verify,CMS NPPES via Affine
1891345211,"Unity Rem, Llc",Other care,Neurology,,Tempe,AZ,85282,9496830014,2020-01-23,Not stated in NPPES — call to verify,CMS NPPES via Affine
1588431837,Unity Wellness And Recovery Inc,Clinic / primary care,Health Service,,Tempe,AZ,85282,4806044007,2023-12-07,Not stated in NPPES — call to verify,CMS NPPES via Affine
1558636365,"Universal Homehealth, Inc",Other care,,,Tempe,AZ,85283,4806217388,2022-05-01,Not stated in NPPES — call to verify,CMS NPPES via Affine
1528715323,Universal Wellness 360,Other care,,,Tempe,AZ,85283,9253163558,2022-03-02,Not stated in NPPES — call to verify,CMS NPPES via Affine
1184378242,University Health Walk-In Clinic Llc,Clinic / primary care,Family,,Tempe,AZ,85281,4804507707,2022-02-14,Not stated in NPPES — call to verify,CMS NPPES via Affine
1356355705,University Imaging Llc,Imaging,Diagnostic Radiology,,Tempe,AZ,85281,4807362991,2020-08-22,Not stated in NPPES — call to verify,CMS NPPES via Affine
1427732999,"Upward Path, Llc",Behavioral health,Mental Health (Including Community Mental Health Center),"3280 SOUTH COUNTRY CLUB WAY, BUILDING B, SUITE 112",Tempe,AZ,85282,4806893525,2023-06-14,Not stated in NPPES — call to verify,CMS NPPES via Affine
1619598398,"Ur Doc, Llc",Clinic / primary care,Nephrology,,Tempe,AZ,85282,4803362039,2024-04-25,Not stated in NPPES — call to verify,CMS NPPES via Affine
1558747626,"Urban Wellness And Botanicals, Llc",Other care,,"1801 S JENTILLY LN, STE B 10",Tempe,AZ,85281,4804463333,2015-07-30,Not stated in NPPES — call to verify,CMS NPPES via Affine
1164291381,Uriel Curiel,Clinic / primary care,,,Tempe,AZ,85282,6025693999,2025-02-10,Not stated in NPPES — call to verify,CMS NPPES via Affine
1649485723,"Usa Aquatic Fitness, Inc.",Clinic / primary care,Physical Therapy,"209 E BASELINE RD, SUITE E101",Tempe,AZ,85283,4808920479,2020-08-22,Not stated in NPPES — call to verify,CMS NPPES via Affine
1417294463,Usmile Pllc,Dental,,,Tempe,AZ,85284,4802087436,2013-01-10,Not stated in NPPES — call to verify,CMS NPPES via Affine
1871187419,"Vale Dental Professionals, Llc",Clinic / primary care,Dental,,Tempe,AZ,85282,4808316333,2021-02-24,Not stated in NPPES — call to verify,CMS NPPES via Affine
1164999082,Vale Family Dental,Dental,,"3231 S COUNTRY CLUB WAY, STE 109",Tempe,AZ,85282,4808316333,2018-10-29,Not stated in NPPES — call to verify,CMS NPPES via Affine
1598605289,Valeria Motten,Behavioral health,Clinical,,Tempe,AZ,85282,4803426705,2026-03-31,Not stated in NPPES — call to verify,CMS NPPES via Affine
1720049117,"Valerie A Brodsky, D.O.",Clinic / primary care,,,Tempe,AZ,85281,4809653346,2010-08-18,Not stated in NPPES — call to verify,CMS NPPES via Affine
1639347164,"Valerie D Reynolds, Lpc",Behavioral health,Professional,"2120 S MCCLINTOCK DR, SUITE 105",Tempe,AZ,85282,4808040326,2020-06-04,Not stated in NPPES — call to verify,CMS NPPES via Affine
1902659071,Valerie Martinez,Behavioral health,,,Tempe,AZ,85281,8552237123,2024-04-09,Not stated in NPPES — call to verify,CMS NPPES via Affine
1669095550,Valerie Selma Niemela Johnson,Behavioral health,Mental Health,,Tempe,AZ,85288,6028427042,2025-11-03,Not stated in NPPES — call to verify,CMS NPPES via Affine
1467991117,"Valiant Hospice & Palliative Care, Llc",Other care,,,Tempe,AZ,85281,6022741952,2022-07-18,Not stated in NPPES — call to verify,CMS NPPES via Affine
1386993004,"Valley Care & Enrichment Services, Inc",Other care,,,Tempe,AZ,85282,6024370106,2012-09-10,Not stated in NPPES — call to verify,CMS NPPES via Affine
1861170078,Valley Care Clinic Pllc,Clinic / primary care,Primary Care,,Tempe,AZ,85282,4804990102,2023-09-10,Not stated in NPPES — call to verify,CMS NPPES via Affine
1457664252,Valley Care Medical Transportation,Other care,,"2121 S 48TH ST, SUITE 104",Tempe,AZ,85282,6024370106,2010-07-21,Not stated in NPPES — call to verify,CMS NPPES via Affine
1508072851,Valley Dental L.L.C.,Dental,,"953 E ELLIOT RD, SUITE 102",Tempe,AZ,85284,4808397996,2020-08-22,Not stated in NPPES — call to verify,CMS NPPES via Affine
1174753388,"Valley Health, Pllc.",Other care,,"2034 E SOUTHERN AVE, SUITE M",Tempe,AZ,85282,4808317601,2009-07-22,Not stated in NPPES — call to verify,CMS NPPES via Affine
1699830570,Valley Medical Group Inc,Other care,,"2034 E SOUTHERN AVE, SUITE M",Tempe,AZ,85282,8008362904,2020-08-22,Not stated in NPPES — call to verify,CMS NPPES via Affine
1760110258,Valley Oasis Wellness Llc,Other care,,,Tempe,AZ,85281,6233268948,2022-08-11,Not stated in NPPES — call to verify,CMS NPPES via Affine
1205613486,Valley Of Sun Rebirth Care Llc,Other care,,,Tempe,AZ,85284,6023204589,2023-09-12,Not stated in NPPES — call to verify,CMS NPPES via Affine
1255626651,Valley Orthodontic Group Llc,Dental,Orthodontics and Dentofacial Orthopedics,"522 W. FIRST ST, UNIT 101",Tempe,AZ,85281,5204907864,2011-06-14,Not stated in NPPES — call to verify,CMS NPPES via Affine
1962850370,Valley Primary Care Group Llc,Clinic / primary care,Adult Medicine,,Tempe,AZ,85282,4804245228,2016-05-25,Not stated in NPPES — call to verify,CMS NPPES via Affine
1194880070,Valley Seniors Inc,Other care,,"2034 E SOUTHERN AVE, STE 210",Tempe,AZ,85282,8008362904,2020-08-22,Not stated in NPPES — call to verify,CMS NPPES via Affine
1891459517,Valley Wellness Laboratories Llc,Clinic / primary care,,,Tempe,AZ,85284,4808973300,2021-10-28,Not stated in NPPES — call to verify,CMS NPPES via Affine
1740465178,Valleylife,Other care,,"430 S ROCKFORD DR, STE 109",Tempe,AZ,85281,4809671014,2022-07-21,Not stated in NPPES — call to verify,CMS NPPES via Affine
1841749090,"Value Dental Center Tempe Az, Llc",Clinic / primary care,Dental,,Tempe,AZ,85284,4806264888,2016-10-26,Not stated in NPPES — call to verify,CMS NPPES via Affine
1215363247,"Van Quoc Nguyen, Dpt",Other care,,"1805 N SCOTTSDALE RD, STE 2",Tempe,AZ,85281,4809414169,2026-06-01,Not stated in NPPES — call to verify,CMS NPPES via Affine
1679534820,"Vandana Sinha, M.D.",Clinic / primary care,,,Tempe,AZ,85281,4809653346,2026-07-13,Not stated in NPPES — call to verify,CMS NPPES via Affine
1972289221,"Vanessa L Valdez, Bs, Rbt",Behavioral health,,,Tempe,AZ,85284,4806720536,2023-06-22,Not stated in NPPES — call to verify,CMS NPPES via Affine
1073725206,"Vanessa Lynn Scott, Pharmd",Pharmacy,,"51 W 3RD ST, SUITE 501",Tempe,AZ,85281,4803176780,2007-07-08,Not stated in NPPES — call to verify,CMS NPPES via Affine
1831735208,Vanessa Michelle Webber,Behavioral health,,,Tempe,AZ,85284,6026665101,2019-11-20,Not stated in NPPES — call to verify,CMS NPPES via Affine
1801567250,Vanessa Reynolds,Behavioral health,,,Tempe,AZ,85283,4802834674,2021-09-24,Not stated in NPPES — call to verify,CMS NPPES via Affine
1982190096,Vanessa Strom,Behavioral health,,,Tempe,AZ,85282,8667278274,2018-07-02,Not stated in NPPES — call to verify,CMS NPPES via Affine
1487548939,"Vanessa Van Dyke, Lpc",Behavioral health,Professional,,Tempe,AZ,85284,4806560500,2025-06-06,Not stated in NPPES — call to verify,CMS NPPES via Affine
1144960402,"Vanessa Zweifel, Lac",Behavioral health,Professional,,Tempe,AZ,85283,4804893925,2022-04-01,Not stated in NPPES — call to verify,CMS NPPES via Affine
1518876903,Vanguard Anesthesia Pllc,Other care,,,Tempe,AZ,85282,4804252160,2026-09-02,Not stated in NPPES — call to verify,CMS NPPES via Affine
1235607490,"Vanya R Roberts, Pa-C",Clinic / primary care,Medical,,Tempe,AZ,85283,4806778282,2026-01-08,Not stated in NPPES — call to verify,CMS NPPES via Affine
1265759484,Vascular Surgical Associates,Other care,Vascular Surgery,"2055 EAST SOUTHERN AVENUE, SUITE A",Tempe,AZ,85282,4804402052,2011-05-31,Not stated in NPPES — call to verify,CMS NPPES via Affine
1386056224,"Vasiliki Bilitsis, Slpa",Other care,Speech-Language Assistant,,Tempe,AZ,85284,4806345038,2014-05-27,Not stated in NPPES — call to verify,CMS NPPES via Affine
1831957836,Veins And Vascular Centers Of Excellence,Other care,,,Tempe,AZ,85283,4808607310,2025-04-16,Not stated in NPPES — call to verify,CMS NPPES via Affine
1588070239,"Venkatanarayanan Ganapathy, Md",Other care,Orthopaedic Surgery of the Spine,,Tempe,AZ,85281,4809620071,2024-05-08,Not stated in NPPES — call to verify,CMS NPPES via Affine
1679195879,"Verity Health, Llc",Behavioral health,Adult Mental Health,"2039 S MILL AVE STE C, RM 22",Tempe,AZ,85282,6028884464,2024-06-27,Not stated in NPPES — call to verify,CMS NPPES via Affine
1174996631,"Vernie Phillips, Iii",Other care,,"1400 E SOUTHERN AVE, 310",Tempe,AZ,85282,6025679881,2015-11-05,Not stated in NPPES — call to verify,CMS NPPES via Affine
1972051761,Veronica Castro,Other care,School,,Tempe,AZ,85282,6024316640,2016-09-21,Not stated in NPPES — call to verify,CMS NPPES via Affine
1568033454,"Veronica Steinhoff, Bcba, Lba",Behavioral health,,,Tempe,AZ,85284,4806720536,2025-11-04,Not stated in NPPES — call to verify,CMS NPPES via Affine
1245039312,"Veronica Villarreal, Lmsw",Behavioral health,,,Tempe,AZ,85282,4802349256,2025-03-11,Not stated in NPPES — call to verify,CMS NPPES via Affine
1902617384,Veteran Memorial Hospice Llc,Other care,,,Tempe,AZ,85282,6235653922,2025-01-15,Not stated in NPPES — call to verify,CMS NPPES via Affine
1427994086,Veterans Affinity Hospice Llc,Other care,,,Tempe,AZ,85282,7144029866,2026-04-27,Not stated in NPPES — call to verify,CMS NPPES via Affine
1619441466,Vhc Iii Llc,Clinic / primary care,Ambulatory Surgical,,Tempe,AZ,85283,6029030360,2026-05-12,Not stated in NPPES — call to verify,CMS NPPES via Affine
1831668367,"Vhc- Ii, Llc",Clinic / primary care,Ambulatory Surgical,,Tempe,AZ,85283,6023138015,2026-05-12,Not stated in NPPES — call to verify,CMS NPPES via Affine
1457976383,Vhc-I,Clinic / primary care,Ambulatory Surgical,,Tempe,AZ,85283,6027534133,2026-05-12,Not stated in NPPES — call to verify,CMS NPPES via Affine
1205502440,Vhc-V Llc,Clinic / primary care,Ambulatory Surgical,,Tempe,AZ,85283,6027534133,2026-05-12,Not stated in NPPES — call to verify,CMS NPPES via Affine
1578337036,Vhc-Vi,Clinic / primary care,Ambulatory Surgical,,Tempe,AZ,85283,6029030360,2026-05-12,Not stated in NPPES — call to verify,CMS NPPES via Affine
1942774856,Vianei Oros Zamudio,Behavioral health,,,Tempe,AZ,85282,8667278274,2019-01-14,Not stated in NPPES — call to verify,CMS NPPES via Affine
1710414503,"Vicki Lynn Stevenson, Lmsw",Behavioral health,,,Tempe,AZ,85282,4807180568,2020-11-30,Not stated in NPPES — call to verify,CMS NPPES via Affine
1740698828,"Victor Galdos, Rrt,Crt.",Other care,,,Tempe,AZ,85281,6232371922,2014-08-01,Not stated in NPPES — call to verify,CMS NPPES via Affine
1831169747,"Victor Rosen, Od",Other care,,,Tempe,AZ,85283,4803455000,2007-07-08,Not stated in NPPES — call to verify,CMS NPPES via Affine
1407549603,Victor Wood,Behavioral health,,,Tempe,AZ,85281,8552237123,2023-06-01,Not stated in NPPES — call to verify,CMS NPPES via Affine
1194462341,Victoria Alvarez,Other care,,,Tempe,AZ,85284,4805537153,2022-05-18,Not stated in NPPES — call to verify,CMS NPPES via Affine
1568817237,Victoria Dulles,Other care,Speech-Language Assistant,"154 WEST 5TH STREET, UNIT 130",Tempe,AZ,85281,5204004637,2016-06-26,Not stated in NPPES — call to verify,CMS NPPES via Affine
1245083302,Victoria Jones,Behavioral health,,,Tempe,AZ,85281,8552237123,2024-09-19,Not stated in NPPES — call to verify,CMS NPPES via Affine
1457998536,"Victoria Palomares, Lpc",Behavioral health,Mental Health,,Tempe,AZ,85282,4808040326,2025-01-23,Not stated in NPPES — call to verify,CMS NPPES via Affine
1255944393,Victoria Rose Fallon,Other care,,,Tempe,AZ,85282,4807307100,2020-08-28,Not stated in NPPES — call to verify,CMS NPPES via Affine
1437915154,Victoria Valenzuela,Other care,,,Tempe,AZ,85284,4803744341,2024-02-21,Not stated in NPPES — call to verify,CMS NPPES via Affine
1063100949,Victorian Homes Adult Care Llc.,Other care,,,Tempe,AZ,85282,4805905644,2025-10-29,Not stated in NPPES — call to verify,CMS NPPES via Affine
1689506024,Victory Primary Care,Clinic / primary care,Hospice and Palliative Medicine,,Tempe,AZ,85283,8186018016,2026-06-01,Not stated in NPPES — call to verify,CMS NPPES via Affine
1306577721,Vigilance Anesthesiology Physician Resources Pllc,Other care,,,Tempe,AZ,85282,4804252160,2022-06-17,Not stated in NPPES — call to verify,CMS NPPES via Affine
1457113375,Viltality Care Pllc,Behavioral health,Psychiatric/Mental Health,,Tempe,AZ,85283,4698776078,2024-02-07,Not stated in NPPES — call to verify,CMS NPPES via Affine
1235781865,"Vince Toivo Mikkola, Lpc",Behavioral health,,,Tempe,AZ,85282,4803315017,2019-10-06,Not stated in NPPES — call to verify,CMS NPPES via Affine
1134916703,"Vincent Joseph Maldonado, Mba, M.Sc",Other care,,,Tempe,AZ,85281,6233059955,2026-07-06,Not stated in NPPES — call to verify,CMS NPPES via Affine
1619577723,"Vipulkumar Devani, Aprn-Cnp",Behavioral health,Psychiatric/Mental Health,,Tempe,AZ,85282,3465004514,2024-08-29,Not stated in NPPES — call to verify,CMS NPPES via Affine
1548843352,"Virginia Leigh Butler, Fnp",Clinic / primary care,Family,"4041 SOUTH MCCLINTOCK DRIVE, SUITE 302",Tempe,AZ,85282,4803391780,2022-10-19,Not stated in NPPES — call to verify,CMS NPPES via Affine
1174096465,"Virtis Health, Llc",Clinic / primary care,Family,,Tempe,AZ,85281,4804483999,2022-09-27,Not stated in NPPES — call to verify,CMS NPPES via Affine
1871094920,"Virtis Health, Llc",Clinic / primary care,Family,,Tempe,AZ,85281,6022927232,2022-09-27,Not stated in NPPES — call to verify,CMS NPPES via Affine
1881168656,Virtuous Anesthesia,Other care,,,Tempe,AZ,85283,6029030360,2026-05-12,Not stated in NPPES — call to verify,CMS NPPES via Affine
1720549090,"Virtuous Medical Associates, Llc",Other care,,,Tempe,AZ,85283,6026030360,2026-05-12,Not stated in NPPES — call to verify,CMS NPPES via Affine
1841014388,Vision Express Enterprises,Other care,Optician,,Tempe,AZ,85282,4807977066,2024-11-12,Not stated in NPPES — call to verify,CMS NPPES via Affine
1649656885,"Visionworks, Inc",Other care,,"2020 E RIO SALADO PKWY, SUITE 101",Tempe,AZ,85281,4809670563,2015-08-10,Not stated in NPPES — call to verify,CMS NPPES via Affine
1245047737,Visit Healthcare,Clinic / primary care,"Rehabilitation, Substance Use Disorder",,Tempe,AZ,85283,6503310134,2024-12-17,Not stated in NPPES — call to verify,CMS NPPES via Affine
1417582875,Vista Healthcare Llc,Other care,Pain Medicine,,Tempe,AZ,85284,4808973300,2020-03-05,Not stated in NPPES — call to verify,CMS NPPES via Affine
1326861923,Vital Medical Transportation Llc,Other care,,,Tempe,AZ,85282,4807123334,2024-11-04,Not stated in NPPES — call to verify,CMS NPPES via Affine
1669760203,Vitality Internal Medicine - Tempe Llc,Clinic / primary care,Primary Care,,Tempe,AZ,85282,4804568981,2011-07-18,Not stated in NPPES — call to verify,CMS NPPES via Affine
1104365089,"Vivianne Swart, R.D.",Other care,,"950 W ELLIOT RD, SUITE 201",Tempe,AZ,85284,4803030844,2017-02-13,Not stated in NPPES — call to verify,CMS NPPES via Affine
1154089696,"Vividly Vitality Mentoring & Counsel, Llc",Behavioral health,Mental Health,,Tempe,AZ,85281,4804828647,2021-12-01,Not stated in NPPES — call to verify,CMS NPPES via Affine
1538221700,Volunteers Of America Care Facilities,Other care,,,Tempe,AZ,85283,4808979130,2021-02-05,Not stated in NPPES — call to verify,CMS NPPES via Affine
1790846855,Volunteers Of America Care Facilities,Other care,,,Tempe,AZ,85283,4808318660,2021-02-05,Not stated in NPPES — call to verify,CMS NPPES via Affine
1376206771,Voyage Medical Services,Clinic / primary care,,,Tempe,AZ,85282,4806850930,2023-09-06,Not stated in NPPES — call to verify,CMS NPPES via Affine
1376017020,Vpa Pc,Other care,,,Tempe,AZ,85282,4809776000,2019-01-16,Not stated in NPPES — call to verify,CMS NPPES via Affine
1487538294,Vs Anesthesia Services Pllc,Other care,,,Tempe,AZ,85282,4804252160,2025-12-29,Not stated in NPPES — call to verify,CMS NPPES via Affine
1386003754,Vyas Anesthesia Pllc,Other care,,"2421 E SOUTHERN AVE, SUITE 1",Tempe,AZ,85282,4804252160,2016-02-15,Not stated in NPPES — call to verify,CMS NPPES via Affine
1255246799,W'drive Llc,Other care,,,Tempe,AZ,85284,6787259689,2026-08-18,Not stated in NPPES — call to verify,CMS NPPES via Affine
1801612387,"Wakana Maeta, Mat, Lat, Atc",Other care,Athletic Trainer,,Tempe,AZ,85281,2092858230,2024-11-29,Not stated in NPPES — call to verify,CMS NPPES via Affine
1093055147,"Wal-Mart Stores, Inc",Pharmacy,Community/Retail Pharmacy,"671 E APACHE BLVD, SUITE 128",Tempe,AZ,85281,4809672307,2013-02-27,Not stated in NPPES — call to verify,CMS NPPES via Affine
1497760730,Walgreen Co,Pharmacy,,,Tempe,AZ,85284,4808209984,2025-06-17,Not stated in NPPES — call to verify,CMS NPPES via Affine
1376559922,Walgreen Co,Pharmacy,,,Tempe,AZ,85282,4808383642,2025-08-01,Not stated in NPPES — call to verify,CMS NPPES via Affine
1861021495,Walgreen Co,Pharmacy,,,Tempe,AZ,85281,4802826344,2022-06-14,Not stated in NPPES — call to verify,CMS NPPES via Affine
1528073863,Walgreen Co,Pharmacy,,,Tempe,AZ,85282,4809218013,2025-06-25,Not stated in NPPES — call to verify,CMS NPPES via Affine
1457366783,Walgreen Co,Pharmacy,,,Tempe,AZ,85283,4808389200,2025-06-17,Not stated in NPPES — call to verify,CMS NPPES via Affine
1972519338,Walgreen Co,Pharmacy,,,Tempe,AZ,85283,4808201990,2025-03-27,Not stated in NPPES — call to verify,CMS NPPES via Affine
1588072672,Walgreens,Pharmacy,,,Tempe,AZ,85282,4808383642,2014-08-01,Not stated in NPPES — call to verify,CMS NPPES via Affine
1164437406,Walgreens Mail Service Llc,Pharmacy,Mail Order Pharmacy,,Tempe,AZ,85284,4807521899,2025-07-31,Not stated in NPPES — call to verify,CMS NPPES via Affine
1255111894,"Walkiria Dairis Marte-Taveras, Nd",Other care,,,Tempe,AZ,85282,4809991717,2023-10-02,Not stated in NPPES — call to verify,CMS NPPES via Affine
1922334119,"Wallace Martin Miller, M.S.",Behavioral health,School,"2130 E HOWE AVE, THEW ELEMENTARY SCHOOL",Tempe,AZ,85281,4807307000,2009-10-23,Not stated in NPPES — call to verify,CMS NPPES via Affine
1871989087,Walmart,Clinic / primary care,Community Health,,Tempe,AZ,85282,4809662791,2015-04-14,Not stated in NPPES — call to verify,CMS NPPES via Affine
1881824183,Walmart Inc.,Pharmacy,Community/Retail Pharmacy,,Tempe,AZ,85282,4809662791,2025-06-16,Not stated in NPPES — call to verify,CMS NPPES via Affine
1063439271,Walmart Inc.,Pharmacy,Community/Retail Pharmacy,,Tempe,AZ,85284,4803451114,2025-06-17,Not stated in NPPES — call to verify,CMS NPPES via Affine
1720168628,"Walmart Stores, Inc.",Other care,,,Tempe,AZ,85284,4803458686,2025-09-11,Not stated in NPPES — call to verify,CMS NPPES via Affine
1295559441,Wanderist Behavioral Health Pllc,Behavioral health,Psychiatric/Mental Health,,Tempe,AZ,85282,6265158875,2024-11-14,Not stated in NPPES — call to verify,CMS NPPES via Affine
1093404832,Warriors Wellness Llc,Behavioral health,Mental Health (Including Community Mental Health Center),,Tempe,AZ,85282,6022441358,2023-12-16,Not stated in NPPES — call to verify,CMS NPPES via Affine
1487546958,Water Lily Health & Wellness Llc,Behavioral health,Professional,,Tempe,AZ,85282,4805147766,2025-07-17,Not stated in NPPES — call to verify,CMS NPPES via Affine
1265382055,Wavecrest Health Services Llc,Behavioral health,Addiction (Substance Use Disorder),,Tempe,AZ,85282,5402887716,2026-01-30,Not stated in NPPES — call to verify,CMS NPPES via Affine
1477217354,"Wayne Ronald Bishop, Ma, Lac",Behavioral health,Professional,,Tempe,AZ,85282,6028889167,2021-10-26,Not stated in NPPES — call to verify,CMS NPPES via Affine
1427646256,Weekend Dental Care Tempe Llc,Clinic / primary care,Dental,,Tempe,AZ,85282,4808688951,2021-01-07,Not stated in NPPES — call to verify,CMS NPPES via Affine
1477591402,Weight Loss Institute Of Arizona Llc,Other care,,"1492 S MILL AVE, SUITE 201",Tempe,AZ,85281,4808296100,2020-08-22,Not stated in NPPES — call to verify,CMS NPPES via Affine
1932486685,Weight Loss Surgical Associates,Other care,,,Tempe,AZ,85282,4808296100,2012-02-07,Not stated in NPPES — call to verify,CMS NPPES via Affine
1396194965,"Weight Loss Surgical Institute, Plc",Other care,,,Tempe,AZ,85282,4808296100,2016-06-06,Not stated in NPPES — call to verify,CMS NPPES via Affine
1750184107,Wellaris Health Pllc,Other care,Psychiatry,,Tempe,AZ,85284,3082244101,2025-03-31,Not stated in NPPES — call to verify,CMS NPPES via Affine
1659942670,Wellbe Arizona Pc,Clinic / primary care,,,Tempe,AZ,85281,3127762410,2021-07-09,Not stated in NPPES — call to verify,CMS NPPES via Affine
1740447085,"Wellcare Health Insurance Of Arizona, Inc.",Other care,,,Tempe,AZ,85281,8334449088,2026-02-22,Not stated in NPPES — call to verify,CMS NPPES via Affine
1174706832,Wellness & Excellence Rehab Center,Other care,,"209 E BASELINE RD, SUITE 107",Tempe,AZ,85283,4803452664,2007-12-17,Not stated in NPPES — call to verify,CMS NPPES via Affine
1851147151,Wellness Ready,Clinic / primary care,,,Tempe,AZ,85281,9285502973,2024-07-29,Not stated in NPPES — call to verify,CMS NPPES via Affine
1417459561,Welsh Company Llc,Clinic / primary care,Primary Care,,Tempe,AZ,85284,4808485411,2018-03-05,Not stated in NPPES — call to verify,CMS NPPES via Affine
1427771690,"Wendi Hammons, Rn",Other care,Community Health,,Tempe,AZ,85282,5202337111,2022-09-22,Not stated in NPPES — call to verify,CMS NPPES via Affine
1790116945,"Wendy L. Aragaki, Fnp-C",Behavioral health,Psychiatric/Mental Health,,Tempe,AZ,85288,9282727224,2026-04-29,Not stated in NPPES — call to verify,CMS NPPES via Affine
1023840642,Wesley Anne Shamblen,Behavioral health,,,Tempe,AZ,85281,4808630763,2024-12-23,Not stated in NPPES — call to verify,CMS NPPES via Affine
1376649376,"Wesley G Perdue, Ms, Lpc",Behavioral health,Professional,,Tempe,AZ,85281,4809656146,2012-02-27,Not stated in NPPES — call to verify,CMS NPPES via Affine
1275037897,Wesley Vo,Pharmacy,Pharmacist Clinician (PhC)/ Clinical Pharmacy Specialist,,Tempe,AZ,85288,6027353951,2025-08-28,Not stated in NPPES — call to verify,CMS NPPES via Affine
1376908996,Westchester Tbi Home Care Llc,Other care,,,Tempe,AZ,85283,4802752221,2015-12-25,Not stated in NPPES — call to verify,CMS NPPES via Affine
1316560188,Western Canal Healthcare Llc,Other care,,,Tempe,AZ,85283,4808318660,2022-07-20,Not stated in NPPES — call to verify,CMS NPPES via Affine
1902408313,Western Canal Healthcare Llc,Clinic / primary care,"Rehabilitation, Comprehensive Outpatient Rehabilitation Facility (CORF)",,Tempe,AZ,85283,4808318660,2022-07-20,Not stated in NPPES — call to verify,CMS NPPES via Affine
1639791890,Western Canal Healthcare Llc,Other care,,,Tempe,AZ,85283,4808318660,2022-07-20,Not stated in NPPES — call to verify,CMS NPPES via Affine
1346501079,"Western Dental Of Arizona, Inc.",Dental,,,Tempe,AZ,85284,4808456625,2012-05-29,Not stated in NPPES — call to verify,CMS NPPES via Affine
1730506437,White Cranes Medical Center,Other care,,,Tempe,AZ,85282,4807044540,2014-03-21,Not stated in NPPES — call to verify,CMS NPPES via Affine
1437575545,White Cranes Medical Center Incorporated,Other care,,,Tempe,AZ,85282,4807044540,2014-08-21,Not stated in NPPES — call to verify,CMS NPPES via Affine
1639099435,Whitney Keller,Behavioral health,Mental Health,,Tempe,AZ,85282,4805307581,2026-07-20,Not stated in NPPES — call to verify,CMS NPPES via Affine
1205537693,Wild & Well Recovery Llc,Behavioral health,Rehabilitation,,Tempe,AZ,85288,4356696669,2023-03-14,Not stated in NPPES — call to verify,CMS NPPES via Affine
1295460566,"Wild Willow Counseling, Pllc",Behavioral health,,,Tempe,AZ,85282,6237779696,2022-07-20,Not stated in NPPES — call to verify,CMS NPPES via Affine
1013500651,Wildflower Wellness Therapy,Other care,,,Tempe,AZ,85282,2072791336,2021-02-15,Not stated in NPPES — call to verify,CMS NPPES via Affine
1972226587,"Wilfredo Alberto Concio, Fnp-C",Clinic / primary care,Family,,Tempe,AZ,85282,4804990102,2023-10-20,Not stated in NPPES — call to verify,CMS NPPES via Affine
1902543150,Will Barfield,Behavioral health,,,Tempe,AZ,85284,4805537153,2022-05-18,Not stated in NPPES — call to verify,CMS NPPES via Affine
1669066122,"William Alkhoury, Ma, Lpc",Behavioral health,Mental Health,,Tempe,AZ,85281,6023695303,2021-02-25,Not stated in NPPES — call to verify,CMS NPPES via Affine
1255467627,"William B Blocher, Dds",Dental,,"1455 E GUADALUPE ROAD, SUITE 1",Tempe,AZ,85283,4808316440,2007-07-08,Not stated in NPPES — call to verify,CMS NPPES via Affine
1154829372,"William Bleecker, Cota/L",Other care,,,Tempe,AZ,85282,8772790891,2018-01-23,Not stated in NPPES — call to verify,CMS NPPES via Affine
1164492328,"William Conrad Nordlie, Md",Other care,,,Tempe,AZ,85282,4804252160,2022-12-09,Not stated in NPPES — call to verify,CMS NPPES via Affine
1780271999,William Nordlie Md Pllc,Other care,,,Tempe,AZ,85282,6232331441,2022-12-09,Not stated in NPPES — call to verify,CMS NPPES via Affine
1225104904,"William R Barnes Jr., Pta",Other care,,,Tempe,AZ,85283,4808398552,2013-01-23,Not stated in NPPES — call to verify,CMS NPPES via Affine
1033722160,William Sipowicz,Behavioral health,Mental Health,,Tempe,AZ,85283,4805250058,2020-08-28,Not stated in NPPES — call to verify,CMS NPPES via Affine
1619095577,Williams B Blocher Dds Pc,Dental,,"1455 E GUADALUPE RD, SUITE #1",Tempe,AZ,85283,4808316440,2020-08-22,Not stated in NPPES — call to verify,CMS NPPES via Affine
1548657802,"Willie Benjamin Ballou, Np-C",Clinic / primary care,,,Tempe,AZ,85282,5202337111,2021-07-07,Not stated in NPPES — call to verify,CMS NPPES via Affine
1043965833,Willow & Sprig,Behavioral health,Mental Health (Including Community Mental Health Center),,Tempe,AZ,85282,6028628926,2022-08-30,Not stated in NPPES — call to verify,CMS NPPES via Affine
1073352332,Willow Stream Llc,Behavioral health,Mental Health (Including Community Mental Health Center),,Tempe,AZ,85285,8446472926,2024-05-24,Not stated in NPPES — call to verify,CMS NPPES via Affine
1619798196,"With An Open Heart, Llc.",Behavioral health,Clinical,,Tempe,AZ,85282,4802349256,2026-01-23,Not stated in NPPES — call to verify,CMS NPPES via Affine
1134521263,"Wliaz Support Group, Plc",Other care,,,Tempe,AZ,85282,4808296100,2014-09-19,Not stated in NPPES — call to verify,CMS NPPES via Affine
1417790965,Women's Health Innovations Of Arizona,Behavioral health,Adult Mental Health,,Tempe,AZ,85284,4803397119,2024-06-13,Not stated in NPPES — call to verify,CMS NPPES via Affine
1093419699,Woodtransportation,Other care,,,Tempe,AZ,85281,3134523415,2023-03-28,Not stated in NPPES — call to verify,CMS NPPES via Affine
1386113538,Wound Care Associates Llc,Other care,,,Tempe,AZ,85282,4806254704,2018-11-16,Not stated in NPPES — call to verify,CMS NPPES via Affine
1285440461,Wound Care Health Group,Clinic / primary care,Adult Day Care,,Tempe,AZ,85282,6023414466,2024-12-03,Not stated in NPPES — call to verify,CMS NPPES via Affine
1275323339,Woundcare Pros,Clinic / primary care,Family,,Tempe,AZ,85284,3174525537,2025-05-15,Not stated in NPPES — call to verify,CMS NPPES via Affine
1679262695,Wright Light Llc,Behavioral health,Counseling,,Tempe,AZ,85288,6027035100,2023-05-04,Not stated in NPPES — call to verify,CMS NPPES via Affine
1912898958,Wrright Family Medicine,Clinic / primary care,Primary Care,,Tempe,AZ,85283,6026956355,2026-03-13,Not stated in NPPES — call to verify,CMS NPPES via Affine
1467688374,"Yadira Davis, Lcsw",Behavioral health,Clinical,,Tempe,AZ,85282,4808040326,2025-05-06,Not stated in NPPES — call to verify,CMS NPPES via Affine
1285409037,Yamilet Monroy,Other care,,,Tempe,AZ,85281,4804171969,2023-11-21,Not stated in NPPES — call to verify,CMS NPPES via Affine
1952029324,"Yana Alexander, Np",Clinic / primary care,Family,,Tempe,AZ,85282,4806817979,2024-07-24,Not stated in NPPES — call to verify,CMS NPPES via Affine
1245850189,Yang Internal Medicine Service,Clinic / primary care,Health Service,,Tempe,AZ,85281,4807845500,2020-04-21,Not stated in NPPES — call to verify,CMS NPPES via Affine
1417723511,"Yaninn Pamela Benoit, Lmsw",Behavioral health,,,Tempe,AZ,85282,4809991190,2023-11-29,Not stated in NPPES — call to verify,CMS NPPES via Affine
1043191083,"Yaqqira Hana-Michelle Womack, N.M.D.",Other care,,,Tempe,AZ,85282,6789136001,2025-09-08,Not stated in NPPES — call to verify,CMS NPPES via Affine
1750790879,Yara Salem,Dental,,,Tempe,AZ,85282,7134743279,2020-10-18,Not stated in NPPES — call to verify,CMS NPPES via Affine
1881351187,"Yarmoni Yharbough, Pmhnp-Bc",Behavioral health,Psychiatric/Mental Health,,Tempe,AZ,85283,4804911898,2022-04-11,Not stated in NPPES — call to verify,CMS NPPES via Affine
1558805655,"Yasamin Nejat, Pharmd",Pharmacy,,,Tempe,AZ,85283,4808979774,2016-12-07,Not stated in NPPES — call to verify,CMS NPPES via Affine
1053336644,"Yasmin Amin, Md",Other care,,"2000 E SOUTHERN AVE, 102",Tempe,AZ,85282,4808209141,2010-07-30,Not stated in NPPES — call to verify,CMS NPPES via Affine
1801923800,"Yehia Imam, Dds Pc",Dental,General Practice,"2034 E SOUTHERN AVE, SUITE A",Tempe,AZ,85282,4807758056,2013-03-14,Not stated in NPPES — call to verify,CMS NPPES via Affine
1972847598,"Yen Hong Luu, P.A.",Clinic / primary care,Medical,"4630 S LAKESHORE DR, APT 105",Tempe,AZ,85282,6232979822,2016-05-02,Not stated in NPPES — call to verify,CMS NPPES via Affine
1114669744,Yesenia Rodriguez Garcia,Behavioral health,,,Tempe,AZ,85283,4804893925,2022-04-13,Not stated in NPPES — call to verify,CMS NPPES via Affine
1710756051,Yolette Johnson,Behavioral health,Mental Health,,Tempe,AZ,85282,4808040326,2023-12-28,Not stated in NPPES — call to verify,CMS NPPES via Affine
1194551390,You Are Family Primary Care Llc,Clinic / primary care,,,Tempe,AZ,85283,4808383100,2024-09-13,Not stated in NPPES — call to verify,CMS NPPES via Affine
1538686431,"Youth World Education Project, Inc",Other care,,,Tempe,AZ,85282,4808318727,2017-08-23,Not stated in NPPES — call to verify,CMS NPPES via Affine
1144528472,"Yu-Chieh Chang, Mm, Mt-Bc, Nmt",Other care,,,Tempe,AZ,85281,4809651082,2011-03-10,Not stated in NPPES — call to verify,CMS NPPES via Affine
1124447180,"Yue Zong, M.D.",Other care,Child & Adolescent Psychiatry,,Tempe,AZ,85288,7025894871,2026-02-05,Not stated in NPPES — call to verify,CMS NPPES via Affine
1972257897,Yuri Salinas,Behavioral health,,,Tempe,AZ,85283,6026862643,2022-02-09,Not stated in NPPES — call to verify,CMS NPPES via Affine
1972150530,Yvonne Gordon,Behavioral health,Clinical,,Tempe,AZ,85281,4246255775,2024-12-17,Not stated in NPPES — call to verify,CMS NPPES via Affine
1659033413,"Zabeba Sado Badada, Lcsw",Behavioral health,Clinical,,Tempe,AZ,85282,6053709790,2023-06-27,Not stated in NPPES — call to verify,CMS NPPES via Affine
1992442149,Zach Evans,Behavioral health,,,Tempe,AZ,85284,4805537153,2022-05-18,Not stated in NPPES — call to verify,CMS NPPES via Affine
1750124715,"Zachary Gage Nussbaum, Pa-C",Clinic / primary care,,,Tempe,AZ,85281,4805080882,2025-08-14,Not stated in NPPES — call to verify,CMS NPPES via Affine
1285977959,"Zachary L Ross, Lmsw",Behavioral health,Clinical,"2120 S MCCLINTOCK DR, SUITE 105",Tempe,AZ,85282,4808040326,2015-04-06,Not stated in NPPES — call to verify,CMS NPPES via Affine
1114602356,Zachary Robertson,Behavioral health,,,Tempe,AZ,85283,4804744226,2023-06-15,Not stated in NPPES — call to verify,CMS NPPES via Affine
1750157038,"Zachary Thomas Maheu, Bht",Behavioral health,,,Tempe,AZ,85282,4809991190,2023-11-28,Not stated in NPPES — call to verify,CMS NPPES via Affine
1790116986,"Zachary Wade Rathbun, Pta",Other care,,,Tempe,AZ,85282,8772790891,2013-12-12,Not stated in NPPES — call to verify,CMS NPPES via Affine
1407279417,"Zackary T Paustian, Lpc",Behavioral health,Professional,"2120 S MCCLINTOCK DR, SUITE 105",Tempe,AZ,85282,4808040326,2018-05-11,Not stated in NPPES — call to verify,CMS NPPES via Affine
1962592410,"Zaheer Ahmed Shah, Md",Clinic / primary care,,"2163 E BASELINE RD, STE 101",Tempe,AZ,85283,4806468123,2021-03-09,Not stated in NPPES — call to verify,CMS NPPES via Affine
1699323469,"Zakary Call, Pa-C",Clinic / primary care,,,Tempe,AZ,85282,4803786323,2024-11-18,Not stated in NPPES — call to verify,CMS NPPES via Affine
1518130491,"Zebra Medicine, Pllc",Clinic / primary care,Adult Medicine,"2055 E SOUTHERN AVE, SUITE H",Tempe,AZ,85282,4802845591,2011-08-07,Not stated in NPPES — call to verify,CMS NPPES via Affine
1215550124,"Zebunnessa Ahmed, Lcsw",Behavioral health,Clinical,,Tempe,AZ,85282,4808400326,2026-05-06,Not stated in NPPES — call to verify,CMS NPPES via Affine
1487336723,Zen Therapy Llc,Behavioral health,Clinical,,Tempe,AZ,85281,4802008234,2023-10-02,Not stated in NPPES — call to verify,CMS NPPES via Affine
1275834434,"Zena Z Alshukri, Dds",Dental,,"6200 S MCCLINTOCK DR, SUITE 114",Tempe,AZ,85283,3139839173,2014-01-07,Not stated in NPPES — call to verify,CMS NPPES via Affine
1316616352,Zenette Ikner,Behavioral health,Clinical,,Tempe,AZ,85282,5202337111,2021-09-13,Not stated in NPPES — call to verify,CMS NPPES via Affine
1053527671,"Zimmerman Speech Therapy, Inc.",Other care,,,Tempe,AZ,85282,6029192068,2020-08-27,Not stated in NPPES — call to verify,CMS NPPES via Affine
1225300734,"Zinzi A Raymond, Do, Llc",Other care,Psychiatry,,Tempe,AZ,85283,4803455420,2012-01-30,Not stated in NPPES — call to verify,CMS NPPES via Affine
1508732165,Zipporah Hezekiah Jackson,Behavioral health,Clinical,,Tempe,AZ,85283,7733107421,2025-11-21,Not stated in NPPES — call to verify,CMS NPPES via Affine
1659754141,"Zl Partners, Llc",Other care,,,Tempe,AZ,85284,4808138400,2015-07-02,Not stated in NPPES — call to verify,CMS NPPES via Affine
1285260695,Zspot Llc,Clinic / primary care,,,Tempe,AZ,85281,6027035100,2020-03-17,Not stated in NPPES — call to verify,CMS NPPES via Affine
